{
  "type": "FeatureCollection",
  "generator": "overpass-turbo",
  "copyright": "The data included in this document is from www.openstreetmap.org. The data is made available under ODbL.",
  "timestamp": "2025-11-26T22:11:58Z",
  "features": [
    {
      "type": "Feature",
      "properties": {
        "@id": "relation/2912530",
        "landuse": "plant_nursery",
        "type": "multipolygon",
        "@geometry": "center"
      },
      "geometry": {
        "type": "Point",
        "coordinates": [
          10.7423077,
          43.8137431
        ]
      },
      "id": "relation/2912530"
    },
    {
      "type": "Feature",
      "properties": {
        "@id": "relation/3434670",
        "landuse": "plant_nursery",
        "type": "multipolygon",
        "@geometry": "center"
      },
      "geometry": {
        "type": "Point",
        "coordinates": [
          10.9152271,
          43.9175738
        ]
      },
      "id": "relation/3434670"
    },
    {
      "type": "Feature",
      "properties": {
        "@id": "relation/3693367",
        "landuse": "plant_nursery",
        "type": "multipolygon",
        "@geometry": "center"
      },
      "geometry": {
        "type": "Point",
        "coordinates": [
          10.8945111,
          43.9165022
        ]
      },
      "id": "relation/3693367"
    },
    {
      "type": "Feature",
      "properties": {
        "@id": "relation/3698208",
        "landuse": "plant_nursery",
        "type": "multipolygon",
        "@geometry": "center"
      },
      "geometry": {
        "type": "Point",
        "coordinates": [
          10.8959089,
          43.9105801
        ]
      },
      "id": "relation/3698208"
    },
    {
      "type": "Feature",
      "properties": {
        "@id": "relation/4048098",
        "landuse": "plant_nursery",
        "type": "multipolygon",
        "@geometry": "center"
      },
      "geometry": {
        "type": "Point",
        "coordinates": [
          10.9022084,
          43.9023259
        ]
      },
      "id": "relation/4048098"
    },
    {
      "type": "Feature",
      "properties": {
        "@id": "relation/4122991",
        "landuse": "plant_nursery",
        "type": "multipolygon",
        "@geometry": "center"
      },
      "geometry": {
        "type": "Point",
        "coordinates": [
          10.9090698,
          43.8867103
        ]
      },
      "id": "relation/4122991"
    },
    {
      "type": "Feature",
      "properties": {
        "@id": "relation/5694053",
        "landuse": "plant_nursery",
        "type": "multipolygon",
        "@geometry": "center"
      },
      "geometry": {
        "type": "Point",
        "coordinates": [
          10.9051795,
          43.908502
        ]
      },
      "id": "relation/5694053"
    },
    {
      "type": "Feature",
      "properties": {
        "@id": "relation/5735436",
        "landuse": "plant_nursery",
        "type": "multipolygon",
        "@geometry": "center"
      },
      "geometry": {
        "type": "Point",
        "coordinates": [
          10.8998604,
          43.9146536
        ]
      },
      "id": "relation/5735436"
    },
    {
      "type": "Feature",
      "properties": {
        "@id": "relation/5741956",
        "landuse": "plant_nursery",
        "type": "multipolygon",
        "@geometry": "center"
      },
      "geometry": {
        "type": "Point",
        "coordinates": [
          10.9735667,
          43.8678272
        ]
      },
      "id": "relation/5741956"
    },
    {
      "type": "Feature",
      "properties": {
        "@id": "relation/5741971",
        "landuse": "plant_nursery",
        "type": "multipolygon",
        "@geometry": "center"
      },
      "geometry": {
        "type": "Point",
        "coordinates": [
          11.0372414,
          43.8518916
        ]
      },
      "id": "relation/5741971"
    },
    {
      "type": "Feature",
      "properties": {
        "@id": "relation/5744055",
        "landuse": "plant_nursery",
        "type": "multipolygon",
        "@geometry": "center"
      },
      "geometry": {
        "type": "Point",
        "coordinates": [
          10.9966859,
          43.8500724
        ]
      },
      "id": "relation/5744055"
    },
    {
      "type": "Feature",
      "properties": {
        "@id": "relation/5748416",
        "landuse": "plant_nursery",
        "type": "multipolygon",
        "@geometry": "center"
      },
      "geometry": {
        "type": "Point",
        "coordinates": [
          10.972856,
          43.8912505
        ]
      },
      "id": "relation/5748416"
    },
    {
      "type": "Feature",
      "properties": {
        "@id": "relation/5753751",
        "landuse": "plant_nursery",
        "type": "multipolygon",
        "@geometry": "center"
      },
      "geometry": {
        "type": "Point",
        "coordinates": [
          10.9267026,
          43.9087797
        ]
      },
      "id": "relation/5753751"
    },
    {
      "type": "Feature",
      "properties": {
        "@id": "relation/5753752",
        "landuse": "plant_nursery",
        "type": "multipolygon",
        "@geometry": "center"
      },
      "geometry": {
        "type": "Point",
        "coordinates": [
          10.937969,
          43.9068471
        ]
      },
      "id": "relation/5753752"
    },
    {
      "type": "Feature",
      "properties": {
        "@id": "relation/5762268",
        "landuse": "plant_nursery",
        "type": "multipolygon",
        "@geometry": "center"
      },
      "geometry": {
        "type": "Point",
        "coordinates": [
          10.911043,
          43.9125575
        ]
      },
      "id": "relation/5762268"
    },
    {
      "type": "Feature",
      "properties": {
        "@id": "relation/5929908",
        "landuse": "plant_nursery",
        "type": "multipolygon",
        "@geometry": "center"
      },
      "geometry": {
        "type": "Point",
        "coordinates": [
          10.8869065,
          43.9361184
        ]
      },
      "id": "relation/5929908"
    },
    {
      "type": "Feature",
      "properties": {
        "@id": "relation/5935600",
        "landuse": "plant_nursery",
        "type": "multipolygon",
        "@geometry": "center"
      },
      "geometry": {
        "type": "Point",
        "coordinates": [
          10.9353267,
          43.9166927
        ]
      },
      "id": "relation/5935600"
    },
    {
      "type": "Feature",
      "properties": {
        "@id": "relation/5943749",
        "landuse": "plant_nursery",
        "type": "multipolygon",
        "@geometry": "center"
      },
      "geometry": {
        "type": "Point",
        "coordinates": [
          10.9756712,
          43.9254828
        ]
      },
      "id": "relation/5943749"
    },
    {
      "type": "Feature",
      "properties": {
        "@id": "relation/5982732",
        "landuse": "plant_nursery",
        "type": "multipolygon",
        "@geometry": "center"
      },
      "geometry": {
        "type": "Point",
        "coordinates": [
          10.7614595,
          43.8170061
        ]
      },
      "id": "relation/5982732"
    },
    {
      "type": "Feature",
      "properties": {
        "@id": "relation/5985935",
        "landuse": "plant_nursery",
        "type": "multipolygon",
        "@geometry": "center"
      },
      "geometry": {
        "type": "Point",
        "coordinates": [
          10.8942088,
          43.9537407
        ]
      },
      "id": "relation/5985935"
    },
    {
      "type": "Feature",
      "properties": {
        "@id": "relation/5985968",
        "landuse": "plant_nursery",
        "type": "multipolygon",
        "@geometry": "center"
      },
      "geometry": {
        "type": "Point",
        "coordinates": [
          10.8930198,
          43.9474775
        ]
      },
      "id": "relation/5985968"
    },
    {
      "type": "Feature",
      "properties": {
        "@id": "relation/6428900",
        "landuse": "plant_nursery",
        "type": "multipolygon",
        "@geometry": "center"
      },
      "geometry": {
        "type": "Point",
        "coordinates": [
          10.9301075,
          43.9375251
        ]
      },
      "id": "relation/6428900"
    },
    {
      "type": "Feature",
      "properties": {
        "@id": "relation/7540412",
        "addr:city": "Grosseto",
        "addr:country": "IT",
        "addr:postcode": "58100",
        "addr:street": "Località Casoni del Terzo",
        "landuse": "plant_nursery",
        "name": "Azienda Il Terzo Vivai e Piante",
        "operator": "Giorgio Tesi Group",
        "phone": "+39 0564 401091",
        "type": "multipolygon",
        "url": "https://www.giorgiotesigroup.it/it/produrre/il-terzo-roselle/",
        "@geometry": "center"
      },
      "geometry": {
        "type": "Point",
        "coordinates": [
          11.1022396,
          42.8231854
        ]
      },
      "id": "relation/7540412"
    },
    {
      "type": "Feature",
      "properties": {
        "@id": "relation/13241195",
        "landuse": "plant_nursery",
        "type": "multipolygon",
        "@geometry": "center"
      },
      "geometry": {
        "type": "Point",
        "coordinates": [
          11.1418038,
          42.7024913
        ]
      },
      "id": "relation/13241195"
    },
    {
      "type": "Feature",
      "properties": {
        "@id": "relation/13241255",
        "landuse": "plant_nursery",
        "type": "multipolygon",
        "@geometry": "center"
      },
      "geometry": {
        "type": "Point",
        "coordinates": [
          11.1432493,
          42.7033847
        ]
      },
      "id": "relation/13241255"
    },
    {
      "type": "Feature",
      "properties": {
        "@id": "relation/13242673",
        "landuse": "plant_nursery",
        "name": "Garden Albiati",
        "operator": "Azienda Florivivaistica Albiati",
        "phone": "+39 0564 405986",
        "type": "multipolygon",
        "website": "https://www.albiati.it/",
        "@geometry": "center"
      },
      "geometry": {
        "type": "Point",
        "coordinates": [
          11.1384,
          42.7023813
        ]
      },
      "id": "relation/13242673"
    },
    {
      "type": "Feature",
      "properties": {
        "@id": "relation/13325531",
        "landuse": "greenhouse_horticulture",
        "type": "multipolygon",
        "@geometry": "center"
      },
      "geometry": {
        "type": "Point",
        "coordinates": [
          11.0471603,
          42.8479848
        ]
      },
      "id": "relation/13325531"
    },
    {
      "type": "Feature",
      "properties": {
        "@id": "relation/13325534",
        "landuse": "greenhouse_horticulture",
        "type": "multipolygon",
        "@geometry": "center"
      },
      "geometry": {
        "type": "Point",
        "coordinates": [
          11.0625618,
          42.8468765
        ]
      },
      "id": "relation/13325534"
    },
    {
      "type": "Feature",
      "properties": {
        "@id": "relation/14482061",
        "landuse": "plant_nursery",
        "name": "Vivai Giorgio Tesi",
        "operator": "Giorgio Tesi Group",
        "type": "multipolygon",
        "website": "http://www.giorgiotesigroup.it",
        "@geometry": "center"
      },
      "geometry": {
        "type": "Point",
        "coordinates": [
          11.2493484,
          42.4536348
        ]
      },
      "id": "relation/14482061"
    },
    {
      "type": "Feature",
      "properties": {
        "@id": "relation/14577530",
        "landuse": "plant_nursery",
        "type": "multipolygon",
        "@geometry": "center"
      },
      "geometry": {
        "type": "Point",
        "coordinates": [
          11.0678235,
          42.8656697
        ]
      },
      "id": "relation/14577530"
    },
    {
      "type": "Feature",
      "properties": {
        "@id": "relation/14577531",
        "landuse": "plant_nursery",
        "type": "multipolygon",
        "@geometry": "center"
      },
      "geometry": {
        "type": "Point",
        "coordinates": [
          11.0698588,
          42.8659751
        ]
      },
      "id": "relation/14577531"
    },
    {
      "type": "Feature",
      "properties": {
        "@id": "relation/14577534",
        "landuse": "plant_nursery",
        "name": "Vivaio Le Gerlette 2",
        "type": "multipolygon",
        "@geometry": "center"
      },
      "geometry": {
        "type": "Point",
        "coordinates": [
          11.0685965,
          42.867915
        ]
      },
      "id": "relation/14577534"
    },
    {
      "type": "Feature",
      "properties": {
        "@id": "relation/14879704",
        "addr:city": "Grosseto",
        "addr:country": "IT",
        "addr:housenumber": "64",
        "addr:postcode": "58100",
        "addr:street": "Via Castiglionese",
        "landuse": "plant_nursery",
        "name": "Barbini Piante",
        "opening_hours": "Mo-Sa 08:30-12:30, 15:00-18:00; Su 09:00-12:30; PH off",
        "phone": "+39 0564 492288",
        "type": "multipolygon",
        "@geometry": "center"
      },
      "geometry": {
        "type": "Point",
        "coordinates": [
          11.0906198,
          42.7698715
        ]
      },
      "id": "relation/14879704"
    },
    {
      "type": "Feature",
      "properties": {
        "@id": "relation/15717609",
        "landuse": "plant_nursery",
        "name": "Garden Center",
        "type": "multipolygon",
        "@geometry": "center"
      },
      "geometry": {
        "type": "Point",
        "coordinates": [
          11.0158742,
          42.7240007
        ]
      },
      "id": "relation/15717609"
    },
    {
      "type": "Feature",
      "properties": {
        "@id": "relation/15777635",
        "landuse": "plant_nursery",
        "name": "Vivaio Principina",
        "type": "multipolygon",
        "@geometry": "center"
      },
      "geometry": {
        "type": "Point",
        "coordinates": [
          11.0183267,
          42.7057796
        ]
      },
      "id": "relation/15777635"
    },
    {
      "type": "Feature",
      "properties": {
        "@id": "relation/15819498",
        "landuse": "plant_nursery",
        "operator": "Ridulfo Salvatore Angelo",
        "phone": "+39 056528094",
        "type": "multipolygon",
        "@geometry": "center"
      },
      "geometry": {
        "type": "Point",
        "coordinates": [
          10.6290887,
          42.9693295
        ]
      },
      "id": "relation/15819498"
    },
    {
      "type": "Feature",
      "properties": {
        "@id": "relation/15828256",
        "landuse": "greenhouse_horticulture",
        "type": "multipolygon",
        "@geometry": "center"
      },
      "geometry": {
        "type": "Point",
        "coordinates": [
          10.6625167,
          42.9661545
        ]
      },
      "id": "relation/15828256"
    },
    {
      "type": "Feature",
      "properties": {
        "@id": "relation/15848127",
        "addr:city": "Piombino",
        "addr:country": "IT",
        "addr:housenumber": "3",
        "addr:place": "Vignale Stazione",
        "addr:postcode": "57025",
        "landuse": "plant_nursery",
        "name": "Garden Zazzira",
        "phone": "+39 0565 21001",
        "type": "multipolygon",
        "@geometry": "center"
      },
      "geometry": {
        "type": "Point",
        "coordinates": [
          10.6690641,
          42.9683011
        ]
      },
      "id": "relation/15848127"
    },
    {
      "type": "Feature",
      "properties": {
        "@id": "relation/15851845",
        "landuse": "plant_nursery",
        "name": "Floricoltura Fedi",
        "opening_hours": "Mo-Sa 08:30-12:30,15:30-19:00, Su,PH off",
        "type": "multipolygon",
        "website": "https://www.floricolturafedi.com",
        "@geometry": "center"
      },
      "geometry": {
        "type": "Point",
        "coordinates": [
          10.8984918,
          42.7739479
        ]
      },
      "id": "relation/15851845"
    },
    {
      "type": "Feature",
      "properties": {
        "@id": "relation/15863571",
        "addr:city": "Castiglione della Pescaia",
        "addr:country": "IT",
        "addr:place": "Pian d'Alma",
        "addr:postcode": "58043",
        "fence_type": "chain_link",
        "landuse": "plant_nursery",
        "name": "Vivaio Le Querce",
        "opening_hours": "Mo-Sa 08:00-12:00,13:00-17:00; Su,PH off",
        "operator": "Fratelli Piu",
        "phone": "+39 0564 920198",
        "type": "multipolygon",
        "website": "https://vivaiolequerce.com/",
        "@geometry": "center"
      },
      "geometry": {
        "type": "Point",
        "coordinates": [
          10.813672,
          42.8431034
        ]
      },
      "id": "relation/15863571"
    },
    {
      "type": "Feature",
      "properties": {
        "@id": "relation/15892560",
        "landuse": "greenhouse_horticulture",
        "type": "multipolygon",
        "@geometry": "center"
      },
      "geometry": {
        "type": "Point",
        "coordinates": [
          10.8248331,
          42.8491966
        ]
      },
      "id": "relation/15892560"
    },
    {
      "type": "Feature",
      "properties": {
        "@id": "relation/15892561",
        "landuse": "greenhouse_horticulture",
        "type": "multipolygon",
        "@geometry": "center"
      },
      "geometry": {
        "type": "Point",
        "coordinates": [
          10.8291649,
          42.849587
        ]
      },
      "id": "relation/15892561"
    },
    {
      "type": "Feature",
      "properties": {
        "@id": "relation/16036359",
        "landuse": "greenhouse_horticulture",
        "type": "multipolygon",
        "@geometry": "center"
      },
      "geometry": {
        "type": "Point",
        "coordinates": [
          10.5360052,
          42.9666931
        ]
      },
      "id": "relation/16036359"
    },
    {
      "type": "Feature",
      "properties": {
        "@id": "relation/16898209",
        "addr:city": "Siena",
        "addr:housenumber": "7",
        "addr:postcode": "53100",
        "addr:street": "Strada Massetana Romana",
        "landuse": "plant_nursery",
        "name": "Piante e Fiori l'Hibiscus",
        "type": "multipolygon",
        "@geometry": "center"
      },
      "geometry": {
        "type": "Point",
        "coordinates": [
          11.3231762,
          43.3042488
        ]
      },
      "id": "relation/16898209"
    },
    {
      "type": "Feature",
      "properties": {
        "@id": "relation/17599056",
        "landuse": "plant_nursery",
        "name": "Vivaio Marioni",
        "type": "multipolygon",
        "@geometry": "center"
      },
      "geometry": {
        "type": "Point",
        "coordinates": [
          11.0890835,
          42.8262449
        ]
      },
      "id": "relation/17599056"
    },
    {
      "type": "Feature",
      "properties": {
        "@id": "relation/17599058",
        "landuse": "plant_nursery",
        "name": "Società agricola Rose Barni",
        "type": "multipolygon",
        "website": "https://www.rosebarni.it/",
        "@geometry": "center"
      },
      "geometry": {
        "type": "Point",
        "coordinates": [
          11.1340834,
          42.8331652
        ]
      },
      "id": "relation/17599058"
    },
    {
      "type": "Feature",
      "properties": {
        "@id": "relation/17655156",
        "fence_type": "chain_link",
        "landuse": "plant_nursery",
        "type": "multipolygon",
        "@geometry": "center"
      },
      "geometry": {
        "type": "Point",
        "coordinates": [
          10.7617171,
          42.9323151
        ]
      },
      "id": "relation/17655156"
    },
    {
      "type": "Feature",
      "properties": {
        "@id": "relation/18386792",
        "landuse": "plant_nursery",
        "name": "Vivaio Massai",
        "type": "multipolygon",
        "@geometry": "center"
      },
      "geometry": {
        "type": "Point",
        "coordinates": [
          10.8048725,
          42.9681393
        ]
      },
      "id": "relation/18386792"
    },
    {
      "type": "Feature",
      "properties": {
        "@id": "relation/19038607",
        "landuse": "plant_nursery",
        "type": "multipolygon",
        "@geometry": "center"
      },
      "geometry": {
        "type": "Point",
        "coordinates": [
          10.9698719,
          43.9177002
        ]
      },
      "id": "relation/19038607"
    },
    {
      "type": "Feature",
      "properties": {
        "@id": "relation/19237847",
        "landuse": "plant_nursery",
        "type": "multipolygon",
        "@geometry": "center"
      },
      "geometry": {
        "type": "Point",
        "coordinates": [
          10.7670473,
          43.8340415
        ]
      },
      "id": "relation/19237847"
    },
    {
      "type": "Feature",
      "properties": {
        "@id": "relation/19417991",
        "landuse": "plant_nursery",
        "type": "multipolygon",
        "@geometry": "center"
      },
      "geometry": {
        "type": "Point",
        "coordinates": [
          10.885885,
          43.8853081
        ]
      },
      "id": "relation/19417991"
    },
    {
      "type": "Feature",
      "properties": {
        "@id": "way/78087817",
        "landuse": "greenhouse_horticulture",
        "name": "Floramiata",
        "@geometry": "center"
      },
      "geometry": {
        "type": "Point",
        "coordinates": [
          11.7299369,
          42.8179937
        ]
      },
      "id": "way/78087817"
    },
    {
      "type": "Feature",
      "properties": {
        "@id": "way/84762277",
        "addr:city": "Sovicille",
        "addr:country": "IT",
        "addr:housenumber": "2",
        "addr:postcode": "53018",
        "addr:state": "SI",
        "addr:street": "Via Arno",
        "landuse": "plant_nursery",
        "name": "Sena Flora",
        "@geometry": "center"
      },
      "geometry": {
        "type": "Point",
        "coordinates": [
          11.2603965,
          43.2807578
        ]
      },
      "id": "way/84762277"
    },
    {
      "type": "Feature",
      "properties": {
        "@id": "way/86209786",
        "landuse": "greenhouse_horticulture",
        "@geometry": "center"
      },
      "geometry": {
        "type": "Point",
        "coordinates": [
          10.8269668,
          42.7986003
        ]
      },
      "id": "way/86209786"
    },
    {
      "type": "Feature",
      "properties": {
        "@id": "way/86209797",
        "landuse": "greenhouse_horticulture",
        "@geometry": "center"
      },
      "geometry": {
        "type": "Point",
        "coordinates": [
          10.8125337,
          42.8007595
        ]
      },
      "id": "way/86209797"
    },
    {
      "type": "Feature",
      "properties": {
        "@id": "way/91299830",
        "building": "greenhouse",
        "building:levels": "1",
        "landuse": "greenhouse_horticulture",
        "@geometry": "center"
      },
      "geometry": {
        "type": "Point",
        "coordinates": [
          10.9209329,
          43.9372096
        ]
      },
      "id": "way/91299830"
    },
    {
      "type": "Feature",
      "properties": {
        "@id": "way/105574347",
        "landuse": "greenhouse_horticulture",
        "@geometry": "center"
      },
      "geometry": {
        "type": "Point",
        "coordinates": [
          10.3254207,
          43.7741002
        ]
      },
      "id": "way/105574347"
    },
    {
      "type": "Feature",
      "properties": {
        "@id": "way/105574677",
        "landuse": "greenhouse_horticulture",
        "@geometry": "center"
      },
      "geometry": {
        "type": "Point",
        "coordinates": [
          10.3173582,
          43.7571233
        ]
      },
      "id": "way/105574677"
    },
    {
      "type": "Feature",
      "properties": {
        "@id": "way/107827460",
        "landuse": "greenhouse_horticulture",
        "@geometry": "center"
      },
      "geometry": {
        "type": "Point",
        "coordinates": [
          10.3518676,
          43.5420391
        ]
      },
      "id": "way/107827460"
    },
    {
      "type": "Feature",
      "properties": {
        "@id": "way/108561597",
        "landuse": "plant_nursery",
        "@geometry": "center"
      },
      "geometry": {
        "type": "Point",
        "coordinates": [
          10.8951659,
          43.9296643
        ]
      },
      "id": "way/108561597"
    },
    {
      "type": "Feature",
      "properties": {
        "@id": "way/117872038",
        "shop": "garden_centre",
        "@geometry": "center"
      },
      "geometry": {
        "type": "Point",
        "coordinates": [
          11.6116975,
          43.4650299
        ]
      },
      "id": "way/117872038"
    },
    {
      "type": "Feature",
      "properties": {
        "@id": "way/135331233",
        "building": "yes",
        "shop": "garden_centre",
        "@geometry": "center"
      },
      "geometry": {
        "type": "Point",
        "coordinates": [
          9.9355269,
          44.3297902
        ]
      },
      "id": "way/135331233"
    },
    {
      "type": "Feature",
      "properties": {
        "@id": "way/139713739",
        "addr:city": "Livorno",
        "addr:country": "IT",
        "addr:housenumber": "27",
        "addr:postcode": "57122",
        "addr:street": "Largo del Mercato Ortofrutticolo",
        "building": "yes",
        "contact:phone": "+39 0586 427088",
        "loc_name": "Il topo",
        "name": "Agraria Spagnoli",
        "operator": "Spagnoli Ilio & Figli S.r.l.",
        "ref:vatin": "IT00806250494",
        "sells:homebrewing_supplies": "yes",
        "shop": "garden_centre",
        "@geometry": "center"
      },
      "geometry": {
        "type": "Point",
        "coordinates": [
          10.3251444,
          43.5583454
        ]
      },
      "id": "way/139713739"
    },
    {
      "type": "Feature",
      "properties": {
        "@id": "way/140678153",
        "landuse": "plant_nursery",
        "@geometry": "center"
      },
      "geometry": {
        "type": "Point",
        "coordinates": [
          10.7636829,
          43.8563573
        ]
      },
      "id": "way/140678153"
    },
    {
      "type": "Feature",
      "properties": {
        "@id": "way/142647319",
        "name": "Vivaio Romani Maurizio",
        "opening_hours": "Mo-Sa 08:00-12:30,15:00-19:00; We 08:00-12:30; Su 09:00-12:30",
        "shop": "garden_centre",
        "@geometry": "center"
      },
      "geometry": {
        "type": "Point",
        "coordinates": [
          11.8696088,
          43.5703769
        ]
      },
      "id": "way/142647319"
    },
    {
      "type": "Feature",
      "properties": {
        "@id": "way/146064255",
        "name": "Sempreverde",
        "shop": "garden_centre",
        "@geometry": "center"
      },
      "geometry": {
        "type": "Point",
        "coordinates": [
          10.3277248,
          43.5670044
        ]
      },
      "id": "way/146064255"
    },
    {
      "type": "Feature",
      "properties": {
        "@id": "way/150096576",
        "landuse": "greenhouse_horticulture",
        "name": "Biricotti",
        "opening_hours": "Mo-Sa 08:00-12:30, Mo,Tu,Th-Sa 15:30-19:30",
        "payment:credit_cards": "yes",
        "payment:debit_cards": "yes",
        "phone": "+39 0586 807056",
        "shop": "garden_centre",
        "@geometry": "center"
      },
      "geometry": {
        "type": "Point",
        "coordinates": [
          10.3199888,
          43.5301054
        ]
      },
      "id": "way/150096576"
    },
    {
      "type": "Feature",
      "properties": {
        "@id": "way/151158194",
        "landuse": "plant_nursery",
        "@geometry": "center"
      },
      "geometry": {
        "type": "Point",
        "coordinates": [
          11.0599471,
          43.7605513
        ]
      },
      "id": "way/151158194"
    },
    {
      "type": "Feature",
      "properties": {
        "@id": "way/153890444",
        "building": "commercial",
        "name": "Agraria sociale monti pisani",
        "shop": "garden_centre",
        "@geometry": "center"
      },
      "geometry": {
        "type": "Point",
        "coordinates": [
          10.506907,
          43.7035251
        ]
      },
      "id": "way/153890444"
    },
    {
      "type": "Feature",
      "properties": {
        "@id": "way/154552103",
        "landuse": "greenhouse_horticulture",
        "@geometry": "center"
      },
      "geometry": {
        "type": "Point",
        "coordinates": [
          10.4595285,
          43.7276413
        ]
      },
      "id": "way/154552103"
    },
    {
      "type": "Feature",
      "properties": {
        "@id": "way/154552118",
        "landuse": "greenhouse_horticulture",
        "@geometry": "center"
      },
      "geometry": {
        "type": "Point",
        "coordinates": [
          10.45865,
          43.7266228
        ]
      },
      "id": "way/154552118"
    },
    {
      "type": "Feature",
      "properties": {
        "@id": "way/161420820",
        "landuse": "greenhouse_horticulture",
        "@geometry": "center"
      },
      "geometry": {
        "type": "Point",
        "coordinates": [
          11.0915279,
          43.7503983
        ]
      },
      "id": "way/161420820"
    },
    {
      "type": "Feature",
      "properties": {
        "@id": "way/161969542",
        "landuse": "plant_nursery",
        "@geometry": "center"
      },
      "geometry": {
        "type": "Point",
        "coordinates": [
          10.1487469,
          43.9884445
        ]
      },
      "id": "way/161969542"
    },
    {
      "type": "Feature",
      "properties": {
        "@id": "way/165458577",
        "addr:city": "Siena",
        "addr:housenumber": "55",
        "addr:postcode": "53100",
        "addr:street": "Strada di Vico Alto",
        "addr:suburb": "Vico Alto",
        "building": "commercial",
        "name": "Mundi Srl Vico Alto",
        "phone": "+39 0577 50534",
        "shop": "garden_centre",
        "website": "https://www.mundi.it/",
        "@geometry": "center"
      },
      "geometry": {
        "type": "Point",
        "coordinates": [
          11.3129537,
          43.3479512
        ]
      },
      "id": "way/165458577"
    },
    {
      "type": "Feature",
      "properties": {
        "@id": "way/167954365",
        "landuse": "plant_nursery",
        "@geometry": "center"
      },
      "geometry": {
        "type": "Point",
        "coordinates": [
          10.1465749,
          43.994002
        ]
      },
      "id": "way/167954365"
    },
    {
      "type": "Feature",
      "properties": {
        "@id": "way/167954938",
        "landuse": "plant_nursery",
        "@geometry": "center"
      },
      "geometry": {
        "type": "Point",
        "coordinates": [
          10.1457214,
          43.9934279
        ]
      },
      "id": "way/167954938"
    },
    {
      "type": "Feature",
      "properties": {
        "@id": "way/167954940",
        "landuse": "plant_nursery",
        "@geometry": "center"
      },
      "geometry": {
        "type": "Point",
        "coordinates": [
          10.1460187,
          43.9932051
        ]
      },
      "id": "way/167954940"
    },
    {
      "type": "Feature",
      "properties": {
        "@id": "way/167956354",
        "landuse": "plant_nursery",
        "@geometry": "center"
      },
      "geometry": {
        "type": "Point",
        "coordinates": [
          10.1497805,
          43.9956046
        ]
      },
      "id": "way/167956354"
    },
    {
      "type": "Feature",
      "properties": {
        "@id": "way/184335672",
        "landuse": "greenhouse_horticulture",
        "@geometry": "center"
      },
      "geometry": {
        "type": "Point",
        "coordinates": [
          10.6677808,
          43.1321008
        ]
      },
      "id": "way/184335672"
    },
    {
      "type": "Feature",
      "properties": {
        "@id": "way/185048040",
        "building": "yes",
        "name": "Show garden",
        "shop": "garden_centre",
        "source": "Bing aerial",
        "@geometry": "center"
      },
      "geometry": {
        "type": "Point",
        "coordinates": [
          11.8769737,
          43.4868884
        ]
      },
      "id": "way/185048040"
    },
    {
      "type": "Feature",
      "properties": {
        "@id": "way/194987538",
        "landuse": "greenhouse_horticulture",
        "@geometry": "center"
      },
      "geometry": {
        "type": "Point",
        "coordinates": [
          10.2698382,
          43.9211545
        ]
      },
      "id": "way/194987538"
    },
    {
      "type": "Feature",
      "properties": {
        "@id": "way/198090048",
        "landuse": "greenhouse_horticulture",
        "@geometry": "center"
      },
      "geometry": {
        "type": "Point",
        "coordinates": [
          10.3082948,
          43.5406682
        ]
      },
      "id": "way/198090048"
    },
    {
      "type": "Feature",
      "properties": {
        "@id": "way/200453436",
        "addr:city": "Siena",
        "addr:housenumber": "51",
        "addr:postcode": "53100",
        "addr:street": "Viale Europa",
        "building": "retail",
        "name": "Mundi",
        "phone": "+39 0577 236600",
        "shop": "garden_centre",
        "website": "https://shop.mundi.it/it",
        "@geometry": "center"
      },
      "geometry": {
        "type": "Point",
        "coordinates": [
          11.3599198,
          43.3091982
        ]
      },
      "id": "way/200453436"
    },
    {
      "type": "Feature",
      "properties": {
        "@id": "way/201880076",
        "landuse": "greenhouse_horticulture",
        "@geometry": "center"
      },
      "geometry": {
        "type": "Point",
        "coordinates": [
          10.6921951,
          43.9109294
        ]
      },
      "id": "way/201880076"
    },
    {
      "type": "Feature",
      "properties": {
        "@id": "way/203615424",
        "landuse": "plant_nursery",
        "@geometry": "center"
      },
      "geometry": {
        "type": "Point",
        "coordinates": [
          10.9053294,
          43.8994476
        ]
      },
      "id": "way/203615424"
    },
    {
      "type": "Feature",
      "properties": {
        "@id": "way/203615427",
        "landuse": "plant_nursery",
        "@geometry": "center"
      },
      "geometry": {
        "type": "Point",
        "coordinates": [
          10.8992694,
          43.90079
        ]
      },
      "id": "way/203615427"
    },
    {
      "type": "Feature",
      "properties": {
        "@id": "way/203861926",
        "landuse": "greenhouse_horticulture",
        "@geometry": "center"
      },
      "geometry": {
        "type": "Point",
        "coordinates": [
          10.6926307,
          43.8908283
        ]
      },
      "id": "way/203861926"
    },
    {
      "type": "Feature",
      "properties": {
        "@id": "way/204037570",
        "landuse": "greenhouse_horticulture",
        "@geometry": "center"
      },
      "geometry": {
        "type": "Point",
        "coordinates": [
          10.6970734,
          43.8811193
        ]
      },
      "id": "way/204037570"
    },
    {
      "type": "Feature",
      "properties": {
        "@id": "way/210023386",
        "building": "greenhouse",
        "building:levels": "1",
        "landuse": "greenhouse_horticulture",
        "roof:shape": "gabled",
        "@geometry": "center"
      },
      "geometry": {
        "type": "Point",
        "coordinates": [
          10.9013348,
          43.9082363
        ]
      },
      "id": "way/210023386"
    },
    {
      "type": "Feature",
      "properties": {
        "@id": "way/211242376",
        "landuse": "greenhouse_horticulture",
        "@geometry": "center"
      },
      "geometry": {
        "type": "Point",
        "coordinates": [
          10.6413475,
          43.1247102
        ]
      },
      "id": "way/211242376"
    },
    {
      "type": "Feature",
      "properties": {
        "@id": "way/211242377",
        "landuse": "greenhouse_horticulture",
        "@geometry": "center"
      },
      "geometry": {
        "type": "Point",
        "coordinates": [
          10.6403115,
          43.125289
        ]
      },
      "id": "way/211242377"
    },
    {
      "type": "Feature",
      "properties": {
        "@id": "way/211244020",
        "landuse": "greenhouse_horticulture",
        "@geometry": "center"
      },
      "geometry": {
        "type": "Point",
        "coordinates": [
          10.6679558,
          43.1325908
        ]
      },
      "id": "way/211244020"
    },
    {
      "type": "Feature",
      "properties": {
        "@id": "way/220243070",
        "landuse": "plant_nursery",
        "@geometry": "center"
      },
      "geometry": {
        "type": "Point",
        "coordinates": [
          10.7672388,
          43.8194668
        ]
      },
      "id": "way/220243070"
    },
    {
      "type": "Feature",
      "properties": {
        "@id": "way/220243078",
        "landuse": "plant_nursery",
        "@geometry": "center"
      },
      "geometry": {
        "type": "Point",
        "coordinates": [
          10.7446135,
          43.819101
        ]
      },
      "id": "way/220243078"
    },
    {
      "type": "Feature",
      "properties": {
        "@id": "way/220243081",
        "landuse": "plant_nursery",
        "@geometry": "center"
      },
      "geometry": {
        "type": "Point",
        "coordinates": [
          10.7492982,
          43.8127239
        ]
      },
      "id": "way/220243081"
    },
    {
      "type": "Feature",
      "properties": {
        "@id": "way/220243098",
        "landuse": "plant_nursery",
        "@geometry": "center"
      },
      "geometry": {
        "type": "Point",
        "coordinates": [
          10.7451964,
          43.8149652
        ]
      },
      "id": "way/220243098"
    },
    {
      "type": "Feature",
      "properties": {
        "@id": "way/220243144",
        "landuse": "greenhouse_horticulture",
        "@geometry": "center"
      },
      "geometry": {
        "type": "Point",
        "coordinates": [
          10.7510438,
          43.8201196
        ]
      },
      "id": "way/220243144"
    },
    {
      "type": "Feature",
      "properties": {
        "@id": "way/220243161",
        "landuse": "greenhouse_horticulture",
        "@geometry": "center"
      },
      "geometry": {
        "type": "Point",
        "coordinates": [
          10.737877,
          43.8262282
        ]
      },
      "id": "way/220243161"
    },
    {
      "type": "Feature",
      "properties": {
        "@id": "way/220243181",
        "landuse": "greenhouse_horticulture",
        "@geometry": "center"
      },
      "geometry": {
        "type": "Point",
        "coordinates": [
          10.7572323,
          43.8356512
        ]
      },
      "id": "way/220243181"
    },
    {
      "type": "Feature",
      "properties": {
        "@id": "way/220243238",
        "landuse": "greenhouse_horticulture",
        "@geometry": "center"
      },
      "geometry": {
        "type": "Point",
        "coordinates": [
          10.7691752,
          43.8324485
        ]
      },
      "id": "way/220243238"
    },
    {
      "type": "Feature",
      "properties": {
        "@id": "way/220243278",
        "landuse": "greenhouse_horticulture",
        "@geometry": "center"
      },
      "geometry": {
        "type": "Point",
        "coordinates": [
          10.750416,
          43.8209898
        ]
      },
      "id": "way/220243278"
    },
    {
      "type": "Feature",
      "properties": {
        "@id": "way/220629786",
        "landuse": "plant_nursery",
        "@geometry": "center"
      },
      "geometry": {
        "type": "Point",
        "coordinates": [
          10.8628303,
          43.8353738
        ]
      },
      "id": "way/220629786"
    },
    {
      "type": "Feature",
      "properties": {
        "@id": "way/221370558",
        "landuse": "plant_nursery",
        "@geometry": "center"
      },
      "geometry": {
        "type": "Point",
        "coordinates": [
          10.763487,
          43.8338847
        ]
      },
      "id": "way/221370558"
    },
    {
      "type": "Feature",
      "properties": {
        "@id": "way/221370561",
        "landuse": "greenhouse_horticulture",
        "@geometry": "center"
      },
      "geometry": {
        "type": "Point",
        "coordinates": [
          10.7647667,
          43.8232431
        ]
      },
      "id": "way/221370561"
    },
    {
      "type": "Feature",
      "properties": {
        "@id": "way/221370568",
        "landuse": "plant_nursery",
        "@geometry": "center"
      },
      "geometry": {
        "type": "Point",
        "coordinates": [
          10.7609647,
          43.8241524
        ]
      },
      "id": "way/221370568"
    },
    {
      "type": "Feature",
      "properties": {
        "@id": "way/221370592",
        "landuse": "greenhouse_horticulture",
        "@geometry": "center"
      },
      "geometry": {
        "type": "Point",
        "coordinates": [
          10.7602402,
          43.8351468
        ]
      },
      "id": "way/221370592"
    },
    {
      "type": "Feature",
      "properties": {
        "@id": "way/221476690",
        "landuse": "plant_nursery",
        "@geometry": "center"
      },
      "geometry": {
        "type": "Point",
        "coordinates": [
          10.735278,
          43.84222
        ]
      },
      "id": "way/221476690"
    },
    {
      "type": "Feature",
      "properties": {
        "@id": "way/221476691",
        "landuse": "greenhouse_horticulture",
        "@geometry": "center"
      },
      "geometry": {
        "type": "Point",
        "coordinates": [
          10.7563443,
          43.824032
        ]
      },
      "id": "way/221476691"
    },
    {
      "type": "Feature",
      "properties": {
        "@id": "way/221476703",
        "landuse": "plant_nursery",
        "@geometry": "center"
      },
      "geometry": {
        "type": "Point",
        "coordinates": [
          10.7526164,
          43.8308147
        ]
      },
      "id": "way/221476703"
    },
    {
      "type": "Feature",
      "properties": {
        "@id": "way/221476709",
        "landuse": "plant_nursery",
        "@geometry": "center"
      },
      "geometry": {
        "type": "Point",
        "coordinates": [
          10.7334974,
          43.8401758
        ]
      },
      "id": "way/221476709"
    },
    {
      "type": "Feature",
      "properties": {
        "@id": "way/221476710",
        "landuse": "plant_nursery",
        "@geometry": "center"
      },
      "geometry": {
        "type": "Point",
        "coordinates": [
          10.7542996,
          43.827024
        ]
      },
      "id": "way/221476710"
    },
    {
      "type": "Feature",
      "properties": {
        "@id": "way/221476712",
        "landuse": "plant_nursery",
        "@geometry": "center"
      },
      "geometry": {
        "type": "Point",
        "coordinates": [
          10.7593213,
          43.8270883
        ]
      },
      "id": "way/221476712"
    },
    {
      "type": "Feature",
      "properties": {
        "@id": "way/221476726",
        "landuse": "greenhouse_horticulture",
        "@geometry": "center"
      },
      "geometry": {
        "type": "Point",
        "coordinates": [
          10.7523782,
          43.8297303
        ]
      },
      "id": "way/221476726"
    },
    {
      "type": "Feature",
      "properties": {
        "@id": "way/221476730",
        "landuse": "plant_nursery",
        "@geometry": "center"
      },
      "geometry": {
        "type": "Point",
        "coordinates": [
          10.7326336,
          43.8420877
        ]
      },
      "id": "way/221476730"
    },
    {
      "type": "Feature",
      "properties": {
        "@id": "way/221720880",
        "landuse": "plant_nursery",
        "@geometry": "center"
      },
      "geometry": {
        "type": "Point",
        "coordinates": [
          10.7795783,
          43.8383409
        ]
      },
      "id": "way/221720880"
    },
    {
      "type": "Feature",
      "properties": {
        "@id": "way/221720886",
        "landuse": "plant_nursery",
        "@geometry": "center"
      },
      "geometry": {
        "type": "Point",
        "coordinates": [
          10.7706232,
          43.8502269
        ]
      },
      "id": "way/221720886"
    },
    {
      "type": "Feature",
      "properties": {
        "@id": "way/221720890",
        "landuse": "plant_nursery",
        "@geometry": "center"
      },
      "geometry": {
        "type": "Point",
        "coordinates": [
          10.7740803,
          43.8546235
        ]
      },
      "id": "way/221720890"
    },
    {
      "type": "Feature",
      "properties": {
        "@id": "way/221720897",
        "landuse": "plant_nursery",
        "@geometry": "center"
      },
      "geometry": {
        "type": "Point",
        "coordinates": [
          10.7715116,
          43.8536771
        ]
      },
      "id": "way/221720897"
    },
    {
      "type": "Feature",
      "properties": {
        "@id": "way/221720899",
        "landuse": "greenhouse_horticulture",
        "@geometry": "center"
      },
      "geometry": {
        "type": "Point",
        "coordinates": [
          10.7682044,
          43.8518256
        ]
      },
      "id": "way/221720899"
    },
    {
      "type": "Feature",
      "properties": {
        "@id": "way/221720907",
        "landuse": "plant_nursery",
        "@geometry": "center"
      },
      "geometry": {
        "type": "Point",
        "coordinates": [
          10.758918,
          43.859034
        ]
      },
      "id": "way/221720907"
    },
    {
      "type": "Feature",
      "properties": {
        "@id": "way/221720927",
        "landuse": "plant_nursery",
        "@geometry": "center"
      },
      "geometry": {
        "type": "Point",
        "coordinates": [
          10.7777864,
          43.8351342
        ]
      },
      "id": "way/221720927"
    },
    {
      "type": "Feature",
      "properties": {
        "@id": "way/221815759",
        "landuse": "greenhouse_horticulture",
        "@geometry": "center"
      },
      "geometry": {
        "type": "Point",
        "coordinates": [
          10.7277487,
          43.8581805
        ]
      },
      "id": "way/221815759"
    },
    {
      "type": "Feature",
      "properties": {
        "@id": "way/221815775",
        "landuse": "plant_nursery",
        "@geometry": "center"
      },
      "geometry": {
        "type": "Point",
        "coordinates": [
          10.7342226,
          43.8539004
        ]
      },
      "id": "way/221815775"
    },
    {
      "type": "Feature",
      "properties": {
        "@id": "way/221815784",
        "landuse": "greenhouse_horticulture",
        "@geometry": "center"
      },
      "geometry": {
        "type": "Point",
        "coordinates": [
          10.7366707,
          43.8564091
        ]
      },
      "id": "way/221815784"
    },
    {
      "type": "Feature",
      "properties": {
        "@id": "way/222151442",
        "building": "greenhouse",
        "landuse": "greenhouse_horticulture",
        "@geometry": "center"
      },
      "geometry": {
        "type": "Point",
        "coordinates": [
          10.7624067,
          43.8472963
        ]
      },
      "id": "way/222151442"
    },
    {
      "type": "Feature",
      "properties": {
        "@id": "way/222151452",
        "landuse": "plant_nursery",
        "@geometry": "center"
      },
      "geometry": {
        "type": "Point",
        "coordinates": [
          10.7651394,
          43.8495383
        ]
      },
      "id": "way/222151452"
    },
    {
      "type": "Feature",
      "properties": {
        "@id": "way/222151457",
        "building": "greenhouse",
        "landuse": "greenhouse_horticulture",
        "@geometry": "center"
      },
      "geometry": {
        "type": "Point",
        "coordinates": [
          10.7620123,
          43.8473349
        ]
      },
      "id": "way/222151457"
    },
    {
      "type": "Feature",
      "properties": {
        "@id": "way/222151466",
        "landuse": "plant_nursery",
        "@geometry": "center"
      },
      "geometry": {
        "type": "Point",
        "coordinates": [
          10.7575187,
          43.8412188
        ]
      },
      "id": "way/222151466"
    },
    {
      "type": "Feature",
      "properties": {
        "@id": "way/222151470",
        "landuse": "greenhouse_horticulture",
        "@geometry": "center"
      },
      "geometry": {
        "type": "Point",
        "coordinates": [
          10.7629408,
          43.8475126
        ]
      },
      "id": "way/222151470"
    },
    {
      "type": "Feature",
      "properties": {
        "@id": "way/222151474",
        "landuse": "greenhouse_horticulture",
        "@geometry": "center"
      },
      "geometry": {
        "type": "Point",
        "coordinates": [
          10.755445,
          43.8395134
        ]
      },
      "id": "way/222151474"
    },
    {
      "type": "Feature",
      "properties": {
        "@id": "way/222151477",
        "landuse": "plant_nursery",
        "@geometry": "center"
      },
      "geometry": {
        "type": "Point",
        "coordinates": [
          10.7568119,
          43.8439837
        ]
      },
      "id": "way/222151477"
    },
    {
      "type": "Feature",
      "properties": {
        "@id": "way/222151483",
        "building": "greenhouse",
        "landuse": "greenhouse_horticulture",
        "@geometry": "center"
      },
      "geometry": {
        "type": "Point",
        "coordinates": [
          10.7613413,
          43.847285
        ]
      },
      "id": "way/222151483"
    },
    {
      "type": "Feature",
      "properties": {
        "@id": "way/222154401",
        "landuse": "greenhouse_horticulture",
        "@geometry": "center"
      },
      "geometry": {
        "type": "Point",
        "coordinates": [
          10.7336767,
          43.8483811
        ]
      },
      "id": "way/222154401"
    },
    {
      "type": "Feature",
      "properties": {
        "@id": "way/222154434",
        "landuse": "plant_nursery",
        "@geometry": "center"
      },
      "geometry": {
        "type": "Point",
        "coordinates": [
          10.7515847,
          43.8514925
        ]
      },
      "id": "way/222154434"
    },
    {
      "type": "Feature",
      "properties": {
        "@id": "way/222154447",
        "landuse": "greenhouse_horticulture",
        "@geometry": "center"
      },
      "geometry": {
        "type": "Point",
        "coordinates": [
          10.7346784,
          43.8500426
        ]
      },
      "id": "way/222154447"
    },
    {
      "type": "Feature",
      "properties": {
        "@id": "way/222642518",
        "landuse": "greenhouse_horticulture",
        "@geometry": "center"
      },
      "geometry": {
        "type": "Point",
        "coordinates": [
          10.744144,
          43.825347
        ]
      },
      "id": "way/222642518"
    },
    {
      "type": "Feature",
      "properties": {
        "@id": "way/222642539",
        "landuse": "greenhouse_horticulture",
        "@geometry": "center"
      },
      "geometry": {
        "type": "Point",
        "coordinates": [
          10.7364844,
          43.8326428
        ]
      },
      "id": "way/222642539"
    },
    {
      "type": "Feature",
      "properties": {
        "@id": "way/222642543",
        "landuse": "plant_nursery",
        "@geometry": "center"
      },
      "geometry": {
        "type": "Point",
        "coordinates": [
          10.7358769,
          43.8366569
        ]
      },
      "id": "way/222642543"
    },
    {
      "type": "Feature",
      "properties": {
        "@id": "way/222642557",
        "landuse": "plant_nursery",
        "@geometry": "center"
      },
      "geometry": {
        "type": "Point",
        "coordinates": [
          10.7428224,
          43.8327474
        ]
      },
      "id": "way/222642557"
    },
    {
      "type": "Feature",
      "properties": {
        "@id": "way/222645679",
        "landuse": "plant_nursery",
        "@geometry": "center"
      },
      "geometry": {
        "type": "Point",
        "coordinates": [
          10.7681747,
          43.827473
        ]
      },
      "id": "way/222645679"
    },
    {
      "type": "Feature",
      "properties": {
        "@id": "way/222645695",
        "landuse": "plant_nursery",
        "@geometry": "center"
      },
      "geometry": {
        "type": "Point",
        "coordinates": [
          10.7642184,
          43.8123276
        ]
      },
      "id": "way/222645695"
    },
    {
      "type": "Feature",
      "properties": {
        "@id": "way/222645704",
        "landuse": "plant_nursery",
        "@geometry": "center"
      },
      "geometry": {
        "type": "Point",
        "coordinates": [
          10.7615416,
          43.8112178
        ]
      },
      "id": "way/222645704"
    },
    {
      "type": "Feature",
      "properties": {
        "@id": "way/222645713",
        "landuse": "plant_nursery",
        "@geometry": "center"
      },
      "geometry": {
        "type": "Point",
        "coordinates": [
          10.774333,
          43.8305477
        ]
      },
      "id": "way/222645713"
    },
    {
      "type": "Feature",
      "properties": {
        "@id": "way/222661137",
        "landuse": "plant_nursery",
        "@geometry": "center"
      },
      "geometry": {
        "type": "Point",
        "coordinates": [
          10.7547786,
          43.8325598
        ]
      },
      "id": "way/222661137"
    },
    {
      "type": "Feature",
      "properties": {
        "@id": "way/224018097",
        "building": "greenhouse",
        "landuse": "greenhouse_horticulture",
        "roof:shape": "round",
        "@geometry": "center"
      },
      "geometry": {
        "type": "Point",
        "coordinates": [
          10.8964944,
          43.9015621
        ]
      },
      "id": "way/224018097"
    },
    {
      "type": "Feature",
      "properties": {
        "@id": "way/224099321",
        "landuse": "greenhouse_horticulture",
        "@geometry": "center"
      },
      "geometry": {
        "type": "Point",
        "coordinates": [
          10.7280192,
          43.8608111
        ]
      },
      "id": "way/224099321"
    },
    {
      "type": "Feature",
      "properties": {
        "@id": "way/224099324",
        "landuse": "greenhouse_horticulture",
        "@geometry": "center"
      },
      "geometry": {
        "type": "Point",
        "coordinates": [
          10.7324343,
          43.8608073
        ]
      },
      "id": "way/224099324"
    },
    {
      "type": "Feature",
      "properties": {
        "@id": "way/225156434",
        "landuse": "plant_nursery",
        "@geometry": "center"
      },
      "geometry": {
        "type": "Point",
        "coordinates": [
          10.7321028,
          43.8705979
        ]
      },
      "id": "way/225156434"
    },
    {
      "type": "Feature",
      "properties": {
        "@id": "way/225408887",
        "landuse": "plant_nursery",
        "@geometry": "center"
      },
      "geometry": {
        "type": "Point",
        "coordinates": [
          10.8227259,
          43.9007057
        ]
      },
      "id": "way/225408887"
    },
    {
      "type": "Feature",
      "properties": {
        "@id": "way/225408927",
        "landuse": "plant_nursery",
        "@geometry": "center"
      },
      "geometry": {
        "type": "Point",
        "coordinates": [
          10.8146882,
          43.8837808
        ]
      },
      "id": "way/225408927"
    },
    {
      "type": "Feature",
      "properties": {
        "@id": "way/225408953",
        "landuse": "plant_nursery",
        "@geometry": "center"
      },
      "geometry": {
        "type": "Point",
        "coordinates": [
          10.8132022,
          43.8856954
        ]
      },
      "id": "way/225408953"
    },
    {
      "type": "Feature",
      "properties": {
        "@id": "way/225409043",
        "landuse": "greenhouse_horticulture",
        "@geometry": "center"
      },
      "geometry": {
        "type": "Point",
        "coordinates": [
          10.7997241,
          43.8867997
        ]
      },
      "id": "way/225409043"
    },
    {
      "type": "Feature",
      "properties": {
        "@id": "way/226076466",
        "landuse": "plant_nursery",
        "@geometry": "center"
      },
      "geometry": {
        "type": "Point",
        "coordinates": [
          10.9061653,
          43.9018921
        ]
      },
      "id": "way/226076466"
    },
    {
      "type": "Feature",
      "properties": {
        "@id": "way/226077247",
        "landuse": "plant_nursery",
        "@geometry": "center"
      },
      "geometry": {
        "type": "Point",
        "coordinates": [
          10.8907926,
          43.9009472
        ]
      },
      "id": "way/226077247"
    },
    {
      "type": "Feature",
      "properties": {
        "@id": "way/226078576",
        "landuse": "plant_nursery",
        "@geometry": "center"
      },
      "geometry": {
        "type": "Point",
        "coordinates": [
          10.8921826,
          43.8986085
        ]
      },
      "id": "way/226078576"
    },
    {
      "type": "Feature",
      "properties": {
        "@id": "way/228953874",
        "landuse": "plant_nursery",
        "@geometry": "center"
      },
      "geometry": {
        "type": "Point",
        "coordinates": [
          10.9215691,
          43.9174515
        ]
      },
      "id": "way/228953874"
    },
    {
      "type": "Feature",
      "properties": {
        "@id": "way/229521736",
        "landuse": "plant_nursery",
        "@geometry": "center"
      },
      "geometry": {
        "type": "Point",
        "coordinates": [
          10.8888701,
          43.9271275
        ]
      },
      "id": "way/229521736"
    },
    {
      "type": "Feature",
      "properties": {
        "@id": "way/233192217",
        "landuse": "greenhouse_horticulture",
        "@geometry": "center"
      },
      "geometry": {
        "type": "Point",
        "coordinates": [
          11.1879356,
          43.7607153
        ]
      },
      "id": "way/233192217"
    },
    {
      "type": "Feature",
      "properties": {
        "@id": "way/240535073",
        "landuse": "plant_nursery",
        "@geometry": "center"
      },
      "geometry": {
        "type": "Point",
        "coordinates": [
          10.897054,
          43.9032304
        ]
      },
      "id": "way/240535073"
    },
    {
      "type": "Feature",
      "properties": {
        "@id": "way/241127734",
        "landuse": "plant_nursery",
        "@geometry": "center"
      },
      "geometry": {
        "type": "Point",
        "coordinates": [
          10.9016486,
          43.9147965
        ]
      },
      "id": "way/241127734"
    },
    {
      "type": "Feature",
      "properties": {
        "@id": "way/247063270",
        "landuse": "greenhouse_horticulture",
        "name": "Agrumi Lenzi",
        "@geometry": "center"
      },
      "geometry": {
        "type": "Point",
        "coordinates": [
          10.6892939,
          43.8842624
        ]
      },
      "id": "way/247063270"
    },
    {
      "type": "Feature",
      "properties": {
        "@id": "way/256975814",
        "landuse": "plant_nursery",
        "@geometry": "center"
      },
      "geometry": {
        "type": "Point",
        "coordinates": [
          10.8941627,
          43.9076181
        ]
      },
      "id": "way/256975814"
    },
    {
      "type": "Feature",
      "properties": {
        "@id": "way/258560392",
        "landuse": "plant_nursery",
        "@geometry": "center"
      },
      "geometry": {
        "type": "Point",
        "coordinates": [
          10.8988083,
          43.9028636
        ]
      },
      "id": "way/258560392"
    },
    {
      "type": "Feature",
      "properties": {
        "@id": "way/258933040",
        "building": "greenhouse",
        "building:levels": "1",
        "landuse": "greenhouse_horticulture",
        "roof:shape": "round",
        "@geometry": "center"
      },
      "geometry": {
        "type": "Point",
        "coordinates": [
          10.915898,
          43.9175176
        ]
      },
      "id": "way/258933040"
    },
    {
      "type": "Feature",
      "properties": {
        "@id": "way/258933500",
        "building": "greenhouse",
        "building:levels": "1",
        "landuse": "greenhouse_horticulture",
        "roof:shape": "round",
        "@geometry": "center"
      },
      "geometry": {
        "type": "Point",
        "coordinates": [
          10.9177943,
          43.9176892
        ]
      },
      "id": "way/258933500"
    },
    {
      "type": "Feature",
      "properties": {
        "@id": "way/259187422",
        "building": "greenhouse",
        "building:levels": "1",
        "landuse": "greenhouse_horticulture",
        "roof:shape": "round",
        "@geometry": "center"
      },
      "geometry": {
        "type": "Point",
        "coordinates": [
          10.9072127,
          43.9059432
        ]
      },
      "id": "way/259187422"
    },
    {
      "type": "Feature",
      "properties": {
        "@id": "way/259187424",
        "building": "greenhouse",
        "building:levels": "1",
        "landuse": "greenhouse_horticulture",
        "roof:shape": "gabled",
        "@geometry": "center"
      },
      "geometry": {
        "type": "Point",
        "coordinates": [
          10.9074915,
          43.9073345
        ]
      },
      "id": "way/259187424"
    },
    {
      "type": "Feature",
      "properties": {
        "@id": "way/259201019",
        "building": "greenhouse",
        "building:levels": "1",
        "landuse": "greenhouse_horticulture",
        "roof:shape": "gabled",
        "@geometry": "center"
      },
      "geometry": {
        "type": "Point",
        "coordinates": [
          10.9093142,
          43.906357
        ]
      },
      "id": "way/259201019"
    },
    {
      "type": "Feature",
      "properties": {
        "@id": "way/259201025",
        "building": "greenhouse",
        "building:levels": "1",
        "landuse": "greenhouse_horticulture",
        "roof:shape": "round",
        "@geometry": "center"
      },
      "geometry": {
        "type": "Point",
        "coordinates": [
          10.9064344,
          43.9060866
        ]
      },
      "id": "way/259201025"
    },
    {
      "type": "Feature",
      "properties": {
        "@id": "way/259203199",
        "building": "greenhouse",
        "building:levels": "1",
        "landuse": "greenhouse_horticulture",
        "@geometry": "center"
      },
      "geometry": {
        "type": "Point",
        "coordinates": [
          10.9104585,
          43.9070304
        ]
      },
      "id": "way/259203199"
    },
    {
      "type": "Feature",
      "properties": {
        "@id": "way/259203200",
        "building": "greenhouse",
        "landuse": "greenhouse_horticulture",
        "@geometry": "center"
      },
      "geometry": {
        "type": "Point",
        "coordinates": [
          10.905951,
          43.9012355
        ]
      },
      "id": "way/259203200"
    },
    {
      "type": "Feature",
      "properties": {
        "@id": "way/259203201",
        "building": "greenhouse",
        "landuse": "greenhouse_horticulture",
        "@geometry": "center"
      },
      "geometry": {
        "type": "Point",
        "coordinates": [
          10.9061876,
          43.9018708
        ]
      },
      "id": "way/259203201"
    },
    {
      "type": "Feature",
      "properties": {
        "@id": "way/259203202",
        "building": "greenhouse",
        "landuse": "greenhouse_horticulture",
        "@geometry": "center"
      },
      "geometry": {
        "type": "Point",
        "coordinates": [
          10.9063868,
          43.9023848
        ]
      },
      "id": "way/259203202"
    },
    {
      "type": "Feature",
      "properties": {
        "@id": "way/259203423",
        "building": "greenhouse",
        "building:levels": "1",
        "landuse": "greenhouse_horticulture",
        "@geometry": "center"
      },
      "geometry": {
        "type": "Point",
        "coordinates": [
          10.9078702,
          43.9021498
        ]
      },
      "id": "way/259203423"
    },
    {
      "type": "Feature",
      "properties": {
        "@id": "way/259204113",
        "building": "greenhouse",
        "building:levels": "1",
        "landuse": "greenhouse_horticulture",
        "@geometry": "center"
      },
      "geometry": {
        "type": "Point",
        "coordinates": [
          10.9086679,
          43.9076071
        ]
      },
      "id": "way/259204113"
    },
    {
      "type": "Feature",
      "properties": {
        "@id": "way/259204967",
        "building": "greenhouse",
        "building:levels": "1",
        "landuse": "greenhouse_horticulture",
        "@geometry": "center"
      },
      "geometry": {
        "type": "Point",
        "coordinates": [
          10.9113415,
          43.9098372
        ]
      },
      "id": "way/259204967"
    },
    {
      "type": "Feature",
      "properties": {
        "@id": "way/259205942",
        "building": "greenhouse",
        "building:levels": "1",
        "landuse": "greenhouse_horticulture",
        "@geometry": "center"
      },
      "geometry": {
        "type": "Point",
        "coordinates": [
          10.9015349,
          43.9111114
        ]
      },
      "id": "way/259205942"
    },
    {
      "type": "Feature",
      "properties": {
        "@id": "way/259205943",
        "building": "greenhouse",
        "building:levels": "1",
        "landuse": "greenhouse_horticulture",
        "roof:shape": "gabled",
        "@geometry": "center"
      },
      "geometry": {
        "type": "Point",
        "coordinates": [
          10.901233,
          43.913044
        ]
      },
      "id": "way/259205943"
    },
    {
      "type": "Feature",
      "properties": {
        "@id": "way/259208058",
        "building": "greenhouse",
        "building:levels": "1",
        "landuse": "greenhouse_horticulture",
        "roof:shape": "gabled",
        "@geometry": "center"
      },
      "geometry": {
        "type": "Point",
        "coordinates": [
          10.9031511,
          43.9113236
        ]
      },
      "id": "way/259208058"
    },
    {
      "type": "Feature",
      "properties": {
        "@id": "way/259208110",
        "building": "greenhouse",
        "building:levels": "1",
        "landuse": "greenhouse_horticulture",
        "@geometry": "center"
      },
      "geometry": {
        "type": "Point",
        "coordinates": [
          10.9052436,
          43.9120136
        ]
      },
      "id": "way/259208110"
    },
    {
      "type": "Feature",
      "properties": {
        "@id": "way/259208702",
        "building": "greenhouse",
        "building:levels": "1",
        "landuse": "greenhouse_horticulture",
        "roof:shape": "gabled",
        "@geometry": "center"
      },
      "geometry": {
        "type": "Point",
        "coordinates": [
          10.9041844,
          43.9131721
        ]
      },
      "id": "way/259208702"
    },
    {
      "type": "Feature",
      "properties": {
        "@id": "way/259208703",
        "building": "greenhouse",
        "building:levels": "1",
        "landuse": "greenhouse_horticulture",
        "@geometry": "center"
      },
      "geometry": {
        "type": "Point",
        "coordinates": [
          10.903994,
          43.9134928
        ]
      },
      "id": "way/259208703"
    },
    {
      "type": "Feature",
      "properties": {
        "@id": "way/259208704",
        "building": "greenhouse",
        "building:levels": "1",
        "landuse": "greenhouse_horticulture",
        "@geometry": "center"
      },
      "geometry": {
        "type": "Point",
        "coordinates": [
          10.9044567,
          43.9135188
        ]
      },
      "id": "way/259208704"
    },
    {
      "type": "Feature",
      "properties": {
        "@id": "way/259208705",
        "building": "greenhouse",
        "building:levels": "1",
        "landuse": "greenhouse_horticulture",
        "@geometry": "center"
      },
      "geometry": {
        "type": "Point",
        "coordinates": [
          10.9042663,
          43.9135404
        ]
      },
      "id": "way/259208705"
    },
    {
      "type": "Feature",
      "properties": {
        "@id": "way/259210767",
        "building": "greenhouse",
        "building:levels": "1",
        "landuse": "greenhouse_horticulture",
        "@geometry": "center"
      },
      "geometry": {
        "type": "Point",
        "coordinates": [
          10.9088801,
          43.8971756
        ]
      },
      "id": "way/259210767"
    },
    {
      "type": "Feature",
      "properties": {
        "@id": "way/259210768",
        "building": "greenhouse",
        "building:levels": "1",
        "landuse": "greenhouse_horticulture",
        "roof:shape": "round",
        "@geometry": "center"
      },
      "geometry": {
        "type": "Point",
        "coordinates": [
          10.9091218,
          43.8971521
        ]
      },
      "id": "way/259210768"
    },
    {
      "type": "Feature",
      "properties": {
        "@id": "way/259210769",
        "building": "greenhouse",
        "building:levels": "1",
        "landuse": "greenhouse_horticulture",
        "roof:shape": "round",
        "@geometry": "center"
      },
      "geometry": {
        "type": "Point",
        "coordinates": [
          10.9083982,
          43.896484
        ]
      },
      "id": "way/259210769"
    },
    {
      "type": "Feature",
      "properties": {
        "@id": "way/259210771",
        "building": "greenhouse",
        "building:levels": "1",
        "landuse": "greenhouse_horticulture",
        "roof:shape": "round",
        "@geometry": "center"
      },
      "geometry": {
        "type": "Point",
        "coordinates": [
          10.9083464,
          43.8963785
        ]
      },
      "id": "way/259210771"
    },
    {
      "type": "Feature",
      "properties": {
        "@id": "way/259210773",
        "building": "greenhouse",
        "building:levels": "1",
        "landuse": "greenhouse_horticulture",
        "roof:shape": "flat",
        "@geometry": "center"
      },
      "geometry": {
        "type": "Point",
        "coordinates": [
          10.9093113,
          43.8965372
        ]
      },
      "id": "way/259210773"
    },
    {
      "type": "Feature",
      "properties": {
        "@id": "way/259330081",
        "landuse": "plant_nursery",
        "plant": "trees",
        "@geometry": "center"
      },
      "geometry": {
        "type": "Point",
        "coordinates": [
          10.9068382,
          43.9215238
        ]
      },
      "id": "way/259330081"
    },
    {
      "type": "Feature",
      "properties": {
        "@id": "way/259330727",
        "building": "greenhouse",
        "building:levels": "1",
        "landuse": "greenhouse_horticulture",
        "roof:shape": "gabled",
        "@geometry": "center"
      },
      "geometry": {
        "type": "Point",
        "coordinates": [
          10.9076654,
          43.9191738
        ]
      },
      "id": "way/259330727"
    },
    {
      "type": "Feature",
      "properties": {
        "@id": "way/259330728",
        "building": "greenhouse",
        "building:levels": "1",
        "landuse": "greenhouse_horticulture",
        "roof:shape": "gabled",
        "@geometry": "center"
      },
      "geometry": {
        "type": "Point",
        "coordinates": [
          10.9078551,
          43.9191611
        ]
      },
      "id": "way/259330728"
    },
    {
      "type": "Feature",
      "properties": {
        "@id": "way/259331570",
        "building": "greenhouse",
        "building:levels": "1",
        "landuse": "greenhouse_horticulture",
        "@geometry": "center"
      },
      "geometry": {
        "type": "Point",
        "coordinates": [
          10.9152642,
          43.9130349
        ]
      },
      "id": "way/259331570"
    },
    {
      "type": "Feature",
      "properties": {
        "@id": "way/259331747",
        "building": "greenhouse",
        "building:levels": "1",
        "landuse": "greenhouse_horticulture",
        "@geometry": "center"
      },
      "geometry": {
        "type": "Point",
        "coordinates": [
          10.9145566,
          43.9136018
        ]
      },
      "id": "way/259331747"
    },
    {
      "type": "Feature",
      "properties": {
        "@id": "way/259331896",
        "building": "greenhouse",
        "building:levels": "1",
        "landuse": "greenhouse_horticulture",
        "@geometry": "center"
      },
      "geometry": {
        "type": "Point",
        "coordinates": [
          10.9129903,
          43.9134353
        ]
      },
      "id": "way/259331896"
    },
    {
      "type": "Feature",
      "properties": {
        "@id": "way/259331897",
        "building": "greenhouse",
        "building:levels": "1",
        "landuse": "greenhouse_horticulture",
        "@geometry": "center"
      },
      "geometry": {
        "type": "Point",
        "coordinates": [
          10.913068,
          43.9137036
        ]
      },
      "id": "way/259331897"
    },
    {
      "type": "Feature",
      "properties": {
        "@id": "way/259332001",
        "building": "greenhouse",
        "landuse": "greenhouse_horticulture",
        "@geometry": "center"
      },
      "geometry": {
        "type": "Point",
        "coordinates": [
          10.9120272,
          43.9118979
        ]
      },
      "id": "way/259332001"
    },
    {
      "type": "Feature",
      "properties": {
        "@id": "way/259332002",
        "building": "greenhouse",
        "landuse": "greenhouse_horticulture",
        "@geometry": "center"
      },
      "geometry": {
        "type": "Point",
        "coordinates": [
          10.9125446,
          43.91189
        ]
      },
      "id": "way/259332002"
    },
    {
      "type": "Feature",
      "properties": {
        "@id": "way/259338157",
        "building": "greenhouse",
        "building:levels": "1",
        "landuse": "greenhouse_horticulture",
        "@geometry": "center"
      },
      "geometry": {
        "type": "Point",
        "coordinates": [
          10.917815,
          43.9170001
        ]
      },
      "id": "way/259338157"
    },
    {
      "type": "Feature",
      "properties": {
        "@id": "way/259338158",
        "building": "greenhouse",
        "building:levels": "1",
        "landuse": "greenhouse_horticulture",
        "@geometry": "center"
      },
      "geometry": {
        "type": "Point",
        "coordinates": [
          10.9176878,
          43.9165286
        ]
      },
      "id": "way/259338158"
    },
    {
      "type": "Feature",
      "properties": {
        "@id": "way/259338531",
        "building": "greenhouse",
        "building:levels": "1",
        "landuse": "greenhouse_horticulture",
        "@geometry": "center"
      },
      "geometry": {
        "type": "Point",
        "coordinates": [
          10.9209551,
          43.9160411
        ]
      },
      "id": "way/259338531"
    },
    {
      "type": "Feature",
      "properties": {
        "@id": "way/259338534",
        "building": "greenhouse",
        "building:levels": "1",
        "landuse": "greenhouse_horticulture",
        "@geometry": "center"
      },
      "geometry": {
        "type": "Point",
        "coordinates": [
          10.9200392,
          43.9146343
        ]
      },
      "id": "way/259338534"
    },
    {
      "type": "Feature",
      "properties": {
        "@id": "way/259553580",
        "building": "greenhouse",
        "building:levels": "1",
        "landuse": "greenhouse_horticulture",
        "@geometry": "center"
      },
      "geometry": {
        "type": "Point",
        "coordinates": [
          10.8862328,
          43.9123345
        ]
      },
      "id": "way/259553580"
    },
    {
      "type": "Feature",
      "properties": {
        "@id": "way/259553582",
        "building": "greenhouse",
        "building:levels": "1",
        "landuse": "greenhouse_horticulture",
        "@geometry": "center"
      },
      "geometry": {
        "type": "Point",
        "coordinates": [
          10.8866159,
          43.9122372
        ]
      },
      "id": "way/259553582"
    },
    {
      "type": "Feature",
      "properties": {
        "@id": "way/259553584",
        "building": "greenhouse",
        "building:levels": "1",
        "landuse": "greenhouse_horticulture",
        "@geometry": "center"
      },
      "geometry": {
        "type": "Point",
        "coordinates": [
          10.8863706,
          43.9117539
        ]
      },
      "id": "way/259553584"
    },
    {
      "type": "Feature",
      "properties": {
        "@id": "way/259553587",
        "building": "greenhouse",
        "building:levels": "1",
        "landuse": "greenhouse_horticulture",
        "@geometry": "center"
      },
      "geometry": {
        "type": "Point",
        "coordinates": [
          10.8872596,
          43.9114941
        ]
      },
      "id": "way/259553587"
    },
    {
      "type": "Feature",
      "properties": {
        "@id": "way/259558830",
        "building": "greenhouse",
        "building:levels": "1",
        "landuse": "greenhouse_horticulture",
        "roof:shape": "round",
        "@geometry": "center"
      },
      "geometry": {
        "type": "Point",
        "coordinates": [
          10.90051,
          43.9038561
        ]
      },
      "id": "way/259558830"
    },
    {
      "type": "Feature",
      "properties": {
        "@id": "way/259558832",
        "building": "greenhouse",
        "building:levels": "1",
        "landuse": "greenhouse_horticulture",
        "@geometry": "center"
      },
      "geometry": {
        "type": "Point",
        "coordinates": [
          10.9016845,
          43.9023835
        ]
      },
      "id": "way/259558832"
    },
    {
      "type": "Feature",
      "properties": {
        "@id": "way/259603477",
        "building": "greenhouse",
        "building:levels": "1",
        "landuse": "greenhouse_horticulture",
        "@geometry": "center"
      },
      "geometry": {
        "type": "Point",
        "coordinates": [
          10.9440283,
          43.8791029
        ]
      },
      "id": "way/259603477"
    },
    {
      "type": "Feature",
      "properties": {
        "@id": "way/259603480",
        "building": "greenhouse",
        "building:levels": "1",
        "landuse": "greenhouse_horticulture",
        "@geometry": "center"
      },
      "geometry": {
        "type": "Point",
        "coordinates": [
          10.9449043,
          43.8787201
        ]
      },
      "id": "way/259603480"
    },
    {
      "type": "Feature",
      "properties": {
        "@id": "way/259603870",
        "building": "greenhouse",
        "building:levels": "1",
        "landuse": "greenhouse_horticulture",
        "@geometry": "center"
      },
      "geometry": {
        "type": "Point",
        "coordinates": [
          10.9501768,
          43.8751596
        ]
      },
      "id": "way/259603870"
    },
    {
      "type": "Feature",
      "properties": {
        "@id": "way/259603871",
        "building": "greenhouse",
        "building:levels": "1",
        "landuse": "greenhouse_horticulture",
        "@geometry": "center"
      },
      "geometry": {
        "type": "Point",
        "coordinates": [
          10.9506804,
          43.8759426
        ]
      },
      "id": "way/259603871"
    },
    {
      "type": "Feature",
      "properties": {
        "@id": "way/259604493",
        "building": "greenhouse",
        "building:levels": "1",
        "landuse": "greenhouse_horticulture",
        "@geometry": "center"
      },
      "geometry": {
        "type": "Point",
        "coordinates": [
          10.9512598,
          43.8764405
        ]
      },
      "id": "way/259604493"
    },
    {
      "type": "Feature",
      "properties": {
        "@id": "way/259606481",
        "building": "greenhouse",
        "landuse": "greenhouse_horticulture",
        "@geometry": "center"
      },
      "geometry": {
        "type": "Point",
        "coordinates": [
          10.9476547,
          43.8789599
        ]
      },
      "id": "way/259606481"
    },
    {
      "type": "Feature",
      "properties": {
        "@id": "way/259606483",
        "building": "greenhouse",
        "landuse": "greenhouse_horticulture",
        "@geometry": "center"
      },
      "geometry": {
        "type": "Point",
        "coordinates": [
          10.9473693,
          43.8784794
        ]
      },
      "id": "way/259606483"
    },
    {
      "type": "Feature",
      "properties": {
        "@id": "way/259732255",
        "building": "greenhouse",
        "building:levels": "1",
        "landuse": "greenhouse_horticulture",
        "@geometry": "center"
      },
      "geometry": {
        "type": "Point",
        "coordinates": [
          10.9145221,
          43.8939549
        ]
      },
      "id": "way/259732255"
    },
    {
      "type": "Feature",
      "properties": {
        "@id": "way/259732256",
        "building": "greenhouse",
        "building:levels": "1",
        "landuse": "greenhouse_horticulture",
        "@geometry": "center"
      },
      "geometry": {
        "type": "Point",
        "coordinates": [
          10.9150433,
          43.8938171
        ]
      },
      "id": "way/259732256"
    },
    {
      "type": "Feature",
      "properties": {
        "@id": "way/259732257",
        "building": "greenhouse",
        "building:levels": "1",
        "landuse": "greenhouse_horticulture",
        "@geometry": "center"
      },
      "geometry": {
        "type": "Point",
        "coordinates": [
          10.9156039,
          43.8936219
        ]
      },
      "id": "way/259732257"
    },
    {
      "type": "Feature",
      "properties": {
        "@id": "way/259732258",
        "building": "greenhouse",
        "building:levels": "1",
        "landuse": "greenhouse_horticulture",
        "@geometry": "center"
      },
      "geometry": {
        "type": "Point",
        "coordinates": [
          10.9167394,
          43.8929457
        ]
      },
      "id": "way/259732258"
    },
    {
      "type": "Feature",
      "properties": {
        "@id": "way/259732259",
        "building": "greenhouse",
        "building:levels": "1",
        "landuse": "greenhouse_horticulture",
        "@geometry": "center"
      },
      "geometry": {
        "type": "Point",
        "coordinates": [
          10.9158473,
          43.89244
        ]
      },
      "id": "way/259732259"
    },
    {
      "type": "Feature",
      "properties": {
        "@id": "way/259732260",
        "building": "greenhouse",
        "building:levels": "1",
        "landuse": "greenhouse_horticulture",
        "@geometry": "center"
      },
      "geometry": {
        "type": "Point",
        "coordinates": [
          10.9161629,
          43.8930407
        ]
      },
      "id": "way/259732260"
    },
    {
      "type": "Feature",
      "properties": {
        "@id": "way/259732261",
        "building": "greenhouse",
        "building:levels": "1",
        "landuse": "greenhouse_horticulture",
        "@geometry": "center"
      },
      "geometry": {
        "type": "Point",
        "coordinates": [
          10.916388,
          43.8925218
        ]
      },
      "id": "way/259732261"
    },
    {
      "type": "Feature",
      "properties": {
        "@id": "way/259732262",
        "building": "greenhouse",
        "building:levels": "1",
        "landuse": "greenhouse_horticulture",
        "@geometry": "center"
      },
      "geometry": {
        "type": "Point",
        "coordinates": [
          10.9148377,
          43.8909519
        ]
      },
      "id": "way/259732262"
    },
    {
      "type": "Feature",
      "properties": {
        "@id": "way/259732681",
        "building": "greenhouse",
        "landuse": "greenhouse_horticulture",
        "@geometry": "center"
      },
      "geometry": {
        "type": "Point",
        "coordinates": [
          10.9189059,
          43.8975936
        ]
      },
      "id": "way/259732681"
    },
    {
      "type": "Feature",
      "properties": {
        "@id": "way/259777396",
        "landuse": "plant_nursery",
        "@geometry": "center"
      },
      "geometry": {
        "type": "Point",
        "coordinates": [
          10.8863091,
          43.9226098
        ]
      },
      "id": "way/259777396"
    },
    {
      "type": "Feature",
      "properties": {
        "@id": "way/259915166",
        "building": "greenhouse",
        "building:levels": "1",
        "landuse": "greenhouse_horticulture",
        "@geometry": "center"
      },
      "geometry": {
        "type": "Point",
        "coordinates": [
          10.8955832,
          43.8975148
        ]
      },
      "id": "way/259915166"
    },
    {
      "type": "Feature",
      "properties": {
        "@id": "way/259915167",
        "building": "greenhouse",
        "building:levels": "1",
        "landuse": "greenhouse_horticulture",
        "@geometry": "center"
      },
      "geometry": {
        "type": "Point",
        "coordinates": [
          10.8960893,
          43.8974502
        ]
      },
      "id": "way/259915167"
    },
    {
      "type": "Feature",
      "properties": {
        "@id": "way/259918353",
        "landuse": "plant_nursery",
        "@geometry": "center"
      },
      "geometry": {
        "type": "Point",
        "coordinates": [
          10.8914179,
          43.9014981
        ]
      },
      "id": "way/259918353"
    },
    {
      "type": "Feature",
      "properties": {
        "@id": "way/259919922",
        "landuse": "plant_nursery",
        "@geometry": "center"
      },
      "geometry": {
        "type": "Point",
        "coordinates": [
          10.8930296,
          43.9010534
        ]
      },
      "id": "way/259919922"
    },
    {
      "type": "Feature",
      "properties": {
        "@id": "way/260260609",
        "building": "greenhouse",
        "building:levels": "1",
        "landuse": "greenhouse_horticulture",
        "@geometry": "center"
      },
      "geometry": {
        "type": "Point",
        "coordinates": [
          10.9057771,
          43.9077859
        ]
      },
      "id": "way/260260609"
    },
    {
      "type": "Feature",
      "properties": {
        "@id": "way/260260610",
        "building": "greenhouse",
        "building:levels": "1",
        "landuse": "greenhouse_horticulture",
        "@geometry": "center"
      },
      "geometry": {
        "type": "Point",
        "coordinates": [
          10.9056983,
          43.9073561
        ]
      },
      "id": "way/260260610"
    },
    {
      "type": "Feature",
      "properties": {
        "@id": "way/260260611",
        "building": "greenhouse",
        "building:levels": "1",
        "landuse": "greenhouse_horticulture",
        "roof:shape": "round",
        "@geometry": "center"
      },
      "geometry": {
        "type": "Point",
        "coordinates": [
          10.9015448,
          43.9075325
        ]
      },
      "id": "way/260260611"
    },
    {
      "type": "Feature",
      "properties": {
        "@id": "way/260260612",
        "building": "greenhouse",
        "building:levels": "1",
        "landuse": "greenhouse_horticulture",
        "roof:shape": "round",
        "@geometry": "center"
      },
      "geometry": {
        "type": "Point",
        "coordinates": [
          10.9017168,
          43.9075106
        ]
      },
      "id": "way/260260612"
    },
    {
      "type": "Feature",
      "properties": {
        "@id": "way/260260613",
        "building": "greenhouse",
        "building:levels": "1",
        "landuse": "greenhouse_horticulture",
        "roof:shape": "round",
        "@geometry": "center"
      },
      "geometry": {
        "type": "Point",
        "coordinates": [
          10.9018885,
          43.9074909
        ]
      },
      "id": "way/260260613"
    },
    {
      "type": "Feature",
      "properties": {
        "@id": "way/260282381",
        "building": "greenhouse",
        "building:levels": "1",
        "landuse": "greenhouse_horticulture",
        "@geometry": "center"
      },
      "geometry": {
        "type": "Point",
        "coordinates": [
          10.9150088,
          43.9136646
        ]
      },
      "id": "way/260282381"
    },
    {
      "type": "Feature",
      "properties": {
        "@id": "way/260461399",
        "landuse": "plant_nursery",
        "@geometry": "center"
      },
      "geometry": {
        "type": "Point",
        "coordinates": [
          10.889743,
          43.905247
        ]
      },
      "id": "way/260461399"
    },
    {
      "type": "Feature",
      "properties": {
        "@id": "way/260462541",
        "landuse": "plant_nursery",
        "@geometry": "center"
      },
      "geometry": {
        "type": "Point",
        "coordinates": [
          10.8887943,
          43.903509
        ]
      },
      "id": "way/260462541"
    },
    {
      "type": "Feature",
      "properties": {
        "@id": "way/260462950",
        "landuse": "plant_nursery",
        "@geometry": "center"
      },
      "geometry": {
        "type": "Point",
        "coordinates": [
          10.8915968,
          43.9032154
        ]
      },
      "id": "way/260462950"
    },
    {
      "type": "Feature",
      "properties": {
        "@id": "way/260484720",
        "landuse": "plant_nursery",
        "@geometry": "center"
      },
      "geometry": {
        "type": "Point",
        "coordinates": [
          10.8888451,
          43.9076611
        ]
      },
      "id": "way/260484720"
    },
    {
      "type": "Feature",
      "properties": {
        "@id": "way/261119712",
        "building": "greenhouse",
        "building:levels": "1",
        "landuse": "greenhouse_horticulture",
        "@geometry": "center"
      },
      "geometry": {
        "type": "Point",
        "coordinates": [
          10.9134986,
          43.9096567
        ]
      },
      "id": "way/261119712"
    },
    {
      "type": "Feature",
      "properties": {
        "@id": "way/264474771",
        "building": "greenhouse",
        "building:levels": "1",
        "landuse": "greenhouse_horticulture",
        "@geometry": "center"
      },
      "geometry": {
        "type": "Point",
        "coordinates": [
          10.9232338,
          43.9168666
        ]
      },
      "id": "way/264474771"
    },
    {
      "type": "Feature",
      "properties": {
        "@id": "way/264474772",
        "building": "greenhouse",
        "building:levels": "1",
        "landuse": "greenhouse_horticulture",
        "@geometry": "center"
      },
      "geometry": {
        "type": "Point",
        "coordinates": [
          10.9230062,
          43.9168682
        ]
      },
      "id": "way/264474772"
    },
    {
      "type": "Feature",
      "properties": {
        "@id": "way/264973762",
        "building": "greenhouse",
        "building:levels": "1",
        "landuse": "greenhouse_horticulture",
        "roof:shape": "gabled",
        "@geometry": "center"
      },
      "geometry": {
        "type": "Point",
        "coordinates": [
          10.9071843,
          43.8933066
        ]
      },
      "id": "way/264973762"
    },
    {
      "type": "Feature",
      "properties": {
        "@id": "way/264973763",
        "building": "greenhouse",
        "landuse": "greenhouse_horticulture",
        "@geometry": "center"
      },
      "geometry": {
        "type": "Point",
        "coordinates": [
          10.9053195,
          43.8924363
        ]
      },
      "id": "way/264973763"
    },
    {
      "type": "Feature",
      "properties": {
        "@id": "way/264973764",
        "building": "greenhouse",
        "building:levels": "1",
        "landuse": "greenhouse_horticulture",
        "@geometry": "center"
      },
      "geometry": {
        "type": "Point",
        "coordinates": [
          10.9089074,
          43.8899092
        ]
      },
      "id": "way/264973764"
    },
    {
      "type": "Feature",
      "properties": {
        "@id": "way/266298944",
        "landuse": "plant_nursery",
        "@geometry": "center"
      },
      "geometry": {
        "type": "Point",
        "coordinates": [
          10.9430353,
          43.9441315
        ]
      },
      "id": "way/266298944"
    },
    {
      "type": "Feature",
      "properties": {
        "@id": "way/266332064",
        "building": "greenhouse",
        "landuse": "greenhouse_horticulture",
        "@geometry": "center"
      },
      "geometry": {
        "type": "Point",
        "coordinates": [
          10.6674194,
          43.0146198
        ]
      },
      "id": "way/266332064"
    },
    {
      "type": "Feature",
      "properties": {
        "@id": "way/266332066",
        "building": "greenhouse",
        "landuse": "greenhouse_horticulture",
        "@geometry": "center"
      },
      "geometry": {
        "type": "Point",
        "coordinates": [
          10.6675952,
          43.0139347
        ]
      },
      "id": "way/266332066"
    },
    {
      "type": "Feature",
      "properties": {
        "@id": "way/266332068",
        "building": "greenhouse",
        "landuse": "greenhouse_horticulture",
        "@geometry": "center"
      },
      "geometry": {
        "type": "Point",
        "coordinates": [
          10.6677929,
          43.0133372
        ]
      },
      "id": "way/266332068"
    },
    {
      "type": "Feature",
      "properties": {
        "@id": "way/266332201",
        "building": "greenhouse",
        "landuse": "greenhouse_horticulture",
        "@geometry": "center"
      },
      "geometry": {
        "type": "Point",
        "coordinates": [
          10.6639989,
          43.0135134
        ]
      },
      "id": "way/266332201"
    },
    {
      "type": "Feature",
      "properties": {
        "@id": "way/266332202",
        "building": "greenhouse",
        "landuse": "greenhouse_horticulture",
        "@geometry": "center"
      },
      "geometry": {
        "type": "Point",
        "coordinates": [
          10.6652672,
          43.013881
        ]
      },
      "id": "way/266332202"
    },
    {
      "type": "Feature",
      "properties": {
        "@id": "way/267684109",
        "landuse": "plant_nursery",
        "@geometry": "center"
      },
      "geometry": {
        "type": "Point",
        "coordinates": [
          10.9020569,
          43.9134593
        ]
      },
      "id": "way/267684109"
    },
    {
      "type": "Feature",
      "properties": {
        "@id": "way/268087698",
        "building": "greenhouse",
        "landuse": "plant_nursery",
        "@geometry": "center"
      },
      "geometry": {
        "type": "Point",
        "coordinates": [
          10.2867941,
          43.8455199
        ]
      },
      "id": "way/268087698"
    },
    {
      "type": "Feature",
      "properties": {
        "@id": "way/268087699",
        "landuse": "greenhouse_horticulture",
        "@geometry": "center"
      },
      "geometry": {
        "type": "Point",
        "coordinates": [
          10.2793451,
          43.8440783
        ]
      },
      "id": "way/268087699"
    },
    {
      "type": "Feature",
      "properties": {
        "@id": "way/268087700",
        "landuse": "greenhouse_horticulture",
        "@geometry": "center"
      },
      "geometry": {
        "type": "Point",
        "coordinates": [
          10.277654,
          43.8451
        ]
      },
      "id": "way/268087700"
    },
    {
      "type": "Feature",
      "properties": {
        "@id": "way/273692451",
        "landuse": "plant_nursery",
        "@geometry": "center"
      },
      "geometry": {
        "type": "Point",
        "coordinates": [
          10.8897445,
          43.8983309
        ]
      },
      "id": "way/273692451"
    },
    {
      "type": "Feature",
      "properties": {
        "@id": "way/275284471",
        "landuse": "plant_nursery",
        "@geometry": "center"
      },
      "geometry": {
        "type": "Point",
        "coordinates": [
          10.8756306,
          43.902959
        ]
      },
      "id": "way/275284471"
    },
    {
      "type": "Feature",
      "properties": {
        "@id": "way/275284821",
        "landuse": "plant_nursery",
        "@geometry": "center"
      },
      "geometry": {
        "type": "Point",
        "coordinates": [
          10.8765719,
          43.9048162
        ]
      },
      "id": "way/275284821"
    },
    {
      "type": "Feature",
      "properties": {
        "@id": "way/275286649",
        "building": "greenhouse",
        "landuse": "greenhouse_horticulture",
        "@geometry": "center"
      },
      "geometry": {
        "type": "Point",
        "coordinates": [
          10.8778529,
          43.9063031
        ]
      },
      "id": "way/275286649"
    },
    {
      "type": "Feature",
      "properties": {
        "@id": "way/275286651",
        "landuse": "plant_nursery",
        "@geometry": "center"
      },
      "geometry": {
        "type": "Point",
        "coordinates": [
          10.8774282,
          43.9065707
        ]
      },
      "id": "way/275286651"
    },
    {
      "type": "Feature",
      "properties": {
        "@id": "way/275286877",
        "landuse": "plant_nursery",
        "@geometry": "center"
      },
      "geometry": {
        "type": "Point",
        "coordinates": [
          10.8790284,
          43.906719
        ]
      },
      "id": "way/275286877"
    },
    {
      "type": "Feature",
      "properties": {
        "@id": "way/275513722",
        "landuse": "plant_nursery",
        "@geometry": "center"
      },
      "geometry": {
        "type": "Point",
        "coordinates": [
          10.8687952,
          43.9145698
        ]
      },
      "id": "way/275513722"
    },
    {
      "type": "Feature",
      "properties": {
        "@id": "way/276654490",
        "landuse": "plant_nursery",
        "@geometry": "center"
      },
      "geometry": {
        "type": "Point",
        "coordinates": [
          10.9027817,
          43.9456512
        ]
      },
      "id": "way/276654490"
    },
    {
      "type": "Feature",
      "properties": {
        "@id": "way/277793559",
        "landuse": "plant_nursery",
        "@geometry": "center"
      },
      "geometry": {
        "type": "Point",
        "coordinates": [
          10.8967892,
          43.9183019
        ]
      },
      "id": "way/277793559"
    },
    {
      "type": "Feature",
      "properties": {
        "@id": "way/277794024",
        "building": "greenhouse",
        "building:levels": "1",
        "landuse": "greenhouse_horticulture",
        "@geometry": "center"
      },
      "geometry": {
        "type": "Point",
        "coordinates": [
          10.8980077,
          43.9163742
        ]
      },
      "id": "way/277794024"
    },
    {
      "type": "Feature",
      "properties": {
        "@id": "way/277794307",
        "building": "greenhouse",
        "landuse": "greenhouse_horticulture",
        "@geometry": "center"
      },
      "geometry": {
        "type": "Point",
        "coordinates": [
          10.8988696,
          43.9157682
        ]
      },
      "id": "way/277794307"
    },
    {
      "type": "Feature",
      "properties": {
        "@id": "way/277794515",
        "building": "greenhouse",
        "landuse": "greenhouse_horticulture",
        "@geometry": "center"
      },
      "geometry": {
        "type": "Point",
        "coordinates": [
          10.8961746,
          43.9174856
        ]
      },
      "id": "way/277794515"
    },
    {
      "type": "Feature",
      "properties": {
        "@id": "way/277933100",
        "shop": "garden_centre",
        "@geometry": "center"
      },
      "geometry": {
        "type": "Point",
        "coordinates": [
          10.3913351,
          43.7631309
        ]
      },
      "id": "way/277933100"
    },
    {
      "type": "Feature",
      "properties": {
        "@id": "way/278053092",
        "building": "greenhouse",
        "building:levels": "1",
        "landuse": "greenhouse_horticulture",
        "roof:shape": "round",
        "@geometry": "center"
      },
      "geometry": {
        "type": "Point",
        "coordinates": [
          10.8940766,
          43.9141236
        ]
      },
      "id": "way/278053092"
    },
    {
      "type": "Feature",
      "properties": {
        "@id": "way/278053216",
        "building": "greenhouse",
        "building:levels": "1",
        "landuse": "greenhouse_horticulture",
        "@geometry": "center"
      },
      "geometry": {
        "type": "Point",
        "coordinates": [
          10.8965977,
          43.9156707
        ]
      },
      "id": "way/278053216"
    },
    {
      "type": "Feature",
      "properties": {
        "@id": "way/278318352",
        "building": "greenhouse",
        "building:levels": "1",
        "landuse": "greenhouse_horticulture",
        "@geometry": "center"
      },
      "geometry": {
        "type": "Point",
        "coordinates": [
          10.8944958,
          43.911811
        ]
      },
      "id": "way/278318352"
    },
    {
      "type": "Feature",
      "properties": {
        "@id": "way/278318354",
        "building": "greenhouse",
        "building:levels": "1",
        "landuse": "greenhouse_horticulture",
        "@geometry": "center"
      },
      "geometry": {
        "type": "Point",
        "coordinates": [
          10.8947255,
          43.9119223
        ]
      },
      "id": "way/278318354"
    },
    {
      "type": "Feature",
      "properties": {
        "@id": "way/278318355",
        "building": "greenhouse",
        "building:levels": "1",
        "landuse": "greenhouse_horticulture",
        "@geometry": "center"
      },
      "geometry": {
        "type": "Point",
        "coordinates": [
          10.8945748,
          43.9121395
        ]
      },
      "id": "way/278318355"
    },
    {
      "type": "Feature",
      "properties": {
        "@id": "way/278318888",
        "building": "greenhouse",
        "landuse": "greenhouse_horticulture",
        "@geometry": "center"
      },
      "geometry": {
        "type": "Point",
        "coordinates": [
          10.8943387,
          43.9109758
        ]
      },
      "id": "way/278318888"
    },
    {
      "type": "Feature",
      "properties": {
        "@id": "way/278325571",
        "building": "greenhouse",
        "building:levels": "1",
        "landuse": "greenhouse_horticulture",
        "@geometry": "center"
      },
      "geometry": {
        "type": "Point",
        "coordinates": [
          10.8933764,
          43.9109156
        ]
      },
      "id": "way/278325571"
    },
    {
      "type": "Feature",
      "properties": {
        "@id": "way/278909916",
        "landuse": "plant_nursery",
        "@geometry": "center"
      },
      "geometry": {
        "type": "Point",
        "coordinates": [
          10.8832795,
          43.9140944
        ]
      },
      "id": "way/278909916"
    },
    {
      "type": "Feature",
      "properties": {
        "@id": "way/278909917",
        "landuse": "plant_nursery",
        "@geometry": "center"
      },
      "geometry": {
        "type": "Point",
        "coordinates": [
          10.8864733,
          43.9142576
        ]
      },
      "id": "way/278909917"
    },
    {
      "type": "Feature",
      "properties": {
        "@id": "way/279066972",
        "landuse": "plant_nursery",
        "@geometry": "center"
      },
      "geometry": {
        "type": "Point",
        "coordinates": [
          10.8865967,
          43.9198346
        ]
      },
      "id": "way/279066972"
    },
    {
      "type": "Feature",
      "properties": {
        "@id": "way/279069723",
        "landuse": "plant_nursery",
        "@geometry": "center"
      },
      "geometry": {
        "type": "Point",
        "coordinates": [
          10.8893002,
          43.9202276
        ]
      },
      "id": "way/279069723"
    },
    {
      "type": "Feature",
      "properties": {
        "@id": "way/280630169",
        "landuse": "plant_nursery",
        "@geometry": "center"
      },
      "geometry": {
        "type": "Point",
        "coordinates": [
          10.7347497,
          43.8174834
        ]
      },
      "id": "way/280630169"
    },
    {
      "type": "Feature",
      "properties": {
        "@id": "way/280630218",
        "landuse": "greenhouse_horticulture",
        "@geometry": "center"
      },
      "geometry": {
        "type": "Point",
        "coordinates": [
          10.7351687,
          43.8187519
        ]
      },
      "id": "way/280630218"
    },
    {
      "type": "Feature",
      "properties": {
        "@id": "way/280630274",
        "landuse": "greenhouse_horticulture",
        "@geometry": "center"
      },
      "geometry": {
        "type": "Point",
        "coordinates": [
          10.7358374,
          43.8176627
        ]
      },
      "id": "way/280630274"
    },
    {
      "type": "Feature",
      "properties": {
        "@id": "way/282313671",
        "building": "greenhouse",
        "building:levels": "1",
        "landuse": "greenhouse_horticulture",
        "@geometry": "center"
      },
      "geometry": {
        "type": "Point",
        "coordinates": [
          10.9078333,
          43.9065649
        ]
      },
      "id": "way/282313671"
    },
    {
      "type": "Feature",
      "properties": {
        "@id": "way/285907410",
        "building": "greenhouse",
        "building:levels": "1",
        "landuse": "greenhouse_horticulture",
        "@geometry": "center"
      },
      "geometry": {
        "type": "Point",
        "coordinates": [
          10.8997988,
          43.9263124
        ]
      },
      "id": "way/285907410"
    },
    {
      "type": "Feature",
      "properties": {
        "@id": "way/288844169",
        "landuse": "plant_nursery",
        "@geometry": "center"
      },
      "geometry": {
        "type": "Point",
        "coordinates": [
          10.9199781,
          43.9196735
        ]
      },
      "id": "way/288844169"
    },
    {
      "type": "Feature",
      "properties": {
        "@id": "way/303956258",
        "building": "greenhouse",
        "building:levels": "1",
        "landuse": "greenhouse_horticulture",
        "@geometry": "center"
      },
      "geometry": {
        "type": "Point",
        "coordinates": [
          10.892705,
          43.9298632
        ]
      },
      "id": "way/303956258"
    },
    {
      "type": "Feature",
      "properties": {
        "@id": "way/303956778",
        "building": "greenhouse",
        "building:levels": "1",
        "landuse": "greenhouse_horticulture",
        "@geometry": "center"
      },
      "geometry": {
        "type": "Point",
        "coordinates": [
          10.8826503,
          43.9441638
        ]
      },
      "id": "way/303956778"
    },
    {
      "type": "Feature",
      "properties": {
        "@id": "way/304067949",
        "building": "yes",
        "name": "Zooing",
        "shop": "garden_centre",
        "@geometry": "center"
      },
      "geometry": {
        "type": "Point",
        "coordinates": [
          10.7035174,
          43.5415699
        ]
      },
      "id": "way/304067949"
    },
    {
      "type": "Feature",
      "properties": {
        "@id": "way/306196178",
        "landuse": "greenhouse_horticulture",
        "@geometry": "center"
      },
      "geometry": {
        "type": "Point",
        "coordinates": [
          11.1050874,
          43.4214808
        ]
      },
      "id": "way/306196178"
    },
    {
      "type": "Feature",
      "properties": {
        "@id": "way/306196180",
        "landuse": "greenhouse_horticulture",
        "@geometry": "center"
      },
      "geometry": {
        "type": "Point",
        "coordinates": [
          11.1066004,
          43.4223166
        ]
      },
      "id": "way/306196180"
    },
    {
      "type": "Feature",
      "properties": {
        "@id": "way/306196182",
        "landuse": "greenhouse_horticulture",
        "@geometry": "center"
      },
      "geometry": {
        "type": "Point",
        "coordinates": [
          11.1059611,
          43.4219273
        ]
      },
      "id": "way/306196182"
    },
    {
      "type": "Feature",
      "properties": {
        "@id": "way/306687050",
        "landuse": "greenhouse_horticulture",
        "@geometry": "center"
      },
      "geometry": {
        "type": "Point",
        "coordinates": [
          11.2936273,
          43.7496748
        ]
      },
      "id": "way/306687050"
    },
    {
      "type": "Feature",
      "properties": {
        "@id": "way/308736827",
        "building": "greenhouse",
        "landuse": "greenhouse_horticulture",
        "@geometry": "center"
      },
      "geometry": {
        "type": "Point",
        "coordinates": [
          10.9054173,
          43.9011356
        ]
      },
      "id": "way/308736827"
    },
    {
      "type": "Feature",
      "properties": {
        "@id": "way/308737421",
        "building": "greenhouse",
        "building:levels": "1",
        "landuse": "greenhouse_horticulture",
        "@geometry": "center"
      },
      "geometry": {
        "type": "Point",
        "coordinates": [
          10.908069,
          43.9010534
        ]
      },
      "id": "way/308737421"
    },
    {
      "type": "Feature",
      "properties": {
        "@id": "way/308974536",
        "building": "greenhouse",
        "building:levels": "1",
        "landuse": "greenhouse_horticulture",
        "@geometry": "center"
      },
      "geometry": {
        "type": "Point",
        "coordinates": [
          10.9038304,
          43.9048666
        ]
      },
      "id": "way/308974536"
    },
    {
      "type": "Feature",
      "properties": {
        "@id": "way/308974537",
        "building": "greenhouse",
        "building:levels": "1",
        "landuse": "greenhouse_horticulture",
        "@geometry": "center"
      },
      "geometry": {
        "type": "Point",
        "coordinates": [
          10.9035796,
          43.9049009
        ]
      },
      "id": "way/308974537"
    },
    {
      "type": "Feature",
      "properties": {
        "@id": "way/309379682",
        "building": "greenhouse",
        "building:levels": "1",
        "landuse": "greenhouse_horticulture",
        "@geometry": "center"
      },
      "geometry": {
        "type": "Point",
        "coordinates": [
          10.8888177,
          43.9187054
        ]
      },
      "id": "way/309379682"
    },
    {
      "type": "Feature",
      "properties": {
        "@id": "way/309379683",
        "building": "greenhouse",
        "building:levels": "1",
        "landuse": "greenhouse_horticulture",
        "@geometry": "center"
      },
      "geometry": {
        "type": "Point",
        "coordinates": [
          10.8903378,
          43.9185117
        ]
      },
      "id": "way/309379683"
    },
    {
      "type": "Feature",
      "properties": {
        "@id": "way/313980710",
        "building": "greenhouse",
        "building:levels": "1",
        "landuse": "greenhouse_horticulture",
        "@geometry": "center"
      },
      "geometry": {
        "type": "Point",
        "coordinates": [
          10.8911477,
          43.9300825
        ]
      },
      "id": "way/313980710"
    },
    {
      "type": "Feature",
      "properties": {
        "@id": "way/313983293",
        "landuse": "plant_nursery",
        "@geometry": "center"
      },
      "geometry": {
        "type": "Point",
        "coordinates": [
          10.8922708,
          43.9315975
        ]
      },
      "id": "way/313983293"
    },
    {
      "type": "Feature",
      "properties": {
        "@id": "way/315273989",
        "name": "Centro Verde Giovannelli",
        "opening_hours": "Mo-Su 09:00-19:30",
        "shop": "garden_centre",
        "@geometry": "center"
      },
      "geometry": {
        "type": "Point",
        "coordinates": [
          10.1076698,
          44.0217926
        ]
      },
      "id": "way/315273989"
    },
    {
      "type": "Feature",
      "properties": {
        "@id": "way/316610768",
        "landuse": "plant_nursery",
        "@geometry": "center"
      },
      "geometry": {
        "type": "Point",
        "coordinates": [
          10.9055753,
          43.9025106
        ]
      },
      "id": "way/316610768"
    },
    {
      "type": "Feature",
      "properties": {
        "@id": "way/318695155",
        "building": "greenhouse",
        "building:levels": "1",
        "landuse": "greenhouse_horticulture",
        "@geometry": "center"
      },
      "geometry": {
        "type": "Point",
        "coordinates": [
          10.9002958,
          43.953808
        ]
      },
      "id": "way/318695155"
    },
    {
      "type": "Feature",
      "properties": {
        "@id": "way/320661303",
        "building": "greenhouse",
        "building:levels": "1",
        "landuse": "greenhouse_horticulture",
        "@geometry": "center"
      },
      "geometry": {
        "type": "Point",
        "coordinates": [
          10.8996356,
          43.9535598
        ]
      },
      "id": "way/320661303"
    },
    {
      "type": "Feature",
      "properties": {
        "@id": "way/321139346",
        "building": "greenhouse",
        "building:levels": "1",
        "landuse": "greenhouse_horticulture",
        "roof:shape": "gabled",
        "@geometry": "center"
      },
      "geometry": {
        "type": "Point",
        "coordinates": [
          10.8941011,
          43.9307308
        ]
      },
      "id": "way/321139346"
    },
    {
      "type": "Feature",
      "properties": {
        "@id": "way/326892447",
        "landuse": "plant_nursery",
        "@geometry": "center"
      },
      "geometry": {
        "type": "Point",
        "coordinates": [
          10.7510029,
          43.8233107
        ]
      },
      "id": "way/326892447"
    },
    {
      "type": "Feature",
      "properties": {
        "@id": "way/326919061",
        "landuse": "greenhouse_horticulture",
        "@geometry": "center"
      },
      "geometry": {
        "type": "Point",
        "coordinates": [
          10.4401455,
          44.0770039
        ]
      },
      "id": "way/326919061"
    },
    {
      "type": "Feature",
      "properties": {
        "@id": "way/326919062",
        "landuse": "greenhouse_horticulture",
        "@geometry": "center"
      },
      "geometry": {
        "type": "Point",
        "coordinates": [
          10.4403892,
          44.0770919
        ]
      },
      "id": "way/326919062"
    },
    {
      "type": "Feature",
      "properties": {
        "@id": "way/326919063",
        "landuse": "greenhouse_horticulture",
        "@geometry": "center"
      },
      "geometry": {
        "type": "Point",
        "coordinates": [
          10.4406927,
          44.0772735
        ]
      },
      "id": "way/326919063"
    },
    {
      "type": "Feature",
      "properties": {
        "@id": "way/326919064",
        "landuse": "greenhouse_horticulture",
        "@geometry": "center"
      },
      "geometry": {
        "type": "Point",
        "coordinates": [
          10.4408911,
          44.0775576
        ]
      },
      "id": "way/326919064"
    },
    {
      "type": "Feature",
      "properties": {
        "@id": "way/326919065",
        "landuse": "greenhouse_horticulture",
        "@geometry": "center"
      },
      "geometry": {
        "type": "Point",
        "coordinates": [
          10.4407784,
          44.0773907
        ]
      },
      "id": "way/326919065"
    },
    {
      "type": "Feature",
      "properties": {
        "@id": "way/328251190",
        "landuse": "greenhouse_horticulture",
        "@geometry": "center"
      },
      "geometry": {
        "type": "Point",
        "coordinates": [
          10.4612012,
          44.0691009
        ]
      },
      "id": "way/328251190"
    },
    {
      "type": "Feature",
      "properties": {
        "@id": "way/328251191",
        "landuse": "greenhouse_horticulture",
        "@geometry": "center"
      },
      "geometry": {
        "type": "Point",
        "coordinates": [
          10.4610256,
          44.0682305
        ]
      },
      "id": "way/328251191"
    },
    {
      "type": "Feature",
      "properties": {
        "@id": "way/328251192",
        "landuse": "greenhouse_horticulture",
        "@geometry": "center"
      },
      "geometry": {
        "type": "Point",
        "coordinates": [
          10.4615151,
          44.0686476
        ]
      },
      "id": "way/328251192"
    },
    {
      "type": "Feature",
      "properties": {
        "@id": "way/328251193",
        "landuse": "greenhouse_horticulture",
        "@geometry": "center"
      },
      "geometry": {
        "type": "Point",
        "coordinates": [
          10.4611224,
          44.0682859
        ]
      },
      "id": "way/328251193"
    },
    {
      "type": "Feature",
      "properties": {
        "@id": "way/328251194",
        "landuse": "greenhouse_horticulture",
        "@geometry": "center"
      },
      "geometry": {
        "type": "Point",
        "coordinates": [
          10.4613693,
          44.0683937
        ]
      },
      "id": "way/328251194"
    },
    {
      "type": "Feature",
      "properties": {
        "@id": "way/328251195",
        "landuse": "greenhouse_horticulture",
        "@geometry": "center"
      },
      "geometry": {
        "type": "Point",
        "coordinates": [
          10.4615765,
          44.0687492
        ]
      },
      "id": "way/328251195"
    },
    {
      "type": "Feature",
      "properties": {
        "@id": "way/328251196",
        "landuse": "greenhouse_horticulture",
        "@geometry": "center"
      },
      "geometry": {
        "type": "Point",
        "coordinates": [
          10.4614659,
          44.0684215
        ]
      },
      "id": "way/328251196"
    },
    {
      "type": "Feature",
      "properties": {
        "@id": "way/328649957",
        "landuse": "greenhouse_horticulture",
        "@geometry": "center"
      },
      "geometry": {
        "type": "Point",
        "coordinates": [
          10.4566174,
          44.0936998
        ]
      },
      "id": "way/328649957"
    },
    {
      "type": "Feature",
      "properties": {
        "@id": "way/328649958",
        "landuse": "greenhouse_horticulture",
        "@geometry": "center"
      },
      "geometry": {
        "type": "Point",
        "coordinates": [
          10.4566836,
          44.0936562
        ]
      },
      "id": "way/328649958"
    },
    {
      "type": "Feature",
      "properties": {
        "@id": "way/328649959",
        "landuse": "greenhouse_horticulture",
        "@geometry": "center"
      },
      "geometry": {
        "type": "Point",
        "coordinates": [
          10.4565256,
          44.0937202
        ]
      },
      "id": "way/328649959"
    },
    {
      "type": "Feature",
      "properties": {
        "@id": "way/328649960",
        "landuse": "greenhouse_horticulture",
        "@geometry": "center"
      },
      "geometry": {
        "type": "Point",
        "coordinates": [
          10.4567246,
          44.0939407
        ]
      },
      "id": "way/328649960"
    },
    {
      "type": "Feature",
      "properties": {
        "@id": "way/329734004",
        "building": "greenhouse",
        "building:levels": "1",
        "landuse": "greenhouse_horticulture",
        "@geometry": "center"
      },
      "geometry": {
        "type": "Point",
        "coordinates": [
          10.9086621,
          43.9035224
        ]
      },
      "id": "way/329734004"
    },
    {
      "type": "Feature",
      "properties": {
        "@id": "way/330777179",
        "landuse": "greenhouse_horticulture",
        "@geometry": "center"
      },
      "geometry": {
        "type": "Point",
        "coordinates": [
          10.7348236,
          43.8456641
        ]
      },
      "id": "way/330777179"
    },
    {
      "type": "Feature",
      "properties": {
        "@id": "way/330777195",
        "landuse": "greenhouse_horticulture",
        "@geometry": "center"
      },
      "geometry": {
        "type": "Point",
        "coordinates": [
          10.735615,
          43.8439147
        ]
      },
      "id": "way/330777195"
    },
    {
      "type": "Feature",
      "properties": {
        "@id": "way/331363377",
        "landuse": "greenhouse_horticulture",
        "@geometry": "center"
      },
      "geometry": {
        "type": "Point",
        "coordinates": [
          10.5356167,
          43.9767888
        ]
      },
      "id": "way/331363377"
    },
    {
      "type": "Feature",
      "properties": {
        "@id": "way/331363378",
        "landuse": "greenhouse_horticulture",
        "@geometry": "center"
      },
      "geometry": {
        "type": "Point",
        "coordinates": [
          10.5342384,
          43.9811703
        ]
      },
      "id": "way/331363378"
    },
    {
      "type": "Feature",
      "properties": {
        "@id": "way/331363379",
        "landuse": "greenhouse_horticulture",
        "@geometry": "center"
      },
      "geometry": {
        "type": "Point",
        "coordinates": [
          10.5350957,
          43.9773618
        ]
      },
      "id": "way/331363379"
    },
    {
      "type": "Feature",
      "properties": {
        "@id": "way/331363382",
        "landuse": "greenhouse_horticulture",
        "@geometry": "center"
      },
      "geometry": {
        "type": "Point",
        "coordinates": [
          10.5354094,
          43.9776146
        ]
      },
      "id": "way/331363382"
    },
    {
      "type": "Feature",
      "properties": {
        "@id": "way/331363383",
        "landuse": "greenhouse_horticulture",
        "@geometry": "center"
      },
      "geometry": {
        "type": "Point",
        "coordinates": [
          10.5345517,
          43.9805949
        ]
      },
      "id": "way/331363383"
    },
    {
      "type": "Feature",
      "properties": {
        "@id": "way/331363384",
        "landuse": "greenhouse_horticulture",
        "@geometry": "center"
      },
      "geometry": {
        "type": "Point",
        "coordinates": [
          10.5349239,
          43.9779206
        ]
      },
      "id": "way/331363384"
    },
    {
      "type": "Feature",
      "properties": {
        "@id": "way/331363386",
        "landuse": "greenhouse_horticulture",
        "@geometry": "center"
      },
      "geometry": {
        "type": "Point",
        "coordinates": [
          10.5349358,
          43.97803
        ]
      },
      "id": "way/331363386"
    },
    {
      "type": "Feature",
      "properties": {
        "@id": "way/331363388",
        "landuse": "greenhouse_horticulture",
        "@geometry": "center"
      },
      "geometry": {
        "type": "Point",
        "coordinates": [
          10.5354198,
          43.9780417
        ]
      },
      "id": "way/331363388"
    },
    {
      "type": "Feature",
      "properties": {
        "@id": "way/331363389",
        "landuse": "greenhouse_horticulture",
        "@geometry": "center"
      },
      "geometry": {
        "type": "Point",
        "coordinates": [
          10.5343747,
          43.9808862
        ]
      },
      "id": "way/331363389"
    },
    {
      "type": "Feature",
      "properties": {
        "@id": "way/333668197",
        "building": "yes",
        "shop": "garden_centre",
        "@geometry": "center"
      },
      "geometry": {
        "type": "Point",
        "coordinates": [
          11.1698771,
          43.4555652
        ]
      },
      "id": "way/333668197"
    },
    {
      "type": "Feature",
      "properties": {
        "@id": "way/333852141",
        "landuse": "plant_nursery",
        "@geometry": "center"
      },
      "geometry": {
        "type": "Point",
        "coordinates": [
          10.7282036,
          43.8160326
        ]
      },
      "id": "way/333852141"
    },
    {
      "type": "Feature",
      "properties": {
        "@id": "way/333852155",
        "landuse": "plant_nursery",
        "@geometry": "center"
      },
      "geometry": {
        "type": "Point",
        "coordinates": [
          10.7258559,
          43.8156912
        ]
      },
      "id": "way/333852155"
    },
    {
      "type": "Feature",
      "properties": {
        "@id": "way/333853789",
        "landuse": "plant_nursery",
        "@geometry": "center"
      },
      "geometry": {
        "type": "Point",
        "coordinates": [
          10.7284948,
          43.8327098
        ]
      },
      "id": "way/333853789"
    },
    {
      "type": "Feature",
      "properties": {
        "@id": "way/333963658",
        "building": "greenhouse",
        "building:levels": "1",
        "landuse": "greenhouse_horticulture",
        "@geometry": "center"
      },
      "geometry": {
        "type": "Point",
        "coordinates": [
          10.8573071,
          43.9294538
        ]
      },
      "id": "way/333963658"
    },
    {
      "type": "Feature",
      "properties": {
        "@id": "way/334339620",
        "landuse": "plant_nursery",
        "@geometry": "center"
      },
      "geometry": {
        "type": "Point",
        "coordinates": [
          10.7215519,
          43.8193962
        ]
      },
      "id": "way/334339620"
    },
    {
      "type": "Feature",
      "properties": {
        "@id": "way/338180580",
        "landuse": "greenhouse_horticulture",
        "@geometry": "center"
      },
      "geometry": {
        "type": "Point",
        "coordinates": [
          10.534892,
          43.9812097
        ]
      },
      "id": "way/338180580"
    },
    {
      "type": "Feature",
      "properties": {
        "@id": "way/341840067",
        "landuse": "plant_nursery",
        "@geometry": "center"
      },
      "geometry": {
        "type": "Point",
        "coordinates": [
          10.897697,
          43.9351951
        ]
      },
      "id": "way/341840067"
    },
    {
      "type": "Feature",
      "properties": {
        "@id": "way/344218757",
        "landuse": "plant_nursery",
        "@geometry": "center"
      },
      "geometry": {
        "type": "Point",
        "coordinates": [
          10.8572508,
          43.9061954
        ]
      },
      "id": "way/344218757"
    },
    {
      "type": "Feature",
      "properties": {
        "@id": "way/353408935",
        "landuse": "plant_nursery",
        "@geometry": "center"
      },
      "geometry": {
        "type": "Point",
        "coordinates": [
          10.9130248,
          43.9052906
        ]
      },
      "id": "way/353408935"
    },
    {
      "type": "Feature",
      "properties": {
        "@id": "way/353535554",
        "building": "greenhouse",
        "building:levels": "1",
        "landuse": "plant_nursery",
        "@geometry": "center"
      },
      "geometry": {
        "type": "Point",
        "coordinates": [
          10.9149604,
          43.9001372
        ]
      },
      "id": "way/353535554"
    },
    {
      "type": "Feature",
      "properties": {
        "@id": "way/353535555",
        "building": "greenhouse",
        "building:levels": "1",
        "landuse": "plant_nursery",
        "@geometry": "center"
      },
      "geometry": {
        "type": "Point",
        "coordinates": [
          10.9142508,
          43.9002124
        ]
      },
      "id": "way/353535555"
    },
    {
      "type": "Feature",
      "properties": {
        "@id": "way/353535556",
        "building": "greenhouse",
        "building:levels": "1",
        "landuse": "plant_nursery",
        "@geometry": "center"
      },
      "geometry": {
        "type": "Point",
        "coordinates": [
          10.9146225,
          43.9001677
        ]
      },
      "id": "way/353535556"
    },
    {
      "type": "Feature",
      "properties": {
        "@id": "way/353536543",
        "building": "greenhouse",
        "building:levels": "1",
        "landuse": "plant_nursery",
        "@geometry": "center"
      },
      "geometry": {
        "type": "Point",
        "coordinates": [
          10.9156302,
          43.9018604
        ]
      },
      "id": "way/353536543"
    },
    {
      "type": "Feature",
      "properties": {
        "@id": "way/353537476",
        "building": "greenhouse",
        "building:levels": "1",
        "landuse": "plant_nursery",
        "@geometry": "center"
      },
      "geometry": {
        "type": "Point",
        "coordinates": [
          10.9124438,
          43.9061873
        ]
      },
      "id": "way/353537476"
    },
    {
      "type": "Feature",
      "properties": {
        "@id": "way/353589187",
        "landuse": "plant_nursery",
        "@geometry": "center"
      },
      "geometry": {
        "type": "Point",
        "coordinates": [
          10.9179603,
          43.9208813
        ]
      },
      "id": "way/353589187"
    },
    {
      "type": "Feature",
      "properties": {
        "@id": "way/353592116",
        "building": "greenhouse",
        "building:levels": "1",
        "landuse": "plant_nursery",
        "@geometry": "center"
      },
      "geometry": {
        "type": "Point",
        "coordinates": [
          10.9153515,
          43.9158593
        ]
      },
      "id": "way/353592116"
    },
    {
      "type": "Feature",
      "properties": {
        "@id": "way/358903454",
        "landuse": "plant_nursery",
        "@geometry": "center"
      },
      "geometry": {
        "type": "Point",
        "coordinates": [
          10.9730843,
          43.9438364
        ]
      },
      "id": "way/358903454"
    },
    {
      "type": "Feature",
      "properties": {
        "@id": "way/361382176",
        "landuse": "plant_nursery",
        "@geometry": "center"
      },
      "geometry": {
        "type": "Point",
        "coordinates": [
          10.8571817,
          43.9085245
        ]
      },
      "id": "way/361382176"
    },
    {
      "type": "Feature",
      "properties": {
        "@id": "way/361382177",
        "landuse": "plant_nursery",
        "@geometry": "center"
      },
      "geometry": {
        "type": "Point",
        "coordinates": [
          10.8560356,
          43.9030133
        ]
      },
      "id": "way/361382177"
    },
    {
      "type": "Feature",
      "properties": {
        "@id": "way/362082034",
        "landuse": "greenhouse_horticulture",
        "@geometry": "center"
      },
      "geometry": {
        "type": "Point",
        "coordinates": [
          11.4319564,
          43.3103081
        ]
      },
      "id": "way/362082034"
    },
    {
      "type": "Feature",
      "properties": {
        "@id": "way/362280441",
        "landuse": "plant_nursery",
        "@geometry": "center"
      },
      "geometry": {
        "type": "Point",
        "coordinates": [
          10.9049243,
          43.8876335
        ]
      },
      "id": "way/362280441"
    },
    {
      "type": "Feature",
      "properties": {
        "@id": "way/362896738",
        "addr:city": "Altopascio",
        "addr:housenumber": "3b",
        "addr:postcode": "55010",
        "addr:street": "Località Tavolaia",
        "addr:village": "Marginone",
        "building": "greenhouse",
        "name": "Garden Cinzia",
        "shop": "garden_centre",
        "@geometry": "center"
      },
      "geometry": {
        "type": "Point",
        "coordinates": [
          10.6890321,
          43.8328755
        ]
      },
      "id": "way/362896738"
    },
    {
      "type": "Feature",
      "properties": {
        "@id": "way/363760125",
        "building": "greenhouse",
        "shop": "garden_centre",
        "@geometry": "center"
      },
      "geometry": {
        "type": "Point",
        "coordinates": [
          10.6944434,
          43.8723225
        ]
      },
      "id": "way/363760125"
    },
    {
      "type": "Feature",
      "properties": {
        "@id": "way/363776956",
        "landuse": "plant_nursery",
        "@geometry": "center"
      },
      "geometry": {
        "type": "Point",
        "coordinates": [
          10.8989652,
          43.891345
        ]
      },
      "id": "way/363776956"
    },
    {
      "type": "Feature",
      "properties": {
        "@id": "way/363776957",
        "landuse": "plant_nursery",
        "@geometry": "center"
      },
      "geometry": {
        "type": "Point",
        "coordinates": [
          10.9028254,
          43.8909424
        ]
      },
      "id": "way/363776957"
    },
    {
      "type": "Feature",
      "properties": {
        "@id": "way/364464263",
        "addr:city": "Castellare di Pescia",
        "addr:housenumber": "55",
        "addr:postcode": "51012",
        "addr:street": "Via del Tiro a Segno",
        "building": "yes",
        "contact:email": "info@oscartintori.it",
        "name": "Vivai Oscar Tintori",
        "phone": "+39 0572 429191",
        "shop": "garden_centre",
        "trees": "orange_trees",
        "@geometry": "center"
      },
      "geometry": {
        "type": "Point",
        "coordinates": [
          10.6715213,
          43.8841894
        ]
      },
      "id": "way/364464263"
    },
    {
      "type": "Feature",
      "properties": {
        "@id": "way/367489463",
        "addr:postcode": "50059",
        "addr:street": "Via Palmiro Togliatti",
        "building": "yes",
        "name": "Agraria il Girasole",
        "opening_hours": "Mo-Fr 08:30-13:00,15:30-20:00; Sa 08:30-13:00",
        "shop": "garden_centre",
        "@geometry": "center"
      },
      "geometry": {
        "type": "Point",
        "coordinates": [
          10.9444249,
          43.7258938
        ]
      },
      "id": "way/367489463"
    },
    {
      "type": "Feature",
      "properties": {
        "@id": "way/371692429",
        "landuse": "greenhouse_horticulture",
        "@geometry": "center"
      },
      "geometry": {
        "type": "Point",
        "coordinates": [
          10.725602,
          43.8232626
        ]
      },
      "id": "way/371692429"
    },
    {
      "type": "Feature",
      "properties": {
        "@id": "way/371726654",
        "landuse": "greenhouse_horticulture",
        "@geometry": "center"
      },
      "geometry": {
        "type": "Point",
        "coordinates": [
          10.7295937,
          43.8357745
        ]
      },
      "id": "way/371726654"
    },
    {
      "type": "Feature",
      "properties": {
        "@id": "way/371762608",
        "landuse": "greenhouse_horticulture",
        "@geometry": "center"
      },
      "geometry": {
        "type": "Point",
        "coordinates": [
          10.7240777,
          43.8563956
        ]
      },
      "id": "way/371762608"
    },
    {
      "type": "Feature",
      "properties": {
        "@id": "way/371762617",
        "landuse": "greenhouse_horticulture",
        "@geometry": "center"
      },
      "geometry": {
        "type": "Point",
        "coordinates": [
          10.720532,
          43.8584822
        ]
      },
      "id": "way/371762617"
    },
    {
      "type": "Feature",
      "properties": {
        "@id": "way/377142133",
        "landuse": "plant_nursery",
        "@geometry": "center"
      },
      "geometry": {
        "type": "Point",
        "coordinates": [
          10.8973147,
          43.8993799
        ]
      },
      "id": "way/377142133"
    },
    {
      "type": "Feature",
      "properties": {
        "@id": "way/377145731",
        "landuse": "plant_nursery",
        "@geometry": "center"
      },
      "geometry": {
        "type": "Point",
        "coordinates": [
          10.9017752,
          43.8987376
        ]
      },
      "id": "way/377145731"
    },
    {
      "type": "Feature",
      "properties": {
        "@id": "way/378428041",
        "landuse": "plant_nursery",
        "@geometry": "center"
      },
      "geometry": {
        "type": "Point",
        "coordinates": [
          10.8903591,
          43.9731843
        ]
      },
      "id": "way/378428041"
    },
    {
      "type": "Feature",
      "properties": {
        "@id": "way/379556182",
        "landuse": "plant_nursery",
        "@geometry": "center"
      },
      "geometry": {
        "type": "Point",
        "coordinates": [
          10.8988938,
          43.9525764
        ]
      },
      "id": "way/379556182"
    },
    {
      "type": "Feature",
      "properties": {
        "@id": "way/380372708",
        "landuse": "plant_nursery",
        "@geometry": "center"
      },
      "geometry": {
        "type": "Point",
        "coordinates": [
          10.8850507,
          43.925049
        ]
      },
      "id": "way/380372708"
    },
    {
      "type": "Feature",
      "properties": {
        "@id": "way/381198690",
        "landuse": "plant_nursery",
        "@geometry": "center"
      },
      "geometry": {
        "type": "Point",
        "coordinates": [
          10.8925533,
          43.92751
        ]
      },
      "id": "way/381198690"
    },
    {
      "type": "Feature",
      "properties": {
        "@id": "way/381855222",
        "landuse": "plant_nursery",
        "@geometry": "center"
      },
      "geometry": {
        "type": "Point",
        "coordinates": [
          10.9057044,
          43.9132607
        ]
      },
      "id": "way/381855222"
    },
    {
      "type": "Feature",
      "properties": {
        "@id": "way/382669265",
        "building": "greenhouse",
        "building:levels": "1",
        "landuse": "greenhouse_horticulture",
        "@geometry": "center"
      },
      "geometry": {
        "type": "Point",
        "coordinates": [
          10.908276,
          43.9116289
        ]
      },
      "id": "way/382669265"
    },
    {
      "type": "Feature",
      "properties": {
        "@id": "way/382670288",
        "building": "greenhouse",
        "building:levels": "1",
        "landuse": "greenhouse_horticulture",
        "@geometry": "center"
      },
      "geometry": {
        "type": "Point",
        "coordinates": [
          10.9052932,
          43.9063851
        ]
      },
      "id": "way/382670288"
    },
    {
      "type": "Feature",
      "properties": {
        "@id": "way/382670826",
        "building": "greenhouse",
        "building:levels": "1",
        "landuse": "greenhouse_horticulture",
        "@geometry": "center"
      },
      "geometry": {
        "type": "Point",
        "coordinates": [
          10.9100623,
          43.910827
        ]
      },
      "id": "way/382670826"
    },
    {
      "type": "Feature",
      "properties": {
        "@id": "way/382671357",
        "building": "greenhouse",
        "building:levels": "1",
        "landuse": "greenhouse_horticulture",
        "@geometry": "center"
      },
      "geometry": {
        "type": "Point",
        "coordinates": [
          10.9078894,
          43.9005596
        ]
      },
      "id": "way/382671357"
    },
    {
      "type": "Feature",
      "properties": {
        "@id": "way/382671833",
        "landuse": "plant_nursery",
        "@geometry": "center"
      },
      "geometry": {
        "type": "Point",
        "coordinates": [
          10.9077052,
          43.9011049
        ]
      },
      "id": "way/382671833"
    },
    {
      "type": "Feature",
      "properties": {
        "@id": "way/382672992",
        "landuse": "plant_nursery",
        "@geometry": "center"
      },
      "geometry": {
        "type": "Point",
        "coordinates": [
          10.9075251,
          43.9002308
        ]
      },
      "id": "way/382672992"
    },
    {
      "type": "Feature",
      "properties": {
        "@id": "way/382874355",
        "landuse": "plant_nursery",
        "@geometry": "center"
      },
      "geometry": {
        "type": "Point",
        "coordinates": [
          10.8843809,
          43.9112912
        ]
      },
      "id": "way/382874355"
    },
    {
      "type": "Feature",
      "properties": {
        "@id": "way/382875930",
        "landuse": "plant_nursery",
        "@geometry": "center"
      },
      "geometry": {
        "type": "Point",
        "coordinates": [
          10.8780697,
          43.9120528
        ]
      },
      "id": "way/382875930"
    },
    {
      "type": "Feature",
      "properties": {
        "@id": "way/383055897",
        "landuse": "plant_nursery",
        "@geometry": "center"
      },
      "geometry": {
        "type": "Point",
        "coordinates": [
          10.8953052,
          43.9043951
        ]
      },
      "id": "way/383055897"
    },
    {
      "type": "Feature",
      "properties": {
        "@id": "way/383297176",
        "building": "greenhouse",
        "building:levels": "1",
        "landuse": "greenhouse_horticulture",
        "@geometry": "center"
      },
      "geometry": {
        "type": "Point",
        "coordinates": [
          10.9022098,
          43.9056564
        ]
      },
      "id": "way/383297176"
    },
    {
      "type": "Feature",
      "properties": {
        "@id": "way/383298440",
        "building": "greenhouse",
        "building:levels": "1",
        "landuse": "greenhouse_horticulture",
        "@geometry": "center"
      },
      "geometry": {
        "type": "Point",
        "coordinates": [
          10.9034824,
          43.9095451
        ]
      },
      "id": "way/383298440"
    },
    {
      "type": "Feature",
      "properties": {
        "@id": "way/383298441",
        "building": "greenhouse",
        "building:levels": "1",
        "landuse": "greenhouse_horticulture",
        "@geometry": "center"
      },
      "geometry": {
        "type": "Point",
        "coordinates": [
          10.9026337,
          43.9100923
        ]
      },
      "id": "way/383298441"
    },
    {
      "type": "Feature",
      "properties": {
        "@id": "way/383299102",
        "building": "greenhouse",
        "building:levels": "1",
        "landuse": "greenhouse_horticulture",
        "@geometry": "center"
      },
      "geometry": {
        "type": "Point",
        "coordinates": [
          10.9059808,
          43.9056449
        ]
      },
      "id": "way/383299102"
    },
    {
      "type": "Feature",
      "properties": {
        "@id": "way/383953294",
        "building": "greenhouse",
        "building:levels": "1",
        "landuse": "greenhouse_horticulture",
        "@geometry": "center"
      },
      "geometry": {
        "type": "Point",
        "coordinates": [
          10.9215239,
          43.9014516
        ]
      },
      "id": "way/383953294"
    },
    {
      "type": "Feature",
      "properties": {
        "@id": "way/383953295",
        "building": "greenhouse",
        "building:levels": "1",
        "landuse": "greenhouse_horticulture",
        "@geometry": "center"
      },
      "geometry": {
        "type": "Point",
        "coordinates": [
          10.9217253,
          43.9011994
        ]
      },
      "id": "way/383953295"
    },
    {
      "type": "Feature",
      "properties": {
        "@id": "way/383954029",
        "building": "greenhouse",
        "building:levels": "1",
        "landuse": "greenhouse_horticulture",
        "@geometry": "center"
      },
      "geometry": {
        "type": "Point",
        "coordinates": [
          10.9231023,
          43.8990821
        ]
      },
      "id": "way/383954029"
    },
    {
      "type": "Feature",
      "properties": {
        "@id": "node/384250361",
        "name": "Vivaio Principina",
        "shop": "garden_centre",
        "website": "https://www.vivaioprincipina.com/"
      },
      "geometry": {
        "type": "Point",
        "coordinates": [
          11.0179475,
          42.7062551
        ]
      },
      "id": "node/384250361"
    },
    {
      "type": "Feature",
      "properties": {
        "@id": "way/385717034",
        "landuse": "plant_nursery",
        "@geometry": "center"
      },
      "geometry": {
        "type": "Point",
        "coordinates": [
          11.0724864,
          43.8262809
        ]
      },
      "id": "way/385717034"
    },
    {
      "type": "Feature",
      "properties": {
        "@id": "way/385732716",
        "landuse": "plant_nursery",
        "@geometry": "center"
      },
      "geometry": {
        "type": "Point",
        "coordinates": [
          11.0047009,
          43.8751037
        ]
      },
      "id": "way/385732716"
    },
    {
      "type": "Feature",
      "properties": {
        "@id": "way/385732725",
        "landuse": "plant_nursery",
        "@geometry": "center"
      },
      "geometry": {
        "type": "Point",
        "coordinates": [
          11.0080859,
          43.873251
        ]
      },
      "id": "way/385732725"
    },
    {
      "type": "Feature",
      "properties": {
        "@id": "way/385822274",
        "landuse": "greenhouse_horticulture",
        "@geometry": "center"
      },
      "geometry": {
        "type": "Point",
        "coordinates": [
          11.1570881,
          43.7763813
        ]
      },
      "id": "way/385822274"
    },
    {
      "type": "Feature",
      "properties": {
        "@id": "way/385822295",
        "landuse": "greenhouse_horticulture",
        "@geometry": "center"
      },
      "geometry": {
        "type": "Point",
        "coordinates": [
          11.1592655,
          43.7783238
        ]
      },
      "id": "way/385822295"
    },
    {
      "type": "Feature",
      "properties": {
        "@id": "way/385823765",
        "landuse": "greenhouse_horticulture",
        "@geometry": "center"
      },
      "geometry": {
        "type": "Point",
        "coordinates": [
          11.1567441,
          43.7846046
        ]
      },
      "id": "way/385823765"
    },
    {
      "type": "Feature",
      "properties": {
        "@id": "way/385823770",
        "landuse": "greenhouse_horticulture",
        "@geometry": "center"
      },
      "geometry": {
        "type": "Point",
        "coordinates": [
          11.1585034,
          43.7807434
        ]
      },
      "id": "way/385823770"
    },
    {
      "type": "Feature",
      "properties": {
        "@id": "way/385823772",
        "landuse": "greenhouse_horticulture",
        "@geometry": "center"
      },
      "geometry": {
        "type": "Point",
        "coordinates": [
          11.1578621,
          43.78283
        ]
      },
      "id": "way/385823772"
    },
    {
      "type": "Feature",
      "properties": {
        "@id": "way/385866768",
        "landuse": "plant_nursery",
        "@geometry": "center"
      },
      "geometry": {
        "type": "Point",
        "coordinates": [
          11.0312928,
          43.8448733
        ]
      },
      "id": "way/385866768"
    },
    {
      "type": "Feature",
      "properties": {
        "@id": "way/385866770",
        "landuse": "plant_nursery",
        "@geometry": "center"
      },
      "geometry": {
        "type": "Point",
        "coordinates": [
          10.9760356,
          43.8657395
        ]
      },
      "id": "way/385866770"
    },
    {
      "type": "Feature",
      "properties": {
        "@id": "way/385866772",
        "landuse": "plant_nursery",
        "@geometry": "center"
      },
      "geometry": {
        "type": "Point",
        "coordinates": [
          10.9595268,
          43.8688761
        ]
      },
      "id": "way/385866772"
    },
    {
      "type": "Feature",
      "properties": {
        "@id": "way/385866783",
        "landuse": "plant_nursery",
        "@geometry": "center"
      },
      "geometry": {
        "type": "Point",
        "coordinates": [
          10.9809072,
          43.8631597
        ]
      },
      "id": "way/385866783"
    },
    {
      "type": "Feature",
      "properties": {
        "@id": "way/385866784",
        "landuse": "plant_nursery",
        "@geometry": "center"
      },
      "geometry": {
        "type": "Point",
        "coordinates": [
          10.9836422,
          43.8697207
        ]
      },
      "id": "way/385866784"
    },
    {
      "type": "Feature",
      "properties": {
        "@id": "way/385866787",
        "landuse": "plant_nursery",
        "@geometry": "center"
      },
      "geometry": {
        "type": "Point",
        "coordinates": [
          10.9325981,
          43.8816872
        ]
      },
      "id": "way/385866787"
    },
    {
      "type": "Feature",
      "properties": {
        "@id": "way/385866791",
        "landuse": "plant_nursery",
        "@geometry": "center"
      },
      "geometry": {
        "type": "Point",
        "coordinates": [
          10.9530252,
          43.8735466
        ]
      },
      "id": "way/385866791"
    },
    {
      "type": "Feature",
      "properties": {
        "@id": "way/385869067",
        "landuse": "plant_nursery",
        "@geometry": "center"
      },
      "geometry": {
        "type": "Point",
        "coordinates": [
          11.0220018,
          43.8482594
        ]
      },
      "id": "way/385869067"
    },
    {
      "type": "Feature",
      "properties": {
        "@id": "way/385869069",
        "landuse": "plant_nursery",
        "@geometry": "center"
      },
      "geometry": {
        "type": "Point",
        "coordinates": [
          10.9938133,
          43.8982573
        ]
      },
      "id": "way/385869069"
    },
    {
      "type": "Feature",
      "properties": {
        "@id": "way/385869075",
        "landuse": "plant_nursery",
        "@geometry": "center"
      },
      "geometry": {
        "type": "Point",
        "coordinates": [
          10.995688,
          43.8912632
        ]
      },
      "id": "way/385869075"
    },
    {
      "type": "Feature",
      "properties": {
        "@id": "way/385869078",
        "landuse": "plant_nursery",
        "@geometry": "center"
      },
      "geometry": {
        "type": "Point",
        "coordinates": [
          10.9919541,
          43.8943244
        ]
      },
      "id": "way/385869078"
    },
    {
      "type": "Feature",
      "properties": {
        "@id": "way/385869079",
        "landuse": "plant_nursery",
        "@geometry": "center"
      },
      "geometry": {
        "type": "Point",
        "coordinates": [
          10.9896069,
          43.8948463
        ]
      },
      "id": "way/385869079"
    },
    {
      "type": "Feature",
      "properties": {
        "@id": "way/385869080",
        "landuse": "plant_nursery",
        "@geometry": "center"
      },
      "geometry": {
        "type": "Point",
        "coordinates": [
          11.0297695,
          43.8566423
        ]
      },
      "id": "way/385869080"
    },
    {
      "type": "Feature",
      "properties": {
        "@id": "way/385869081",
        "landuse": "plant_nursery",
        "@geometry": "center"
      },
      "geometry": {
        "type": "Point",
        "coordinates": [
          11.0004251,
          43.8947108
        ]
      },
      "id": "way/385869081"
    },
    {
      "type": "Feature",
      "properties": {
        "@id": "way/385871226",
        "landuse": "plant_nursery",
        "@geometry": "center"
      },
      "geometry": {
        "type": "Point",
        "coordinates": [
          10.9814864,
          43.9310983
        ]
      },
      "id": "way/385871226"
    },
    {
      "type": "Feature",
      "properties": {
        "@id": "way/385871228",
        "landuse": "plant_nursery",
        "@geometry": "center"
      },
      "geometry": {
        "type": "Point",
        "coordinates": [
          10.9701826,
          43.9311475
        ]
      },
      "id": "way/385871228"
    },
    {
      "type": "Feature",
      "properties": {
        "@id": "way/385893803",
        "landuse": "plant_nursery",
        "@geometry": "center"
      },
      "geometry": {
        "type": "Point",
        "coordinates": [
          11.0271576,
          43.8901848
        ]
      },
      "id": "way/385893803"
    },
    {
      "type": "Feature",
      "properties": {
        "@id": "way/385893804",
        "landuse": "plant_nursery",
        "@geometry": "center"
      },
      "geometry": {
        "type": "Point",
        "coordinates": [
          11.0338188,
          43.8843251
        ]
      },
      "id": "way/385893804"
    },
    {
      "type": "Feature",
      "properties": {
        "@id": "way/385893810",
        "landuse": "plant_nursery",
        "@geometry": "center"
      },
      "geometry": {
        "type": "Point",
        "coordinates": [
          11.0267016,
          43.8992043
        ]
      },
      "id": "way/385893810"
    },
    {
      "type": "Feature",
      "properties": {
        "@id": "way/385893812",
        "landuse": "plant_nursery",
        "@geometry": "center"
      },
      "geometry": {
        "type": "Point",
        "coordinates": [
          11.023653,
          43.9012329
        ]
      },
      "id": "way/385893812"
    },
    {
      "type": "Feature",
      "properties": {
        "@id": "way/385893819",
        "landuse": "plant_nursery",
        "@geometry": "center"
      },
      "geometry": {
        "type": "Point",
        "coordinates": [
          11.0350281,
          43.8940968
        ]
      },
      "id": "way/385893819"
    },
    {
      "type": "Feature",
      "properties": {
        "@id": "way/385893826",
        "landuse": "plant_nursery",
        "@geometry": "center"
      },
      "geometry": {
        "type": "Point",
        "coordinates": [
          11.0204535,
          43.896246
        ]
      },
      "id": "way/385893826"
    },
    {
      "type": "Feature",
      "properties": {
        "@id": "way/385893828",
        "landuse": "plant_nursery",
        "@geometry": "center"
      },
      "geometry": {
        "type": "Point",
        "coordinates": [
          11.0508467,
          43.8930294
        ]
      },
      "id": "way/385893828"
    },
    {
      "type": "Feature",
      "properties": {
        "@id": "way/385907072",
        "landuse": "plant_nursery",
        "@geometry": "center"
      },
      "geometry": {
        "type": "Point",
        "coordinates": [
          10.9335526,
          43.8846202
        ]
      },
      "id": "way/385907072"
    },
    {
      "type": "Feature",
      "properties": {
        "@id": "way/385907074",
        "landuse": "plant_nursery",
        "@geometry": "center"
      },
      "geometry": {
        "type": "Point",
        "coordinates": [
          10.9194098,
          43.8809435
        ]
      },
      "id": "way/385907074"
    },
    {
      "type": "Feature",
      "properties": {
        "@id": "way/385907076",
        "landuse": "plant_nursery",
        "@geometry": "center"
      },
      "geometry": {
        "type": "Point",
        "coordinates": [
          10.9188605,
          43.8784971
        ]
      },
      "id": "way/385907076"
    },
    {
      "type": "Feature",
      "properties": {
        "@id": "way/385907078",
        "landuse": "plant_nursery",
        "@geometry": "center"
      },
      "geometry": {
        "type": "Point",
        "coordinates": [
          10.923159,
          43.8755183
        ]
      },
      "id": "way/385907078"
    },
    {
      "type": "Feature",
      "properties": {
        "@id": "way/385907079",
        "landuse": "plant_nursery",
        "@geometry": "center"
      },
      "geometry": {
        "type": "Point",
        "coordinates": [
          10.9166924,
          43.8818424
        ]
      },
      "id": "way/385907079"
    },
    {
      "type": "Feature",
      "properties": {
        "@id": "way/385907559",
        "landuse": "plant_nursery",
        "@geometry": "center"
      },
      "geometry": {
        "type": "Point",
        "coordinates": [
          10.9031006,
          43.8927059
        ]
      },
      "id": "way/385907559"
    },
    {
      "type": "Feature",
      "properties": {
        "@id": "way/385908335",
        "landuse": "plant_nursery",
        "@geometry": "center"
      },
      "geometry": {
        "type": "Point",
        "coordinates": [
          10.9147501,
          43.8852621
        ]
      },
      "id": "way/385908335"
    },
    {
      "type": "Feature",
      "properties": {
        "@id": "way/385908336",
        "landuse": "plant_nursery",
        "@geometry": "center"
      },
      "geometry": {
        "type": "Point",
        "coordinates": [
          10.9135801,
          43.8888099
        ]
      },
      "id": "way/385908336"
    },
    {
      "type": "Feature",
      "properties": {
        "@id": "way/385908337",
        "landuse": "plant_nursery",
        "@geometry": "center"
      },
      "geometry": {
        "type": "Point",
        "coordinates": [
          10.9107361,
          43.8866843
        ]
      },
      "id": "way/385908337"
    },
    {
      "type": "Feature",
      "properties": {
        "@id": "way/385908338",
        "landuse": "plant_nursery",
        "@geometry": "center"
      },
      "geometry": {
        "type": "Point",
        "coordinates": [
          10.8990859,
          43.8845944
        ]
      },
      "id": "way/385908338"
    },
    {
      "type": "Feature",
      "properties": {
        "@id": "way/385908339",
        "landuse": "plant_nursery",
        "@geometry": "center"
      },
      "geometry": {
        "type": "Point",
        "coordinates": [
          10.8998426,
          43.8831583
        ]
      },
      "id": "way/385908339"
    },
    {
      "type": "Feature",
      "properties": {
        "@id": "way/385971779",
        "landuse": "plant_nursery",
        "@geometry": "center"
      },
      "geometry": {
        "type": "Point",
        "coordinates": [
          10.934321,
          43.9256664
        ]
      },
      "id": "way/385971779"
    },
    {
      "type": "Feature",
      "properties": {
        "@id": "way/385971780",
        "landuse": "plant_nursery",
        "@geometry": "center"
      },
      "geometry": {
        "type": "Point",
        "coordinates": [
          10.9380814,
          43.9190095
        ]
      },
      "id": "way/385971780"
    },
    {
      "type": "Feature",
      "properties": {
        "@id": "way/385971781",
        "landuse": "plant_nursery",
        "@geometry": "center"
      },
      "geometry": {
        "type": "Point",
        "coordinates": [
          10.9355879,
          43.9273669
        ]
      },
      "id": "way/385971781"
    },
    {
      "type": "Feature",
      "properties": {
        "@id": "way/385971782",
        "landuse": "plant_nursery",
        "@geometry": "center"
      },
      "geometry": {
        "type": "Point",
        "coordinates": [
          10.9365231,
          43.9231092
        ]
      },
      "id": "way/385971782"
    },
    {
      "type": "Feature",
      "properties": {
        "@id": "way/385971784",
        "landuse": "plant_nursery",
        "@geometry": "center"
      },
      "geometry": {
        "type": "Point",
        "coordinates": [
          10.9490581,
          43.9096823
        ]
      },
      "id": "way/385971784"
    },
    {
      "type": "Feature",
      "properties": {
        "@id": "way/385971785",
        "landuse": "plant_nursery",
        "@geometry": "center"
      },
      "geometry": {
        "type": "Point",
        "coordinates": [
          10.9611089,
          43.9156045
        ]
      },
      "id": "way/385971785"
    },
    {
      "type": "Feature",
      "properties": {
        "@id": "way/385971786",
        "landuse": "plant_nursery",
        "@geometry": "center"
      },
      "geometry": {
        "type": "Point",
        "coordinates": [
          10.9395486,
          43.9217973
        ]
      },
      "id": "way/385971786"
    },
    {
      "type": "Feature",
      "properties": {
        "@id": "way/385971787",
        "landuse": "plant_nursery",
        "@geometry": "center"
      },
      "geometry": {
        "type": "Point",
        "coordinates": [
          10.9484159,
          43.9177636
        ]
      },
      "id": "way/385971787"
    },
    {
      "type": "Feature",
      "properties": {
        "@id": "way/385971788",
        "landuse": "plant_nursery",
        "@geometry": "center"
      },
      "geometry": {
        "type": "Point",
        "coordinates": [
          10.947321,
          43.9089012
        ]
      },
      "id": "way/385971788"
    },
    {
      "type": "Feature",
      "properties": {
        "@id": "way/385971789",
        "landuse": "plant_nursery",
        "@geometry": "center"
      },
      "geometry": {
        "type": "Point",
        "coordinates": [
          10.9596021,
          43.9022079
        ]
      },
      "id": "way/385971789"
    },
    {
      "type": "Feature",
      "properties": {
        "@id": "way/385971790",
        "landuse": "plant_nursery",
        "@geometry": "center"
      },
      "geometry": {
        "type": "Point",
        "coordinates": [
          10.9448391,
          43.9202499
        ]
      },
      "id": "way/385971790"
    },
    {
      "type": "Feature",
      "properties": {
        "@id": "way/385971791",
        "landuse": "plant_nursery",
        "@geometry": "center"
      },
      "geometry": {
        "type": "Point",
        "coordinates": [
          10.9435081,
          43.916635
        ]
      },
      "id": "way/385971791"
    },
    {
      "type": "Feature",
      "properties": {
        "@id": "way/385971792",
        "landuse": "plant_nursery",
        "@geometry": "center"
      },
      "geometry": {
        "type": "Point",
        "coordinates": [
          10.9411544,
          43.9222108
        ]
      },
      "id": "way/385971792"
    },
    {
      "type": "Feature",
      "properties": {
        "@id": "way/385971794",
        "landuse": "plant_nursery",
        "name": "Vannucci piante",
        "@geometry": "center"
      },
      "geometry": {
        "type": "Point",
        "coordinates": [
          10.9377057,
          43.9241851
        ]
      },
      "id": "way/385971794"
    },
    {
      "type": "Feature",
      "properties": {
        "@id": "way/385971795",
        "landuse": "plant_nursery",
        "@geometry": "center"
      },
      "geometry": {
        "type": "Point",
        "coordinates": [
          10.9340213,
          43.9216229
        ]
      },
      "id": "way/385971795"
    },
    {
      "type": "Feature",
      "properties": {
        "@id": "way/385971796",
        "landuse": "plant_nursery",
        "@geometry": "center"
      },
      "geometry": {
        "type": "Point",
        "coordinates": [
          10.9450165,
          43.9188695
        ]
      },
      "id": "way/385971796"
    },
    {
      "type": "Feature",
      "properties": {
        "@id": "way/385971797",
        "landuse": "plant_nursery",
        "@geometry": "center"
      },
      "geometry": {
        "type": "Point",
        "coordinates": [
          10.9481973,
          43.9196721
        ]
      },
      "id": "way/385971797"
    },
    {
      "type": "Feature",
      "properties": {
        "@id": "way/385971798",
        "landuse": "plant_nursery",
        "@geometry": "center"
      },
      "geometry": {
        "type": "Point",
        "coordinates": [
          10.9516829,
          43.9195554
        ]
      },
      "id": "way/385971798"
    },
    {
      "type": "Feature",
      "properties": {
        "@id": "way/385971799",
        "landuse": "plant_nursery",
        "@geometry": "center"
      },
      "geometry": {
        "type": "Point",
        "coordinates": [
          10.9416105,
          43.9127898
        ]
      },
      "id": "way/385971799"
    },
    {
      "type": "Feature",
      "properties": {
        "@id": "way/385971801",
        "landuse": "plant_nursery",
        "@geometry": "center"
      },
      "geometry": {
        "type": "Point",
        "coordinates": [
          10.9509861,
          43.9044575
        ]
      },
      "id": "way/385971801"
    },
    {
      "type": "Feature",
      "properties": {
        "@id": "way/385974029",
        "landuse": "plant_nursery",
        "@geometry": "center"
      },
      "geometry": {
        "type": "Point",
        "coordinates": [
          11.0047585,
          43.8774718
        ]
      },
      "id": "way/385974029"
    },
    {
      "type": "Feature",
      "properties": {
        "@id": "way/385974040",
        "landuse": "plant_nursery",
        "@geometry": "center"
      },
      "geometry": {
        "type": "Point",
        "coordinates": [
          11.000354,
          43.8826613
        ]
      },
      "id": "way/385974040"
    },
    {
      "type": "Feature",
      "properties": {
        "@id": "way/385974042",
        "landuse": "plant_nursery",
        "@geometry": "center"
      },
      "geometry": {
        "type": "Point",
        "coordinates": [
          11.003718,
          43.879554
        ]
      },
      "id": "way/385974042"
    },
    {
      "type": "Feature",
      "properties": {
        "@id": "way/385974044",
        "landuse": "plant_nursery",
        "@geometry": "center"
      },
      "geometry": {
        "type": "Point",
        "coordinates": [
          10.9849808,
          43.9003951
        ]
      },
      "id": "way/385974044"
    },
    {
      "type": "Feature",
      "properties": {
        "@id": "way/385974056",
        "landuse": "plant_nursery",
        "@geometry": "center"
      },
      "geometry": {
        "type": "Point",
        "coordinates": [
          10.9778891,
          43.9014353
        ]
      },
      "id": "way/385974056"
    },
    {
      "type": "Feature",
      "properties": {
        "@id": "way/385974058",
        "landuse": "plant_nursery",
        "@geometry": "center"
      },
      "geometry": {
        "type": "Point",
        "coordinates": [
          10.9862926,
          43.8969838
        ]
      },
      "id": "way/385974058"
    },
    {
      "type": "Feature",
      "properties": {
        "@id": "way/385974059",
        "landuse": "plant_nursery",
        "@geometry": "center"
      },
      "geometry": {
        "type": "Point",
        "coordinates": [
          11.0032455,
          43.8822042
        ]
      },
      "id": "way/385974059"
    },
    {
      "type": "Feature",
      "properties": {
        "@id": "way/385974065",
        "landuse": "plant_nursery",
        "@geometry": "center"
      },
      "geometry": {
        "type": "Point",
        "coordinates": [
          10.9834536,
          43.8991835
        ]
      },
      "id": "way/385974065"
    },
    {
      "type": "Feature",
      "properties": {
        "@id": "way/385974068",
        "landuse": "plant_nursery",
        "@geometry": "center"
      },
      "geometry": {
        "type": "Point",
        "coordinates": [
          11.0005906,
          43.8732658
        ]
      },
      "id": "way/385974068"
    },
    {
      "type": "Feature",
      "properties": {
        "@id": "way/385975800",
        "landuse": "plant_nursery",
        "@geometry": "center"
      },
      "geometry": {
        "type": "Point",
        "coordinates": [
          10.9103065,
          43.9538302
        ]
      },
      "id": "way/385975800"
    },
    {
      "type": "Feature",
      "properties": {
        "@id": "way/385975819",
        "landuse": "plant_nursery",
        "@geometry": "center"
      },
      "geometry": {
        "type": "Point",
        "coordinates": [
          10.9274972,
          43.9510214
        ]
      },
      "id": "way/385975819"
    },
    {
      "type": "Feature",
      "properties": {
        "@id": "way/385981610",
        "landuse": "plant_nursery",
        "@geometry": "center"
      },
      "geometry": {
        "type": "Point",
        "coordinates": [
          10.9656802,
          43.8657308
        ]
      },
      "id": "way/385981610"
    },
    {
      "type": "Feature",
      "properties": {
        "@id": "way/385981620",
        "landuse": "plant_nursery",
        "@geometry": "center"
      },
      "geometry": {
        "type": "Point",
        "coordinates": [
          11.0077907,
          43.8629301
        ]
      },
      "id": "way/385981620"
    },
    {
      "type": "Feature",
      "properties": {
        "@id": "way/385981622",
        "landuse": "plant_nursery",
        "@geometry": "center"
      },
      "geometry": {
        "type": "Point",
        "coordinates": [
          10.9625254,
          43.8655971
        ]
      },
      "id": "way/385981622"
    },
    {
      "type": "Feature",
      "properties": {
        "@id": "way/385981632",
        "landuse": "plant_nursery",
        "@geometry": "center"
      },
      "geometry": {
        "type": "Point",
        "coordinates": [
          11.0063906,
          43.8695997
        ]
      },
      "id": "way/385981632"
    },
    {
      "type": "Feature",
      "properties": {
        "@id": "way/386035981",
        "landuse": "plant_nursery",
        "@geometry": "center"
      },
      "geometry": {
        "type": "Point",
        "coordinates": [
          10.9299838,
          43.957239
        ]
      },
      "id": "way/386035981"
    },
    {
      "type": "Feature",
      "properties": {
        "@id": "way/386206526",
        "landuse": "plant_nursery",
        "@geometry": "center"
      },
      "geometry": {
        "type": "Point",
        "coordinates": [
          10.8991334,
          43.8757202
        ]
      },
      "id": "way/386206526"
    },
    {
      "type": "Feature",
      "properties": {
        "@id": "way/386206528",
        "landuse": "plant_nursery",
        "@geometry": "center"
      },
      "geometry": {
        "type": "Point",
        "coordinates": [
          10.9063578,
          43.8747247
        ]
      },
      "id": "way/386206528"
    },
    {
      "type": "Feature",
      "properties": {
        "@id": "way/386206529",
        "landuse": "plant_nursery",
        "@geometry": "center"
      },
      "geometry": {
        "type": "Point",
        "coordinates": [
          10.8966271,
          43.8786878
        ]
      },
      "id": "way/386206529"
    },
    {
      "type": "Feature",
      "properties": {
        "@id": "way/386206530",
        "landuse": "plant_nursery",
        "@geometry": "center"
      },
      "geometry": {
        "type": "Point",
        "coordinates": [
          10.9004982,
          43.8747416
        ]
      },
      "id": "way/386206530"
    },
    {
      "type": "Feature",
      "properties": {
        "@id": "way/386301990",
        "landuse": "plant_nursery",
        "@geometry": "center"
      },
      "geometry": {
        "type": "Point",
        "coordinates": [
          10.993823,
          43.8856045
        ]
      },
      "id": "way/386301990"
    },
    {
      "type": "Feature",
      "properties": {
        "@id": "way/386301995",
        "landuse": "plant_nursery",
        "@geometry": "center"
      },
      "geometry": {
        "type": "Point",
        "coordinates": [
          11.022435,
          43.8594613
        ]
      },
      "id": "way/386301995"
    },
    {
      "type": "Feature",
      "properties": {
        "@id": "way/386302000",
        "landuse": "plant_nursery",
        "@geometry": "center"
      },
      "geometry": {
        "type": "Point",
        "coordinates": [
          10.9983497,
          43.8689298
        ]
      },
      "id": "way/386302000"
    },
    {
      "type": "Feature",
      "properties": {
        "@id": "way/386302008",
        "landuse": "plant_nursery",
        "@geometry": "center"
      },
      "geometry": {
        "type": "Point",
        "coordinates": [
          11.0240134,
          43.8557622
        ]
      },
      "id": "way/386302008"
    },
    {
      "type": "Feature",
      "properties": {
        "@id": "way/386302010",
        "landuse": "plant_nursery",
        "@geometry": "center"
      },
      "geometry": {
        "type": "Point",
        "coordinates": [
          11.0208563,
          43.8576738
        ]
      },
      "id": "way/386302010"
    },
    {
      "type": "Feature",
      "properties": {
        "@id": "way/386302015",
        "landuse": "plant_nursery",
        "@geometry": "center"
      },
      "geometry": {
        "type": "Point",
        "coordinates": [
          11.0152558,
          43.8489816
        ]
      },
      "id": "way/386302015"
    },
    {
      "type": "Feature",
      "properties": {
        "@id": "way/386302024",
        "landuse": "plant_nursery",
        "@geometry": "center"
      },
      "geometry": {
        "type": "Point",
        "coordinates": [
          11.0178217,
          43.8582761
        ]
      },
      "id": "way/386302024"
    },
    {
      "type": "Feature",
      "properties": {
        "@id": "way/386302035",
        "landuse": "plant_nursery",
        "@geometry": "center"
      },
      "geometry": {
        "type": "Point",
        "coordinates": [
          11.0221195,
          43.8533411
        ]
      },
      "id": "way/386302035"
    },
    {
      "type": "Feature",
      "properties": {
        "@id": "way/386302036",
        "landuse": "plant_nursery",
        "@geometry": "center"
      },
      "geometry": {
        "type": "Point",
        "coordinates": [
          10.9855945,
          43.8756516
        ]
      },
      "id": "way/386302036"
    },
    {
      "type": "Feature",
      "properties": {
        "@id": "way/386302039",
        "landuse": "plant_nursery",
        "@geometry": "center"
      },
      "geometry": {
        "type": "Point",
        "coordinates": [
          11.0013157,
          43.8331182
        ]
      },
      "id": "way/386302039"
    },
    {
      "type": "Feature",
      "properties": {
        "@id": "way/386302046",
        "landuse": "plant_nursery",
        "@geometry": "center"
      },
      "geometry": {
        "type": "Point",
        "coordinates": [
          11.018498,
          43.845842
        ]
      },
      "id": "way/386302046"
    },
    {
      "type": "Feature",
      "properties": {
        "@id": "way/386302048",
        "landuse": "plant_nursery",
        "@geometry": "center"
      },
      "geometry": {
        "type": "Point",
        "coordinates": [
          10.9882256,
          43.8713819
        ]
      },
      "id": "way/386302048"
    },
    {
      "type": "Feature",
      "properties": {
        "@id": "way/386302051",
        "landuse": "plant_nursery",
        "@geometry": "center"
      },
      "geometry": {
        "type": "Point",
        "coordinates": [
          11.0201412,
          43.8595064
        ]
      },
      "id": "way/386302051"
    },
    {
      "type": "Feature",
      "properties": {
        "@id": "way/386305707",
        "landuse": "plant_nursery",
        "@geometry": "center"
      },
      "geometry": {
        "type": "Point",
        "coordinates": [
          10.9693363,
          43.886586
        ]
      },
      "id": "way/386305707"
    },
    {
      "type": "Feature",
      "properties": {
        "@id": "way/386305709",
        "landuse": "plant_nursery",
        "@geometry": "center"
      },
      "geometry": {
        "type": "Point",
        "coordinates": [
          10.9859178,
          43.8823969
        ]
      },
      "id": "way/386305709"
    },
    {
      "type": "Feature",
      "properties": {
        "@id": "way/386317457",
        "landuse": "plant_nursery",
        "@geometry": "center"
      },
      "geometry": {
        "type": "Point",
        "coordinates": [
          11.0393095,
          43.8358406
        ]
      },
      "id": "way/386317457"
    },
    {
      "type": "Feature",
      "properties": {
        "@id": "way/386317461",
        "landuse": "plant_nursery",
        "@geometry": "center"
      },
      "geometry": {
        "type": "Point",
        "coordinates": [
          11.0437271,
          43.8313344
        ]
      },
      "id": "way/386317461"
    },
    {
      "type": "Feature",
      "properties": {
        "@id": "way/386510247",
        "landuse": "plant_nursery",
        "@geometry": "center"
      },
      "geometry": {
        "type": "Point",
        "coordinates": [
          10.9226792,
          43.8784702
        ]
      },
      "id": "way/386510247"
    },
    {
      "type": "Feature",
      "properties": {
        "@id": "way/386510248",
        "landuse": "plant_nursery",
        "@geometry": "center"
      },
      "geometry": {
        "type": "Point",
        "coordinates": [
          10.9537225,
          43.868287
        ]
      },
      "id": "way/386510248"
    },
    {
      "type": "Feature",
      "properties": {
        "@id": "way/386510249",
        "landuse": "plant_nursery",
        "@geometry": "center"
      },
      "geometry": {
        "type": "Point",
        "coordinates": [
          10.9284139,
          43.875414
        ]
      },
      "id": "way/386510249"
    },
    {
      "type": "Feature",
      "properties": {
        "@id": "way/386510250",
        "landuse": "plant_nursery",
        "@geometry": "center"
      },
      "geometry": {
        "type": "Point",
        "coordinates": [
          10.9434622,
          43.8686014
        ]
      },
      "id": "way/386510250"
    },
    {
      "type": "Feature",
      "properties": {
        "@id": "way/386510253",
        "landuse": "plant_nursery",
        "@geometry": "center"
      },
      "geometry": {
        "type": "Point",
        "coordinates": [
          10.9484978,
          43.8686107
        ]
      },
      "id": "way/386510253"
    },
    {
      "type": "Feature",
      "properties": {
        "@id": "way/386510255",
        "landuse": "plant_nursery",
        "@geometry": "center"
      },
      "geometry": {
        "type": "Point",
        "coordinates": [
          10.9499003,
          43.8690701
        ]
      },
      "id": "way/386510255"
    },
    {
      "type": "Feature",
      "properties": {
        "@id": "way/386510258",
        "landuse": "plant_nursery",
        "@geometry": "center"
      },
      "geometry": {
        "type": "Point",
        "coordinates": [
          10.9374012,
          43.8742462
        ]
      },
      "id": "way/386510258"
    },
    {
      "type": "Feature",
      "properties": {
        "@id": "way/386510259",
        "landuse": "plant_nursery",
        "@geometry": "center"
      },
      "geometry": {
        "type": "Point",
        "coordinates": [
          10.9313449,
          43.8764718
        ]
      },
      "id": "way/386510259"
    },
    {
      "type": "Feature",
      "properties": {
        "@id": "way/386510260",
        "landuse": "plant_nursery",
        "@geometry": "center"
      },
      "geometry": {
        "type": "Point",
        "coordinates": [
          10.9257096,
          43.8819856
        ]
      },
      "id": "way/386510260"
    },
    {
      "type": "Feature",
      "properties": {
        "@id": "way/386510262",
        "landuse": "plant_nursery",
        "@geometry": "center"
      },
      "geometry": {
        "type": "Point",
        "coordinates": [
          10.9316105,
          43.8742676
        ]
      },
      "id": "way/386510262"
    },
    {
      "type": "Feature",
      "properties": {
        "@id": "way/386510263",
        "landuse": "plant_nursery",
        "@geometry": "center"
      },
      "geometry": {
        "type": "Point",
        "coordinates": [
          10.9239706,
          43.882581
        ]
      },
      "id": "way/386510263"
    },
    {
      "type": "Feature",
      "properties": {
        "@id": "way/386510264",
        "landuse": "plant_nursery",
        "@geometry": "center"
      },
      "geometry": {
        "type": "Point",
        "coordinates": [
          10.9291399,
          43.8749392
        ]
      },
      "id": "way/386510264"
    },
    {
      "type": "Feature",
      "properties": {
        "@id": "way/386510267",
        "landuse": "plant_nursery",
        "@geometry": "center"
      },
      "geometry": {
        "type": "Point",
        "coordinates": [
          10.9303666,
          43.8746891
        ]
      },
      "id": "way/386510267"
    },
    {
      "type": "Feature",
      "properties": {
        "@id": "way/386605191",
        "landuse": "plant_nursery",
        "@geometry": "center"
      },
      "geometry": {
        "type": "Point",
        "coordinates": [
          10.9425891,
          43.9037389
        ]
      },
      "id": "way/386605191"
    },
    {
      "type": "Feature",
      "properties": {
        "@id": "way/386605213",
        "landuse": "plant_nursery",
        "@geometry": "center"
      },
      "geometry": {
        "type": "Point",
        "coordinates": [
          10.9204838,
          43.9117662
        ]
      },
      "id": "way/386605213"
    },
    {
      "type": "Feature",
      "properties": {
        "@id": "way/386605548",
        "landuse": "plant_nursery",
        "@geometry": "center"
      },
      "geometry": {
        "type": "Point",
        "coordinates": [
          10.9414374,
          43.9098202
        ]
      },
      "id": "way/386605548"
    },
    {
      "type": "Feature",
      "properties": {
        "@id": "way/386605550",
        "landuse": "plant_nursery",
        "@geometry": "center"
      },
      "geometry": {
        "type": "Point",
        "coordinates": [
          10.9455167,
          43.9082384
        ]
      },
      "id": "way/386605550"
    },
    {
      "type": "Feature",
      "properties": {
        "@id": "way/386821202",
        "landuse": "plant_nursery",
        "@geometry": "center"
      },
      "geometry": {
        "type": "Point",
        "coordinates": [
          11.0862318,
          43.703478
        ]
      },
      "id": "way/386821202"
    },
    {
      "type": "Feature",
      "properties": {
        "@id": "way/386877038",
        "landuse": "plant_nursery",
        "@geometry": "center"
      },
      "geometry": {
        "type": "Point",
        "coordinates": [
          10.9267142,
          43.9091382
        ]
      },
      "id": "way/386877038"
    },
    {
      "type": "Feature",
      "properties": {
        "@id": "way/386879126",
        "landuse": "plant_nursery",
        "@geometry": "center"
      },
      "geometry": {
        "type": "Point",
        "coordinates": [
          10.9434398,
          43.9097654
        ]
      },
      "id": "way/386879126"
    },
    {
      "type": "Feature",
      "properties": {
        "@id": "way/386879129",
        "landuse": "plant_nursery",
        "@geometry": "center"
      },
      "geometry": {
        "type": "Point",
        "coordinates": [
          10.9440647,
          43.9061403
        ]
      },
      "id": "way/386879129"
    },
    {
      "type": "Feature",
      "properties": {
        "@id": "way/386879130",
        "landuse": "plant_nursery",
        "@geometry": "center"
      },
      "geometry": {
        "type": "Point",
        "coordinates": [
          10.9421465,
          43.9076243
        ]
      },
      "id": "way/386879130"
    },
    {
      "type": "Feature",
      "properties": {
        "@id": "way/386879134",
        "landuse": "plant_nursery",
        "@geometry": "center"
      },
      "geometry": {
        "type": "Point",
        "coordinates": [
          10.9204979,
          43.9083031
        ]
      },
      "id": "way/386879134"
    },
    {
      "type": "Feature",
      "properties": {
        "@id": "way/386879135",
        "landuse": "plant_nursery",
        "@geometry": "center"
      },
      "geometry": {
        "type": "Point",
        "coordinates": [
          10.9203578,
          43.9107358
        ]
      },
      "id": "way/386879135"
    },
    {
      "type": "Feature",
      "properties": {
        "@id": "way/387021522",
        "landuse": "plant_nursery",
        "@geometry": "center"
      },
      "geometry": {
        "type": "Point",
        "coordinates": [
          10.9338109,
          43.9052437
        ]
      },
      "id": "way/387021522"
    },
    {
      "type": "Feature",
      "properties": {
        "@id": "way/387022244",
        "building": "greenhouse",
        "building:levels": "1",
        "landuse": "greenhouse_horticulture",
        "@geometry": "center"
      },
      "geometry": {
        "type": "Point",
        "coordinates": [
          10.933949,
          43.9049839
        ]
      },
      "id": "way/387022244"
    },
    {
      "type": "Feature",
      "properties": {
        "@id": "way/387025486",
        "building": "greenhouse",
        "building:levels": "1",
        "landuse": "greenhouse_horticulture",
        "@geometry": "center"
      },
      "geometry": {
        "type": "Point",
        "coordinates": [
          10.9438872,
          43.9093064
        ]
      },
      "id": "way/387025486"
    },
    {
      "type": "Feature",
      "properties": {
        "@id": "way/387025487",
        "building": "greenhouse",
        "building:levels": "1",
        "landuse": "greenhouse_horticulture",
        "@geometry": "center"
      },
      "geometry": {
        "type": "Point",
        "coordinates": [
          10.9442531,
          43.9093327
        ]
      },
      "id": "way/387025487"
    },
    {
      "type": "Feature",
      "properties": {
        "@id": "way/387026825",
        "building": "greenhouse",
        "building:levels": "1",
        "landuse": "greenhouse_horticulture",
        "@geometry": "center"
      },
      "geometry": {
        "type": "Point",
        "coordinates": [
          10.9462855,
          43.9109581
        ]
      },
      "id": "way/387026825"
    },
    {
      "type": "Feature",
      "properties": {
        "@id": "way/387026826",
        "building": "greenhouse",
        "building:levels": "1",
        "landuse": "greenhouse_horticulture",
        "@geometry": "center"
      },
      "geometry": {
        "type": "Point",
        "coordinates": [
          10.9498103,
          43.9112939
        ]
      },
      "id": "way/387026826"
    },
    {
      "type": "Feature",
      "properties": {
        "@id": "way/387026827",
        "building": "greenhouse",
        "building:levels": "1",
        "landuse": "greenhouse_horticulture",
        "@geometry": "center"
      },
      "geometry": {
        "type": "Point",
        "coordinates": [
          10.9493998,
          43.9100548
        ]
      },
      "id": "way/387026827"
    },
    {
      "type": "Feature",
      "properties": {
        "@id": "way/387026828",
        "building": "greenhouse",
        "building:levels": "1",
        "landuse": "greenhouse_horticulture",
        "@geometry": "center"
      },
      "geometry": {
        "type": "Point",
        "coordinates": [
          10.949808,
          43.9099971
        ]
      },
      "id": "way/387026828"
    },
    {
      "type": "Feature",
      "properties": {
        "@id": "way/387845865",
        "landuse": "plant_nursery",
        "@geometry": "center"
      },
      "geometry": {
        "type": "Point",
        "coordinates": [
          10.9087458,
          43.9544698
        ]
      },
      "id": "way/387845865"
    },
    {
      "type": "Feature",
      "properties": {
        "@id": "way/387851407",
        "building": "greenhouse",
        "building:levels": "1",
        "landuse": "greenhouse_horticulture",
        "@geometry": "center"
      },
      "geometry": {
        "type": "Point",
        "coordinates": [
          10.9272196,
          43.9492556
        ]
      },
      "id": "way/387851407"
    },
    {
      "type": "Feature",
      "properties": {
        "@id": "way/387851409",
        "building": "greenhouse",
        "building:levels": "1",
        "landuse": "greenhouse_horticulture",
        "@geometry": "center"
      },
      "geometry": {
        "type": "Point",
        "coordinates": [
          10.9264383,
          43.9492143
        ]
      },
      "id": "way/387851409"
    },
    {
      "type": "Feature",
      "properties": {
        "@id": "way/389357212",
        "building": "greenhouse",
        "building:levels": "1",
        "landuse": "greenhouse_horticulture",
        "@geometry": "center"
      },
      "geometry": {
        "type": "Point",
        "coordinates": [
          10.9079319,
          43.941996
        ]
      },
      "id": "way/389357212"
    },
    {
      "type": "Feature",
      "properties": {
        "@id": "way/391228650",
        "landuse": "plant_nursery",
        "@geometry": "center"
      },
      "geometry": {
        "type": "Point",
        "coordinates": [
          10.9176865,
          43.9465408
        ]
      },
      "id": "way/391228650"
    },
    {
      "type": "Feature",
      "properties": {
        "@id": "way/391231846",
        "building": "greenhouse",
        "building:levels": "1",
        "landuse": "greenhouse_horticulture",
        "@geometry": "center"
      },
      "geometry": {
        "type": "Point",
        "coordinates": [
          10.9158639,
          43.9467145
        ]
      },
      "id": "way/391231846"
    },
    {
      "type": "Feature",
      "properties": {
        "@id": "way/391772059",
        "landuse": "plant_nursery",
        "@geometry": "center"
      },
      "geometry": {
        "type": "Point",
        "coordinates": [
          10.8975424,
          43.9487234
        ]
      },
      "id": "way/391772059"
    },
    {
      "type": "Feature",
      "properties": {
        "@id": "way/395064327",
        "building": "greenhouse",
        "building:levels": "1",
        "landuse": "greenhouse_horticulture",
        "@geometry": "center"
      },
      "geometry": {
        "type": "Point",
        "coordinates": [
          10.9211462,
          43.9370628
        ]
      },
      "id": "way/395064327"
    },
    {
      "type": "Feature",
      "properties": {
        "@id": "way/395064329",
        "building": "greenhouse",
        "building:levels": "1",
        "landuse": "greenhouse_horticulture",
        "@geometry": "center"
      },
      "geometry": {
        "type": "Point",
        "coordinates": [
          10.9258161,
          43.9377288
        ]
      },
      "id": "way/395064329"
    },
    {
      "type": "Feature",
      "properties": {
        "@id": "way/395064340",
        "building": "greenhouse",
        "building:levels": "1",
        "landuse": "greenhouse_horticulture",
        "@geometry": "center"
      },
      "geometry": {
        "type": "Point",
        "coordinates": [
          10.9256377,
          43.9378507
        ]
      },
      "id": "way/395064340"
    },
    {
      "type": "Feature",
      "properties": {
        "@id": "way/395064350",
        "building": "greenhouse",
        "building:levels": "1",
        "landuse": "greenhouse_horticulture",
        "@geometry": "center"
      },
      "geometry": {
        "type": "Point",
        "coordinates": [
          10.9250099,
          43.9371783
        ]
      },
      "id": "way/395064350"
    },
    {
      "type": "Feature",
      "properties": {
        "@id": "way/395101051",
        "landuse": "plant_nursery",
        "@geometry": "center"
      },
      "geometry": {
        "type": "Point",
        "coordinates": [
          10.8829516,
          43.9394381
        ]
      },
      "id": "way/395101051"
    },
    {
      "type": "Feature",
      "properties": {
        "@id": "way/395101059",
        "landuse": "plant_nursery",
        "@geometry": "center"
      },
      "geometry": {
        "type": "Point",
        "coordinates": [
          10.8747231,
          43.9478193
        ]
      },
      "id": "way/395101059"
    },
    {
      "type": "Feature",
      "properties": {
        "@id": "way/395101085",
        "landuse": "plant_nursery",
        "@geometry": "center"
      },
      "geometry": {
        "type": "Point",
        "coordinates": [
          10.8963773,
          43.9580495
        ]
      },
      "id": "way/395101085"
    },
    {
      "type": "Feature",
      "properties": {
        "@id": "way/395101100",
        "landuse": "plant_nursery",
        "@geometry": "center"
      },
      "geometry": {
        "type": "Point",
        "coordinates": [
          10.8949136,
          43.9576036
        ]
      },
      "id": "way/395101100"
    },
    {
      "type": "Feature",
      "properties": {
        "@id": "way/395287196",
        "landuse": "plant_nursery",
        "@geometry": "center"
      },
      "geometry": {
        "type": "Point",
        "coordinates": [
          10.9348341,
          43.9122623
        ]
      },
      "id": "way/395287196"
    },
    {
      "type": "Feature",
      "properties": {
        "@id": "way/395287197",
        "landuse": "plant_nursery",
        "@geometry": "center"
      },
      "geometry": {
        "type": "Point",
        "coordinates": [
          10.9319123,
          43.9213959
        ]
      },
      "id": "way/395287197"
    },
    {
      "type": "Feature",
      "properties": {
        "@id": "way/395287217",
        "landuse": "plant_nursery",
        "@geometry": "center"
      },
      "geometry": {
        "type": "Point",
        "coordinates": [
          10.9235859,
          43.9149255
        ]
      },
      "id": "way/395287217"
    },
    {
      "type": "Feature",
      "properties": {
        "@id": "way/395287232",
        "landuse": "plant_nursery",
        "@geometry": "center"
      },
      "geometry": {
        "type": "Point",
        "coordinates": [
          10.9333886,
          43.9141962
        ]
      },
      "id": "way/395287232"
    },
    {
      "type": "Feature",
      "properties": {
        "@id": "way/395287250",
        "landuse": "plant_nursery",
        "@geometry": "center"
      },
      "geometry": {
        "type": "Point",
        "coordinates": [
          10.933064,
          43.9128117
        ]
      },
      "id": "way/395287250"
    },
    {
      "type": "Feature",
      "properties": {
        "@id": "way/395308372",
        "landuse": "plant_nursery",
        "@geometry": "center"
      },
      "geometry": {
        "type": "Point",
        "coordinates": [
          10.93878,
          43.9446914
        ]
      },
      "id": "way/395308372"
    },
    {
      "type": "Feature",
      "properties": {
        "@id": "way/395308387",
        "landuse": "plant_nursery",
        "@geometry": "center"
      },
      "geometry": {
        "type": "Point",
        "coordinates": [
          10.9435735,
          43.9486938
        ]
      },
      "id": "way/395308387"
    },
    {
      "type": "Feature",
      "properties": {
        "@id": "way/395308395",
        "landuse": "plant_nursery",
        "@geometry": "center"
      },
      "geometry": {
        "type": "Point",
        "coordinates": [
          10.9481,
          43.9436869
        ]
      },
      "id": "way/395308395"
    },
    {
      "type": "Feature",
      "properties": {
        "@id": "way/395308407",
        "landuse": "plant_nursery",
        "@geometry": "center"
      },
      "geometry": {
        "type": "Point",
        "coordinates": [
          10.9501227,
          43.9461929
        ]
      },
      "id": "way/395308407"
    },
    {
      "type": "Feature",
      "properties": {
        "@id": "way/395308410",
        "landuse": "plant_nursery",
        "@geometry": "center"
      },
      "geometry": {
        "type": "Point",
        "coordinates": [
          10.9422957,
          43.9449395
        ]
      },
      "id": "way/395308410"
    },
    {
      "type": "Feature",
      "properties": {
        "@id": "way/395846656",
        "landuse": "plant_nursery",
        "@geometry": "center"
      },
      "geometry": {
        "type": "Point",
        "coordinates": [
          10.9937545,
          43.9321113
        ]
      },
      "id": "way/395846656"
    },
    {
      "type": "Feature",
      "properties": {
        "@id": "way/395846661",
        "landuse": "plant_nursery",
        "@geometry": "center"
      },
      "geometry": {
        "type": "Point",
        "coordinates": [
          11.0027583,
          43.9148285
        ]
      },
      "id": "way/395846661"
    },
    {
      "type": "Feature",
      "properties": {
        "@id": "way/395846678",
        "landuse": "plant_nursery",
        "@geometry": "center"
      },
      "geometry": {
        "type": "Point",
        "coordinates": [
          11.0021927,
          43.9229543
        ]
      },
      "id": "way/395846678"
    },
    {
      "type": "Feature",
      "properties": {
        "@id": "way/395846686",
        "landuse": "plant_nursery",
        "@geometry": "center"
      },
      "geometry": {
        "type": "Point",
        "coordinates": [
          10.9942078,
          43.9259025
        ]
      },
      "id": "way/395846686"
    },
    {
      "type": "Feature",
      "properties": {
        "@id": "way/395886100",
        "landuse": "plant_nursery",
        "@geometry": "center"
      },
      "geometry": {
        "type": "Point",
        "coordinates": [
          10.9877405,
          43.9218829
        ]
      },
      "id": "way/395886100"
    },
    {
      "type": "Feature",
      "properties": {
        "@id": "way/395886113",
        "addr:city": "Pistoia",
        "addr:housenumber": "143",
        "addr:postcode": "51100",
        "addr:street": "Via Toscana",
        "check_date": "2025-05-01",
        "email": "info@innocentirolando.it",
        "fax": "+39 0573 532038",
        "landuse": "plant_nursery",
        "name": "Vivai Rolando Innocenti & Figli",
        "operator": "Vivai Rolando Innocenti & Figli",
        "phone": "+39 0573 531222",
        "ref:vatin": "IT01568260473",
        "website": "https://www.innocentirolando.com/",
        "@geometry": "center"
      },
      "geometry": {
        "type": "Point",
        "coordinates": [
          10.9863038,
          43.9153962
        ]
      },
      "id": "way/395886113"
    },
    {
      "type": "Feature",
      "properties": {
        "@id": "way/395886114",
        "landuse": "plant_nursery",
        "@geometry": "center"
      },
      "geometry": {
        "type": "Point",
        "coordinates": [
          10.9802741,
          43.9169536
        ]
      },
      "id": "way/395886114"
    },
    {
      "type": "Feature",
      "properties": {
        "@id": "way/395886115",
        "landuse": "plant_nursery",
        "@geometry": "center"
      },
      "geometry": {
        "type": "Point",
        "coordinates": [
          10.9865862,
          43.9191505
        ]
      },
      "id": "way/395886115"
    },
    {
      "type": "Feature",
      "properties": {
        "@id": "way/396005789",
        "building": "greenhouse",
        "building:levels": "1",
        "landuse": "greenhouse_horticulture",
        "@geometry": "center"
      },
      "geometry": {
        "type": "Point",
        "coordinates": [
          10.9395499,
          43.9205752
        ]
      },
      "id": "way/396005789"
    },
    {
      "type": "Feature",
      "properties": {
        "@id": "way/397315818",
        "landuse": "plant_nursery",
        "@geometry": "center"
      },
      "geometry": {
        "type": "Point",
        "coordinates": [
          11.9468328,
          43.0640363
        ]
      },
      "id": "way/397315818"
    },
    {
      "type": "Feature",
      "properties": {
        "@id": "way/398344290",
        "building": "greenhouse",
        "building:levels": "1",
        "landuse": "greenhouse_horticulture",
        "@geometry": "center"
      },
      "geometry": {
        "type": "Point",
        "coordinates": [
          10.8949866,
          43.9557584
        ]
      },
      "id": "way/398344290"
    },
    {
      "type": "Feature",
      "properties": {
        "@id": "way/398345979",
        "building": "greenhouse",
        "building:levels": "1",
        "landuse": "greenhouse_horticulture",
        "@geometry": "center"
      },
      "geometry": {
        "type": "Point",
        "coordinates": [
          10.8958884,
          43.9550303
        ]
      },
      "id": "way/398345979"
    },
    {
      "type": "Feature",
      "properties": {
        "@id": "way/398347362",
        "building": "greenhouse",
        "building:levels": "1",
        "landuse": "greenhouse_horticulture",
        "@geometry": "center"
      },
      "geometry": {
        "type": "Point",
        "coordinates": [
          10.8911168,
          43.9492619
        ]
      },
      "id": "way/398347362"
    },
    {
      "type": "Feature",
      "properties": {
        "@id": "way/398347363",
        "building": "greenhouse",
        "building:levels": "1",
        "landuse": "greenhouse_horticulture",
        "@geometry": "center"
      },
      "geometry": {
        "type": "Point",
        "coordinates": [
          10.8915328,
          43.9492817
        ]
      },
      "id": "way/398347363"
    },
    {
      "type": "Feature",
      "properties": {
        "@id": "way/398887462",
        "landuse": "plant_nursery",
        "@geometry": "center"
      },
      "geometry": {
        "type": "Point",
        "coordinates": [
          10.9112645,
          43.8940444
        ]
      },
      "id": "way/398887462"
    },
    {
      "type": "Feature",
      "properties": {
        "@id": "way/398888573",
        "building": "greenhouse",
        "building:levels": "1",
        "landuse": "greenhouse_horticulture",
        "@geometry": "center"
      },
      "geometry": {
        "type": "Point",
        "coordinates": [
          10.913363,
          43.8947795
        ]
      },
      "id": "way/398888573"
    },
    {
      "type": "Feature",
      "properties": {
        "@id": "way/400404502",
        "landuse": "plant_nursery",
        "@geometry": "center"
      },
      "geometry": {
        "type": "Point",
        "coordinates": [
          10.8890846,
          43.9175441
        ]
      },
      "id": "way/400404502"
    },
    {
      "type": "Feature",
      "properties": {
        "@id": "way/400405108",
        "building": "greenhouse",
        "building:levels": "1",
        "landuse": "greenhouse_horticulture",
        "@geometry": "center"
      },
      "geometry": {
        "type": "Point",
        "coordinates": [
          10.8894678,
          43.9170283
        ]
      },
      "id": "way/400405108"
    },
    {
      "type": "Feature",
      "properties": {
        "@id": "way/400405109",
        "building": "greenhouse",
        "building:levels": "1",
        "landuse": "greenhouse_horticulture",
        "@geometry": "center"
      },
      "geometry": {
        "type": "Point",
        "coordinates": [
          10.889469,
          43.9171299
        ]
      },
      "id": "way/400405109"
    },
    {
      "type": "Feature",
      "properties": {
        "@id": "way/400405110",
        "building": "greenhouse",
        "building:levels": "1",
        "landuse": "greenhouse_horticulture",
        "@geometry": "center"
      },
      "geometry": {
        "type": "Point",
        "coordinates": [
          10.8894703,
          43.9172313
        ]
      },
      "id": "way/400405110"
    },
    {
      "type": "Feature",
      "properties": {
        "@id": "way/400405111",
        "building": "greenhouse",
        "building:levels": "1",
        "landuse": "greenhouse_horticulture",
        "@geometry": "center"
      },
      "geometry": {
        "type": "Point",
        "coordinates": [
          10.8894721,
          43.917332
        ]
      },
      "id": "way/400405111"
    },
    {
      "type": "Feature",
      "properties": {
        "@id": "way/400405112",
        "building": "greenhouse",
        "building:levels": "1",
        "landuse": "greenhouse_horticulture",
        "@geometry": "center"
      },
      "geometry": {
        "type": "Point",
        "coordinates": [
          10.8893577,
          43.9167474
        ]
      },
      "id": "way/400405112"
    },
    {
      "type": "Feature",
      "properties": {
        "@id": "way/400405113",
        "building": "greenhouse",
        "building:levels": "1",
        "landuse": "greenhouse_horticulture",
        "@geometry": "center"
      },
      "geometry": {
        "type": "Point",
        "coordinates": [
          10.8894875,
          43.9167456
        ]
      },
      "id": "way/400405113"
    },
    {
      "type": "Feature",
      "properties": {
        "@id": "way/402124733",
        "landuse": "plant_nursery",
        "@geometry": "center"
      },
      "geometry": {
        "type": "Point",
        "coordinates": [
          10.9005535,
          43.8875776
        ]
      },
      "id": "way/402124733"
    },
    {
      "type": "Feature",
      "properties": {
        "@id": "way/402124734",
        "landuse": "plant_nursery",
        "@geometry": "center"
      },
      "geometry": {
        "type": "Point",
        "coordinates": [
          10.9032001,
          43.8888063
        ]
      },
      "id": "way/402124734"
    },
    {
      "type": "Feature",
      "properties": {
        "@id": "way/402126182",
        "landuse": "plant_nursery",
        "@geometry": "center"
      },
      "geometry": {
        "type": "Point",
        "coordinates": [
          10.8991746,
          43.8901305
        ]
      },
      "id": "way/402126182"
    },
    {
      "type": "Feature",
      "properties": {
        "@id": "way/402127690",
        "building": "greenhouse",
        "building:levels": "1",
        "landuse": "greenhouse_horticulture",
        "@geometry": "center"
      },
      "geometry": {
        "type": "Point",
        "coordinates": [
          10.9072956,
          43.8911325
        ]
      },
      "id": "way/402127690"
    },
    {
      "type": "Feature",
      "properties": {
        "@id": "way/404361178",
        "building": "greenhouse",
        "building:levels": "1",
        "landuse": "greenhouse_horticulture",
        "@geometry": "center"
      },
      "geometry": {
        "type": "Point",
        "coordinates": [
          10.9253354,
          43.91757
        ]
      },
      "id": "way/404361178"
    },
    {
      "type": "Feature",
      "properties": {
        "@id": "way/405092229",
        "landuse": "plant_nursery",
        "@geometry": "center"
      },
      "geometry": {
        "type": "Point",
        "coordinates": [
          10.9193299,
          43.907043
        ]
      },
      "id": "way/405092229"
    },
    {
      "type": "Feature",
      "properties": {
        "@id": "way/405092835",
        "landuse": "plant_nursery",
        "@geometry": "center"
      },
      "geometry": {
        "type": "Point",
        "coordinates": [
          10.91935,
          43.9048411
        ]
      },
      "id": "way/405092835"
    },
    {
      "type": "Feature",
      "properties": {
        "@id": "way/405095736",
        "landuse": "plant_nursery",
        "@geometry": "center"
      },
      "geometry": {
        "type": "Point",
        "coordinates": [
          10.9192322,
          43.9023073
        ]
      },
      "id": "way/405095736"
    },
    {
      "type": "Feature",
      "properties": {
        "@id": "way/405095740",
        "building": "greenhouse",
        "building:levels": "1",
        "landuse": "greenhouse_horticulture",
        "@geometry": "center"
      },
      "geometry": {
        "type": "Point",
        "coordinates": [
          10.9193069,
          43.901696
        ]
      },
      "id": "way/405095740"
    },
    {
      "type": "Feature",
      "properties": {
        "@id": "way/405095744",
        "building": "greenhouse",
        "building:levels": "1",
        "landuse": "greenhouse_horticulture",
        "@geometry": "center"
      },
      "geometry": {
        "type": "Point",
        "coordinates": [
          10.9187819,
          43.9031881
        ]
      },
      "id": "way/405095744"
    },
    {
      "type": "Feature",
      "properties": {
        "@id": "way/405095748",
        "building": "greenhouse",
        "building:levels": "1",
        "landuse": "greenhouse_horticulture",
        "@geometry": "center"
      },
      "geometry": {
        "type": "Point",
        "coordinates": [
          10.9188508,
          43.9035931
        ]
      },
      "id": "way/405095748"
    },
    {
      "type": "Feature",
      "properties": {
        "@id": "way/405893844",
        "landuse": "plant_nursery",
        "@geometry": "center"
      },
      "geometry": {
        "type": "Point",
        "coordinates": [
          10.8900014,
          43.8966501
        ]
      },
      "id": "way/405893844"
    },
    {
      "type": "Feature",
      "properties": {
        "@id": "way/406426916",
        "building": "greenhouse",
        "building:levels": "1",
        "landuse": "greenhouse_horticulture",
        "@geometry": "center"
      },
      "geometry": {
        "type": "Point",
        "coordinates": [
          10.899015,
          43.946644
        ]
      },
      "id": "way/406426916"
    },
    {
      "type": "Feature",
      "properties": {
        "@id": "way/409288133",
        "building": "greenhouse",
        "building:levels": "1",
        "landuse": "greenhouse_horticulture",
        "@geometry": "center"
      },
      "geometry": {
        "type": "Point",
        "coordinates": [
          10.9205071,
          43.9374021
        ]
      },
      "id": "way/409288133"
    },
    {
      "type": "Feature",
      "properties": {
        "@id": "way/410102604",
        "building": "greenhouse",
        "building:levels": "1",
        "landuse": "greenhouse_horticulture",
        "@geometry": "center"
      },
      "geometry": {
        "type": "Point",
        "coordinates": [
          10.9241629,
          43.8960478
        ]
      },
      "id": "way/410102604"
    },
    {
      "type": "Feature",
      "properties": {
        "@id": "way/410102606",
        "building": "greenhouse",
        "building:levels": "1",
        "landuse": "greenhouse_horticulture",
        "@geometry": "center"
      },
      "geometry": {
        "type": "Point",
        "coordinates": [
          10.9243872,
          43.8961469
        ]
      },
      "id": "way/410102606"
    },
    {
      "type": "Feature",
      "properties": {
        "@id": "way/410102608",
        "building": "greenhouse",
        "building:levels": "1",
        "landuse": "greenhouse_horticulture",
        "@geometry": "center"
      },
      "geometry": {
        "type": "Point",
        "coordinates": [
          10.9234123,
          43.8964813
        ]
      },
      "id": "way/410102608"
    },
    {
      "type": "Feature",
      "properties": {
        "@id": "way/410769616",
        "landuse": "plant_nursery",
        "@geometry": "center"
      },
      "geometry": {
        "type": "Point",
        "coordinates": [
          10.9203939,
          43.9146616
        ]
      },
      "id": "way/410769616"
    },
    {
      "type": "Feature",
      "properties": {
        "@id": "way/410769617",
        "landuse": "plant_nursery",
        "@geometry": "center"
      },
      "geometry": {
        "type": "Point",
        "coordinates": [
          10.9196199,
          43.9160592
        ]
      },
      "id": "way/410769617"
    },
    {
      "type": "Feature",
      "properties": {
        "@id": "way/410769618",
        "landuse": "plant_nursery",
        "@geometry": "center"
      },
      "geometry": {
        "type": "Point",
        "coordinates": [
          10.9214145,
          43.9160066
        ]
      },
      "id": "way/410769618"
    },
    {
      "type": "Feature",
      "properties": {
        "@id": "way/410769619",
        "building": "greenhouse",
        "building:levels": "1",
        "landuse": "greenhouse_horticulture",
        "@geometry": "center"
      },
      "geometry": {
        "type": "Point",
        "coordinates": [
          10.9219506,
          43.916173
        ]
      },
      "id": "way/410769619"
    },
    {
      "type": "Feature",
      "properties": {
        "@id": "way/410769620",
        "building": "greenhouse",
        "building:levels": "1",
        "landuse": "greenhouse_horticulture",
        "@geometry": "center"
      },
      "geometry": {
        "type": "Point",
        "coordinates": [
          10.9219475,
          43.9158278
        ]
      },
      "id": "way/410769620"
    },
    {
      "type": "Feature",
      "properties": {
        "@id": "way/410769623",
        "building": "greenhouse",
        "building:levels": "1",
        "landuse": "greenhouse_horticulture",
        "@geometry": "center"
      },
      "geometry": {
        "type": "Point",
        "coordinates": [
          10.9250457,
          43.9151617
        ]
      },
      "id": "way/410769623"
    },
    {
      "type": "Feature",
      "properties": {
        "@id": "way/410769624",
        "building": "greenhouse",
        "building:levels": "1",
        "landuse": "greenhouse_horticulture",
        "@geometry": "center"
      },
      "geometry": {
        "type": "Point",
        "coordinates": [
          10.9250069,
          43.9156787
        ]
      },
      "id": "way/410769624"
    },
    {
      "type": "Feature",
      "properties": {
        "@id": "way/410769625",
        "landuse": "plant_nursery",
        "@geometry": "center"
      },
      "geometry": {
        "type": "Point",
        "coordinates": [
          10.9281339,
          43.915627
        ]
      },
      "id": "way/410769625"
    },
    {
      "type": "Feature",
      "properties": {
        "@id": "way/410834187",
        "landuse": "plant_nursery",
        "@geometry": "center"
      },
      "geometry": {
        "type": "Point",
        "coordinates": [
          10.9296296,
          43.9175016
        ]
      },
      "id": "way/410834187"
    },
    {
      "type": "Feature",
      "properties": {
        "@id": "way/423197720",
        "name": "Azienda agricola \"Caldereto\"",
        "shop": "garden_centre",
        "@geometry": "center"
      },
      "geometry": {
        "type": "Point",
        "coordinates": [
          10.5995863,
          43.6861776
        ]
      },
      "id": "way/423197720"
    },
    {
      "type": "Feature",
      "properties": {
        "@id": "way/424973867",
        "building": "greenhouse",
        "building:levels": "1",
        "landuse": "greenhouse_horticulture",
        "@geometry": "center"
      },
      "geometry": {
        "type": "Point",
        "coordinates": [
          10.2889525,
          43.8364641
        ]
      },
      "id": "way/424973867"
    },
    {
      "type": "Feature",
      "properties": {
        "@id": "way/424973870",
        "building": "greenhouse",
        "building:levels": "1",
        "landuse": "greenhouse_horticulture",
        "@geometry": "center"
      },
      "geometry": {
        "type": "Point",
        "coordinates": [
          10.2888313,
          43.8379822
        ]
      },
      "id": "way/424973870"
    },
    {
      "type": "Feature",
      "properties": {
        "@id": "way/424973871",
        "building": "greenhouse",
        "building:levels": "1",
        "landuse": "greenhouse_horticulture",
        "@geometry": "center"
      },
      "geometry": {
        "type": "Point",
        "coordinates": [
          10.2903826,
          43.8382574
        ]
      },
      "id": "way/424973871"
    },
    {
      "type": "Feature",
      "properties": {
        "@id": "way/425174210",
        "building": "yes",
        "landuse": "greenhouse_horticulture",
        "@geometry": "center"
      },
      "geometry": {
        "type": "Point",
        "coordinates": [
          10.442071,
          43.7130467
        ]
      },
      "id": "way/425174210"
    },
    {
      "type": "Feature",
      "properties": {
        "@id": "way/432338263",
        "building": "greenhouse",
        "building:levels": "1",
        "landuse": "greenhouse_horticulture",
        "@geometry": "center"
      },
      "geometry": {
        "type": "Point",
        "coordinates": [
          10.9411517,
          43.9366067
        ]
      },
      "id": "way/432338263"
    },
    {
      "type": "Feature",
      "properties": {
        "@id": "way/432344440",
        "building": "greenhouse",
        "building:levels": "1",
        "landuse": "greenhouse_horticulture",
        "@geometry": "center"
      },
      "geometry": {
        "type": "Point",
        "coordinates": [
          10.9336927,
          43.9395467
        ]
      },
      "id": "way/432344440"
    },
    {
      "type": "Feature",
      "properties": {
        "@id": "way/432344441",
        "building": "greenhouse",
        "building:levels": "1",
        "landuse": "greenhouse_horticulture",
        "@geometry": "center"
      },
      "geometry": {
        "type": "Point",
        "coordinates": [
          10.9332193,
          43.9351537
        ]
      },
      "id": "way/432344441"
    },
    {
      "type": "Feature",
      "properties": {
        "@id": "way/432769047",
        "building": "greenhouse",
        "building:levels": "1",
        "landuse": "greenhouse_horticulture",
        "@geometry": "center"
      },
      "geometry": {
        "type": "Point",
        "coordinates": [
          10.8985196,
          43.9070457
        ]
      },
      "id": "way/432769047"
    },
    {
      "type": "Feature",
      "properties": {
        "@id": "way/449005071",
        "landuse": "plant_nursery",
        "@geometry": "center"
      },
      "geometry": {
        "type": "Point",
        "coordinates": [
          10.905657,
          43.9125122
        ]
      },
      "id": "way/449005071"
    },
    {
      "type": "Feature",
      "properties": {
        "@id": "way/449009033",
        "building": "greenhouse",
        "building:levels": "1",
        "landuse": "greenhouse_horticulture",
        "roof:shape": "gabled",
        "@geometry": "center"
      },
      "geometry": {
        "type": "Point",
        "coordinates": [
          10.9013235,
          43.9081644
        ]
      },
      "id": "way/449009033"
    },
    {
      "type": "Feature",
      "properties": {
        "@id": "way/449009034",
        "building": "greenhouse",
        "building:levels": "1",
        "landuse": "greenhouse_horticulture",
        "roof:shape": "gabled",
        "@geometry": "center"
      },
      "geometry": {
        "type": "Point",
        "coordinates": [
          10.9013121,
          43.9080925
        ]
      },
      "id": "way/449009034"
    },
    {
      "type": "Feature",
      "properties": {
        "@id": "way/449186843",
        "building": "greenhouse",
        "building:levels": "1",
        "landuse": "greenhouse_horticulture",
        "roof:shape": "gabled",
        "@geometry": "center"
      },
      "geometry": {
        "type": "Point",
        "coordinates": [
          10.9042961,
          43.9131629
        ]
      },
      "id": "way/449186843"
    },
    {
      "type": "Feature",
      "properties": {
        "@id": "way/449188121",
        "building": "greenhouse",
        "building:levels": "1",
        "landuse": "greenhouse_horticulture",
        "roof:shape": "gabled",
        "@geometry": "center"
      },
      "geometry": {
        "type": "Point",
        "coordinates": [
          10.901407,
          43.9130243
        ]
      },
      "id": "way/449188121"
    },
    {
      "type": "Feature",
      "properties": {
        "@id": "way/449188122",
        "building": "greenhouse",
        "building:levels": "1",
        "landuse": "greenhouse_horticulture",
        "roof:shape": "round",
        "@geometry": "center"
      },
      "geometry": {
        "type": "Point",
        "coordinates": [
          10.9158982,
          43.9174368
        ]
      },
      "id": "way/449188122"
    },
    {
      "type": "Feature",
      "properties": {
        "@id": "way/449188123",
        "building": "greenhouse",
        "building:levels": "1",
        "landuse": "greenhouse_horticulture",
        "roof:shape": "round",
        "@geometry": "center"
      },
      "geometry": {
        "type": "Point",
        "coordinates": [
          10.9158985,
          43.9173565
        ]
      },
      "id": "way/449188123"
    },
    {
      "type": "Feature",
      "properties": {
        "@id": "way/449188124",
        "building": "greenhouse",
        "building:levels": "1",
        "landuse": "greenhouse_horticulture",
        "roof:shape": "round",
        "@geometry": "center"
      },
      "geometry": {
        "type": "Point",
        "coordinates": [
          10.9158989,
          43.9172744
        ]
      },
      "id": "way/449188124"
    },
    {
      "type": "Feature",
      "properties": {
        "@id": "way/449188125",
        "building": "greenhouse",
        "building:levels": "1",
        "landuse": "greenhouse_horticulture",
        "roof:shape": "round",
        "@geometry": "center"
      },
      "geometry": {
        "type": "Point",
        "coordinates": [
          10.9158991,
          43.9171931
        ]
      },
      "id": "way/449188125"
    },
    {
      "type": "Feature",
      "properties": {
        "@id": "way/449188127",
        "building": "greenhouse",
        "building:levels": "1",
        "landuse": "greenhouse_horticulture",
        "roof:shape": "round",
        "@geometry": "center"
      },
      "geometry": {
        "type": "Point",
        "coordinates": [
          10.9158992,
          43.9171113
        ]
      },
      "id": "way/449188127"
    },
    {
      "type": "Feature",
      "properties": {
        "@id": "way/449188131",
        "building": "greenhouse",
        "building:levels": "1",
        "landuse": "greenhouse_horticulture",
        "roof:shape": "round",
        "@geometry": "center"
      },
      "geometry": {
        "type": "Point",
        "coordinates": [
          10.9158995,
          43.9170298
        ]
      },
      "id": "way/449188131"
    },
    {
      "type": "Feature",
      "properties": {
        "@id": "way/449188137",
        "building": "greenhouse",
        "building:levels": "1",
        "landuse": "greenhouse_horticulture",
        "roof:shape": "round",
        "@geometry": "center"
      },
      "geometry": {
        "type": "Point",
        "coordinates": [
          10.9164534,
          43.9175197
        ]
      },
      "id": "way/449188137"
    },
    {
      "type": "Feature",
      "properties": {
        "@id": "way/449188145",
        "building": "greenhouse",
        "building:levels": "1",
        "landuse": "greenhouse_horticulture",
        "roof:shape": "round",
        "@geometry": "center"
      },
      "geometry": {
        "type": "Point",
        "coordinates": [
          10.9164543,
          43.9174378
        ]
      },
      "id": "way/449188145"
    },
    {
      "type": "Feature",
      "properties": {
        "@id": "way/449188148",
        "building": "greenhouse",
        "building:levels": "1",
        "landuse": "greenhouse_horticulture",
        "roof:shape": "round",
        "@geometry": "center"
      },
      "geometry": {
        "type": "Point",
        "coordinates": [
          10.9164554,
          43.9173564
        ]
      },
      "id": "way/449188148"
    },
    {
      "type": "Feature",
      "properties": {
        "@id": "way/449188151",
        "building": "greenhouse",
        "building:levels": "1",
        "landuse": "greenhouse_horticulture",
        "roof:shape": "round",
        "@geometry": "center"
      },
      "geometry": {
        "type": "Point",
        "coordinates": [
          10.9164556,
          43.9172751
        ]
      },
      "id": "way/449188151"
    },
    {
      "type": "Feature",
      "properties": {
        "@id": "way/449188153",
        "building": "greenhouse",
        "building:levels": "1",
        "landuse": "greenhouse_horticulture",
        "roof:shape": "round",
        "@geometry": "center"
      },
      "geometry": {
        "type": "Point",
        "coordinates": [
          10.9164561,
          43.9171938
        ]
      },
      "id": "way/449188153"
    },
    {
      "type": "Feature",
      "properties": {
        "@id": "way/449188155",
        "building": "greenhouse",
        "building:levels": "1",
        "landuse": "greenhouse_horticulture",
        "roof:shape": "round",
        "@geometry": "center"
      },
      "geometry": {
        "type": "Point",
        "coordinates": [
          10.9164564,
          43.9171121
        ]
      },
      "id": "way/449188155"
    },
    {
      "type": "Feature",
      "properties": {
        "@id": "way/449188157",
        "building": "greenhouse",
        "building:levels": "1",
        "landuse": "greenhouse_horticulture",
        "roof:shape": "round",
        "@geometry": "center"
      },
      "geometry": {
        "type": "Point",
        "coordinates": [
          10.9164567,
          43.917031
        ]
      },
      "id": "way/449188157"
    },
    {
      "type": "Feature",
      "properties": {
        "@id": "way/449188725",
        "building": "greenhouse",
        "building:levels": "1",
        "landuse": "greenhouse_horticulture",
        "roof:shape": "round",
        "@geometry": "center"
      },
      "geometry": {
        "type": "Point",
        "coordinates": [
          10.9170225,
          43.9175235
        ]
      },
      "id": "way/449188725"
    },
    {
      "type": "Feature",
      "properties": {
        "@id": "way/449188726",
        "building": "greenhouse",
        "building:levels": "1",
        "landuse": "greenhouse_horticulture",
        "roof:shape": "round",
        "@geometry": "center"
      },
      "geometry": {
        "type": "Point",
        "coordinates": [
          10.917024,
          43.9174437
        ]
      },
      "id": "way/449188726"
    },
    {
      "type": "Feature",
      "properties": {
        "@id": "way/449188727",
        "building": "greenhouse",
        "building:levels": "1",
        "landuse": "greenhouse_horticulture",
        "roof:shape": "round",
        "@geometry": "center"
      },
      "geometry": {
        "type": "Point",
        "coordinates": [
          10.9170254,
          43.9173636
        ]
      },
      "id": "way/449188727"
    },
    {
      "type": "Feature",
      "properties": {
        "@id": "way/449188728",
        "building": "greenhouse",
        "building:levels": "1",
        "landuse": "greenhouse_horticulture",
        "roof:shape": "round",
        "@geometry": "center"
      },
      "geometry": {
        "type": "Point",
        "coordinates": [
          10.9170269,
          43.9172839
        ]
      },
      "id": "way/449188728"
    },
    {
      "type": "Feature",
      "properties": {
        "@id": "way/449188729",
        "building": "greenhouse",
        "building:levels": "1",
        "landuse": "greenhouse_horticulture",
        "roof:shape": "round",
        "@geometry": "center"
      },
      "geometry": {
        "type": "Point",
        "coordinates": [
          10.9170283,
          43.9172046
        ]
      },
      "id": "way/449188729"
    },
    {
      "type": "Feature",
      "properties": {
        "@id": "way/449188730",
        "building": "greenhouse",
        "building:levels": "1",
        "landuse": "greenhouse_horticulture",
        "roof:shape": "round",
        "@geometry": "center"
      },
      "geometry": {
        "type": "Point",
        "coordinates": [
          10.9170296,
          43.9171253
        ]
      },
      "id": "way/449188730"
    },
    {
      "type": "Feature",
      "properties": {
        "@id": "way/449188731",
        "building": "greenhouse",
        "building:levels": "1",
        "landuse": "greenhouse_horticulture",
        "roof:shape": "round",
        "@geometry": "center"
      },
      "geometry": {
        "type": "Point",
        "coordinates": [
          10.917031,
          43.9170461
        ]
      },
      "id": "way/449188731"
    },
    {
      "type": "Feature",
      "properties": {
        "@id": "way/449188732",
        "building": "greenhouse",
        "building:levels": "1",
        "landuse": "greenhouse_horticulture",
        "roof:shape": "round",
        "@geometry": "center"
      },
      "geometry": {
        "type": "Point",
        "coordinates": [
          10.917032,
          43.9169124
        ]
      },
      "id": "way/449188732"
    },
    {
      "type": "Feature",
      "properties": {
        "@id": "way/449188733",
        "building": "greenhouse",
        "building:levels": "1",
        "landuse": "greenhouse_horticulture",
        "roof:shape": "round",
        "@geometry": "center"
      },
      "geometry": {
        "type": "Point",
        "coordinates": [
          10.9170334,
          43.9168333
        ]
      },
      "id": "way/449188733"
    },
    {
      "type": "Feature",
      "properties": {
        "@id": "way/449188734",
        "building": "greenhouse",
        "building:levels": "1",
        "landuse": "greenhouse_horticulture",
        "roof:shape": "round",
        "@geometry": "center"
      },
      "geometry": {
        "type": "Point",
        "coordinates": [
          10.9170347,
          43.9167545
        ]
      },
      "id": "way/449188734"
    },
    {
      "type": "Feature",
      "properties": {
        "@id": "way/449188735",
        "building": "greenhouse",
        "building:levels": "1",
        "landuse": "greenhouse_horticulture",
        "roof:shape": "round",
        "@geometry": "center"
      },
      "geometry": {
        "type": "Point",
        "coordinates": [
          10.9170361,
          43.9166699
        ]
      },
      "id": "way/449188735"
    },
    {
      "type": "Feature",
      "properties": {
        "@id": "way/449188736",
        "building": "greenhouse",
        "building:levels": "1",
        "landuse": "greenhouse_horticulture",
        "roof:shape": "round",
        "@geometry": "center"
      },
      "geometry": {
        "type": "Point",
        "coordinates": [
          10.9170375,
          43.9165863
        ]
      },
      "id": "way/449188736"
    },
    {
      "type": "Feature",
      "properties": {
        "@id": "way/449188737",
        "building": "greenhouse",
        "building:levels": "1",
        "landuse": "greenhouse_horticulture",
        "roof:shape": "round",
        "@geometry": "center"
      },
      "geometry": {
        "type": "Point",
        "coordinates": [
          10.9170382,
          43.9165069
        ]
      },
      "id": "way/449188737"
    },
    {
      "type": "Feature",
      "properties": {
        "@id": "way/449188738",
        "building": "greenhouse",
        "building:levels": "1",
        "landuse": "greenhouse_horticulture",
        "roof:shape": "round",
        "@geometry": "center"
      },
      "geometry": {
        "type": "Point",
        "coordinates": [
          10.9170397,
          43.9164281
        ]
      },
      "id": "way/449188738"
    },
    {
      "type": "Feature",
      "properties": {
        "@id": "way/449188739",
        "building": "greenhouse",
        "building:levels": "1",
        "landuse": "greenhouse_horticulture",
        "roof:shape": "round",
        "@geometry": "center"
      },
      "geometry": {
        "type": "Point",
        "coordinates": [
          10.9170404,
          43.9163485
        ]
      },
      "id": "way/449188739"
    },
    {
      "type": "Feature",
      "properties": {
        "@id": "way/449189549",
        "building": "greenhouse",
        "building:levels": "1",
        "landuse": "greenhouse_horticulture",
        "roof:shape": "round",
        "@geometry": "center"
      },
      "geometry": {
        "type": "Point",
        "coordinates": [
          10.9164618,
          43.9169073
        ]
      },
      "id": "way/449189549"
    },
    {
      "type": "Feature",
      "properties": {
        "@id": "way/449189550",
        "building": "greenhouse",
        "building:levels": "1",
        "landuse": "greenhouse_horticulture",
        "roof:shape": "round",
        "@geometry": "center"
      },
      "geometry": {
        "type": "Point",
        "coordinates": [
          10.9164633,
          43.9168286
        ]
      },
      "id": "way/449189550"
    },
    {
      "type": "Feature",
      "properties": {
        "@id": "way/449189551",
        "building": "greenhouse",
        "building:levels": "1",
        "landuse": "greenhouse_horticulture",
        "roof:shape": "round",
        "@geometry": "center"
      },
      "geometry": {
        "type": "Point",
        "coordinates": [
          10.9164649,
          43.9167512
        ]
      },
      "id": "way/449189551"
    },
    {
      "type": "Feature",
      "properties": {
        "@id": "way/449189552",
        "building": "greenhouse",
        "building:levels": "1",
        "landuse": "greenhouse_horticulture",
        "roof:shape": "round",
        "@geometry": "center"
      },
      "geometry": {
        "type": "Point",
        "coordinates": [
          10.9164661,
          43.9166665
        ]
      },
      "id": "way/449189552"
    },
    {
      "type": "Feature",
      "properties": {
        "@id": "way/449189553",
        "building": "greenhouse",
        "building:levels": "1",
        "landuse": "greenhouse_horticulture",
        "roof:shape": "round",
        "@geometry": "center"
      },
      "geometry": {
        "type": "Point",
        "coordinates": [
          10.9164673,
          43.9165819
        ]
      },
      "id": "way/449189553"
    },
    {
      "type": "Feature",
      "properties": {
        "@id": "way/449189554",
        "building": "greenhouse",
        "building:levels": "1",
        "landuse": "greenhouse_horticulture",
        "roof:shape": "round",
        "@geometry": "center"
      },
      "geometry": {
        "type": "Point",
        "coordinates": [
          10.9164697,
          43.9165029
        ]
      },
      "id": "way/449189554"
    },
    {
      "type": "Feature",
      "properties": {
        "@id": "way/449189555",
        "building": "greenhouse",
        "building:levels": "1",
        "landuse": "greenhouse_horticulture",
        "roof:shape": "round",
        "@geometry": "center"
      },
      "geometry": {
        "type": "Point",
        "coordinates": [
          10.9164706,
          43.9164234
        ]
      },
      "id": "way/449189555"
    },
    {
      "type": "Feature",
      "properties": {
        "@id": "way/449189556",
        "building": "greenhouse",
        "building:levels": "1",
        "landuse": "greenhouse_horticulture",
        "roof:shape": "round",
        "@geometry": "center"
      },
      "geometry": {
        "type": "Point",
        "coordinates": [
          10.9164717,
          43.9163442
        ]
      },
      "id": "way/449189556"
    },
    {
      "type": "Feature",
      "properties": {
        "@id": "way/449189557",
        "building": "greenhouse",
        "building:levels": "1",
        "landuse": "greenhouse_horticulture",
        "roof:shape": "round",
        "@geometry": "center"
      },
      "geometry": {
        "type": "Point",
        "coordinates": [
          10.9159056,
          43.9169019
        ]
      },
      "id": "way/449189557"
    },
    {
      "type": "Feature",
      "properties": {
        "@id": "way/449189558",
        "building": "greenhouse",
        "building:levels": "1",
        "landuse": "greenhouse_horticulture",
        "roof:shape": "round",
        "@geometry": "center"
      },
      "geometry": {
        "type": "Point",
        "coordinates": [
          10.9159072,
          43.9168216
        ]
      },
      "id": "way/449189558"
    },
    {
      "type": "Feature",
      "properties": {
        "@id": "way/449189559",
        "building": "greenhouse",
        "building:levels": "1",
        "landuse": "greenhouse_horticulture",
        "roof:shape": "round",
        "@geometry": "center"
      },
      "geometry": {
        "type": "Point",
        "coordinates": [
          10.9159666,
          43.9167416
        ]
      },
      "id": "way/449189559"
    },
    {
      "type": "Feature",
      "properties": {
        "@id": "way/449189560",
        "building": "greenhouse",
        "building:levels": "1",
        "landuse": "greenhouse_horticulture",
        "roof:shape": "round",
        "@geometry": "center"
      },
      "geometry": {
        "type": "Point",
        "coordinates": [
          10.9159676,
          43.9166611
        ]
      },
      "id": "way/449189560"
    },
    {
      "type": "Feature",
      "properties": {
        "@id": "way/449189561",
        "building": "greenhouse",
        "building:levels": "1",
        "landuse": "greenhouse_horticulture",
        "roof:shape": "round",
        "@geometry": "center"
      },
      "geometry": {
        "type": "Point",
        "coordinates": [
          10.9159682,
          43.9165778
        ]
      },
      "id": "way/449189561"
    },
    {
      "type": "Feature",
      "properties": {
        "@id": "way/449189562",
        "building": "greenhouse",
        "building:levels": "1",
        "landuse": "greenhouse_horticulture",
        "roof:shape": "round",
        "@geometry": "center"
      },
      "geometry": {
        "type": "Point",
        "coordinates": [
          10.9159703,
          43.916495
        ]
      },
      "id": "way/449189562"
    },
    {
      "type": "Feature",
      "properties": {
        "@id": "way/449189563",
        "building": "greenhouse",
        "building:levels": "1",
        "landuse": "greenhouse_horticulture",
        "roof:shape": "round",
        "@geometry": "center"
      },
      "geometry": {
        "type": "Point",
        "coordinates": [
          10.9159726,
          43.9164148
        ]
      },
      "id": "way/449189563"
    },
    {
      "type": "Feature",
      "properties": {
        "@id": "way/449189564",
        "building": "greenhouse",
        "building:levels": "1",
        "landuse": "greenhouse_horticulture",
        "roof:shape": "round",
        "@geometry": "center"
      },
      "geometry": {
        "type": "Point",
        "coordinates": [
          10.9159739,
          43.9163346
        ]
      },
      "id": "way/449189564"
    },
    {
      "type": "Feature",
      "properties": {
        "@id": "way/450409165",
        "building": "greenhouse",
        "building:levels": "1",
        "landuse": "greenhouse_horticulture",
        "roof:shape": "round",
        "@geometry": "center"
      },
      "geometry": {
        "type": "Point",
        "coordinates": [
          10.9092455,
          43.897141
        ]
      },
      "id": "way/450409165"
    },
    {
      "type": "Feature",
      "properties": {
        "@id": "way/450409166",
        "building": "greenhouse",
        "building:levels": "1",
        "landuse": "greenhouse_horticulture",
        "roof:shape": "round",
        "@geometry": "center"
      },
      "geometry": {
        "type": "Point",
        "coordinates": [
          10.908415,
          43.8965913
        ]
      },
      "id": "way/450409166"
    },
    {
      "type": "Feature",
      "properties": {
        "@id": "way/450409167",
        "building": "greenhouse",
        "building:levels": "1",
        "landuse": "greenhouse_horticulture",
        "roof:shape": "round",
        "@geometry": "center"
      },
      "geometry": {
        "type": "Point",
        "coordinates": [
          10.9084341,
          43.8967001
        ]
      },
      "id": "way/450409167"
    },
    {
      "type": "Feature",
      "properties": {
        "@id": "way/450409168",
        "building": "greenhouse",
        "building:levels": "1",
        "landuse": "greenhouse_horticulture",
        "roof:shape": "round",
        "@geometry": "center"
      },
      "geometry": {
        "type": "Point",
        "coordinates": [
          10.9084519,
          43.8968093
        ]
      },
      "id": "way/450409168"
    },
    {
      "type": "Feature",
      "properties": {
        "@id": "way/450409169",
        "building": "greenhouse",
        "building:levels": "1",
        "landuse": "greenhouse_horticulture",
        "roof:shape": "round",
        "@geometry": "center"
      },
      "geometry": {
        "type": "Point",
        "coordinates": [
          10.9083276,
          43.8962675
        ]
      },
      "id": "way/450409169"
    },
    {
      "type": "Feature",
      "properties": {
        "@id": "way/450409170",
        "building": "greenhouse",
        "building:levels": "1",
        "landuse": "greenhouse_horticulture",
        "roof:shape": "round",
        "@geometry": "center"
      },
      "geometry": {
        "type": "Point",
        "coordinates": [
          10.9083089,
          43.8961565
        ]
      },
      "id": "way/450409170"
    },
    {
      "type": "Feature",
      "properties": {
        "@id": "way/450409171",
        "building": "greenhouse",
        "building:levels": "1",
        "landuse": "greenhouse_horticulture",
        "roof:shape": "round",
        "@geometry": "center"
      },
      "geometry": {
        "type": "Point",
        "coordinates": [
          10.9082908,
          43.8960502
        ]
      },
      "id": "way/450409171"
    },
    {
      "type": "Feature",
      "properties": {
        "@id": "way/450409172",
        "building": "greenhouse",
        "building:levels": "1",
        "landuse": "greenhouse_horticulture",
        "roof:shape": "gabled",
        "@geometry": "center"
      },
      "geometry": {
        "type": "Point",
        "coordinates": [
          10.9087395,
          43.8966189
        ]
      },
      "id": "way/450409172"
    },
    {
      "type": "Feature",
      "properties": {
        "@id": "way/450409173",
        "building": "greenhouse",
        "building:levels": "1",
        "landuse": "greenhouse_horticulture",
        "roof:shape": "gabled",
        "@geometry": "center"
      },
      "geometry": {
        "type": "Point",
        "coordinates": [
          10.9089161,
          43.896603
        ]
      },
      "id": "way/450409173"
    },
    {
      "type": "Feature",
      "properties": {
        "@id": "way/450409174",
        "building": "greenhouse",
        "building:levels": "1",
        "landuse": "greenhouse_horticulture",
        "roof:shape": "gabled",
        "@geometry": "center"
      },
      "geometry": {
        "type": "Point",
        "coordinates": [
          10.9090915,
          43.8965872
        ]
      },
      "id": "way/450409174"
    },
    {
      "type": "Feature",
      "properties": {
        "@id": "way/450414533",
        "building": "greenhouse",
        "building:levels": "1",
        "landuse": "greenhouse_horticulture",
        "roof:shape": "round",
        "@geometry": "center"
      },
      "geometry": {
        "type": "Point",
        "coordinates": [
          10.9069508,
          43.8996932
        ]
      },
      "id": "way/450414533"
    },
    {
      "type": "Feature",
      "properties": {
        "@id": "way/450414534",
        "landuse": "plant_nursery",
        "@geometry": "center"
      },
      "geometry": {
        "type": "Point",
        "coordinates": [
          10.9065401,
          43.8984816
        ]
      },
      "id": "way/450414534"
    },
    {
      "type": "Feature",
      "properties": {
        "@id": "way/450415698",
        "building": "greenhouse",
        "building:levels": "1",
        "landuse": "greenhouse_horticulture",
        "roof:shape": "gabled",
        "@geometry": "center"
      },
      "geometry": {
        "type": "Point",
        "coordinates": [
          10.907085,
          43.8933231
        ]
      },
      "id": "way/450415698"
    },
    {
      "type": "Feature",
      "properties": {
        "@id": "way/450415699",
        "building": "greenhouse",
        "building:levels": "1",
        "landuse": "greenhouse_horticulture",
        "roof:shape": "round",
        "@geometry": "center"
      },
      "geometry": {
        "type": "Point",
        "coordinates": [
          10.9068917,
          43.8935005
        ]
      },
      "id": "way/450415699"
    },
    {
      "type": "Feature",
      "properties": {
        "@id": "way/450415700",
        "building": "greenhouse",
        "building:levels": "1",
        "landuse": "greenhouse_horticulture",
        "roof:shape": "round",
        "@geometry": "center"
      },
      "geometry": {
        "type": "Point",
        "coordinates": [
          10.9069896,
          43.8934845
        ]
      },
      "id": "way/450415700"
    },
    {
      "type": "Feature",
      "properties": {
        "@id": "way/450416438",
        "building": "greenhouse",
        "building:levels": "1",
        "landuse": "greenhouse_horticulture",
        "roof:shape": "gabled",
        "@geometry": "center"
      },
      "geometry": {
        "type": "Point",
        "coordinates": [
          10.9093821,
          43.9064778
        ]
      },
      "id": "way/450416438"
    },
    {
      "type": "Feature",
      "properties": {
        "@id": "way/450416439",
        "building": "greenhouse",
        "building:levels": "1",
        "landuse": "greenhouse_horticulture",
        "roof:shape": "gabled",
        "@geometry": "center"
      },
      "geometry": {
        "type": "Point",
        "coordinates": [
          10.9094642,
          43.9065946
        ]
      },
      "id": "way/450416439"
    },
    {
      "type": "Feature",
      "properties": {
        "@id": "way/450418018",
        "building": "greenhouse",
        "building:levels": "1",
        "landuse": "greenhouse_horticulture",
        "roof:shape": "gabled",
        "@geometry": "center"
      },
      "geometry": {
        "type": "Point",
        "coordinates": [
          10.9074406,
          43.907215
        ]
      },
      "id": "way/450418018"
    },
    {
      "type": "Feature",
      "properties": {
        "@id": "way/450418021",
        "building": "greenhouse",
        "building:levels": "1",
        "landuse": "greenhouse_horticulture",
        "roof:shape": "gabled",
        "@geometry": "center"
      },
      "geometry": {
        "type": "Point",
        "coordinates": [
          10.9073895,
          43.9070965
        ]
      },
      "id": "way/450418021"
    },
    {
      "type": "Feature",
      "properties": {
        "@id": "way/450418022",
        "building": "greenhouse",
        "building:levels": "1",
        "landuse": "greenhouse_horticulture",
        "roof:shape": "gabled",
        "@geometry": "center"
      },
      "geometry": {
        "type": "Point",
        "coordinates": [
          10.907323,
          43.906936
        ]
      },
      "id": "way/450418022"
    },
    {
      "type": "Feature",
      "properties": {
        "@id": "way/450418025",
        "building": "greenhouse",
        "building:levels": "1",
        "landuse": "greenhouse_horticulture",
        "roof:shape": "gabled",
        "@geometry": "center"
      },
      "geometry": {
        "type": "Point",
        "coordinates": [
          10.9072731,
          43.9068252
        ]
      },
      "id": "way/450418025"
    },
    {
      "type": "Feature",
      "properties": {
        "@id": "way/450418026",
        "building": "greenhouse",
        "building:levels": "1",
        "landuse": "greenhouse_horticulture",
        "roof:shape": "gabled",
        "@geometry": "center"
      },
      "geometry": {
        "type": "Point",
        "coordinates": [
          10.9072234,
          43.9067165
        ]
      },
      "id": "way/450418026"
    },
    {
      "type": "Feature",
      "properties": {
        "@id": "way/450418630",
        "building": "greenhouse",
        "building:levels": "1",
        "landuse": "greenhouse_horticulture",
        "roof:shape": "round",
        "@geometry": "center"
      },
      "geometry": {
        "type": "Point",
        "coordinates": [
          10.9065636,
          43.9060736
        ]
      },
      "id": "way/450418630"
    },
    {
      "type": "Feature",
      "properties": {
        "@id": "way/450418632",
        "building": "greenhouse",
        "building:levels": "1",
        "landuse": "greenhouse_horticulture",
        "roof:shape": "round",
        "@geometry": "center"
      },
      "geometry": {
        "type": "Point",
        "coordinates": [
          10.9073503,
          43.9059211
        ]
      },
      "id": "way/450418632"
    },
    {
      "type": "Feature",
      "properties": {
        "@id": "way/450418634",
        "building": "greenhouse",
        "building:levels": "1",
        "landuse": "greenhouse_horticulture",
        "roof:shape": "round",
        "@geometry": "center"
      },
      "geometry": {
        "type": "Point",
        "coordinates": [
          10.9074853,
          43.9058987
        ]
      },
      "id": "way/450418634"
    },
    {
      "type": "Feature",
      "properties": {
        "@id": "way/450418637",
        "building": "greenhouse",
        "building:levels": "1",
        "landuse": "greenhouse_horticulture",
        "roof:shape": "round",
        "@geometry": "center"
      },
      "geometry": {
        "type": "Point",
        "coordinates": [
          10.9076219,
          43.905877
        ]
      },
      "id": "way/450418637"
    },
    {
      "type": "Feature",
      "properties": {
        "@id": "way/450419065",
        "building": "greenhouse",
        "building:levels": "1",
        "landuse": "greenhouse_horticulture",
        "roof:shape": "gabled",
        "@geometry": "center"
      },
      "geometry": {
        "type": "Point",
        "coordinates": [
          10.9073184,
          43.9054453
        ]
      },
      "id": "way/450419065"
    },
    {
      "type": "Feature",
      "properties": {
        "@id": "way/450419066",
        "building": "greenhouse",
        "building:levels": "1",
        "landuse": "greenhouse_horticulture",
        "roof:shape": "gabled",
        "@geometry": "center"
      },
      "geometry": {
        "type": "Point",
        "coordinates": [
          10.9074418,
          43.9054286
        ]
      },
      "id": "way/450419066"
    },
    {
      "type": "Feature",
      "properties": {
        "@id": "way/450419067",
        "building": "greenhouse",
        "building:levels": "1",
        "landuse": "greenhouse_horticulture",
        "roof:shape": "gabled",
        "@geometry": "center"
      },
      "geometry": {
        "type": "Point",
        "coordinates": [
          10.9075637,
          43.905411
        ]
      },
      "id": "way/450419067"
    },
    {
      "type": "Feature",
      "properties": {
        "@id": "way/452430770",
        "building": "greenhouse",
        "building:levels": "1",
        "landuse": "greenhouse_horticulture",
        "roof:shape": "round",
        "@geometry": "center"
      },
      "geometry": {
        "type": "Point",
        "coordinates": [
          10.9156359,
          43.9190359
        ]
      },
      "id": "way/452430770"
    },
    {
      "type": "Feature",
      "properties": {
        "@id": "way/452430771",
        "building": "greenhouse",
        "building:levels": "1",
        "landuse": "greenhouse_horticulture",
        "roof:shape": "round",
        "@geometry": "center"
      },
      "geometry": {
        "type": "Point",
        "coordinates": [
          10.9157858,
          43.918994
        ]
      },
      "id": "way/452430771"
    },
    {
      "type": "Feature",
      "properties": {
        "@id": "way/453725298",
        "building": "greenhouse",
        "building:levels": "1",
        "landuse": "greenhouse_horticulture",
        "roof:shape": "round",
        "@geometry": "center"
      },
      "geometry": {
        "type": "Point",
        "coordinates": [
          10.9177954,
          43.9175923
        ]
      },
      "id": "way/453725298"
    },
    {
      "type": "Feature",
      "properties": {
        "@id": "way/453725299",
        "building": "greenhouse",
        "building:levels": "1",
        "landuse": "greenhouse_horticulture",
        "roof:shape": "round",
        "@geometry": "center"
      },
      "geometry": {
        "type": "Point",
        "coordinates": [
          10.917796,
          43.9174961
        ]
      },
      "id": "way/453725299"
    },
    {
      "type": "Feature",
      "properties": {
        "@id": "way/453725300",
        "building": "greenhouse",
        "building:levels": "1",
        "landuse": "greenhouse_horticulture",
        "roof:shape": "round",
        "@geometry": "center"
      },
      "geometry": {
        "type": "Point",
        "coordinates": [
          10.9177968,
          43.9174005
        ]
      },
      "id": "way/453725300"
    },
    {
      "type": "Feature",
      "properties": {
        "@id": "way/453725301",
        "building": "greenhouse",
        "building:levels": "1",
        "landuse": "greenhouse_horticulture",
        "roof:shape": "round",
        "@geometry": "center"
      },
      "geometry": {
        "type": "Point",
        "coordinates": [
          10.9177972,
          43.9173047
        ]
      },
      "id": "way/453725301"
    },
    {
      "type": "Feature",
      "properties": {
        "@id": "way/458777300",
        "building": "greenhouse",
        "building:levels": "1",
        "landuse": "greenhouse_horticulture",
        "roof:shape": "round",
        "@geometry": "center"
      },
      "geometry": {
        "type": "Point",
        "coordinates": [
          10.8926423,
          43.9065845
        ]
      },
      "id": "way/458777300"
    },
    {
      "type": "Feature",
      "properties": {
        "@id": "way/460008755",
        "building": "greenhouse",
        "building:levels": "1",
        "landuse": "greenhouse_horticulture",
        "roof:shape": "gabled",
        "@geometry": "center"
      },
      "geometry": {
        "type": "Point",
        "coordinates": [
          10.8942291,
          43.930728
        ]
      },
      "id": "way/460008755"
    },
    {
      "type": "Feature",
      "properties": {
        "@id": "way/460008756",
        "building": "greenhouse",
        "building:levels": "1",
        "landuse": "greenhouse_horticulture",
        "roof:shape": "flat",
        "@geometry": "center"
      },
      "geometry": {
        "type": "Point",
        "coordinates": [
          10.8943331,
          43.9307258
        ]
      },
      "id": "way/460008756"
    },
    {
      "type": "Feature",
      "properties": {
        "@id": "way/460211096",
        "landuse": "plant_nursery",
        "@geometry": "center"
      },
      "geometry": {
        "type": "Point",
        "coordinates": [
          11.0994868,
          43.8604814
        ]
      },
      "id": "way/460211096"
    },
    {
      "type": "Feature",
      "properties": {
        "@id": "way/461348228",
        "building": "greenhouse",
        "building:levels": "1",
        "landuse": "greenhouse_horticulture",
        "roof:shape": "round",
        "@geometry": "center"
      },
      "geometry": {
        "type": "Point",
        "coordinates": [
          10.8886613,
          43.9162147
        ]
      },
      "id": "way/461348228"
    },
    {
      "type": "Feature",
      "properties": {
        "@id": "way/461348229",
        "building": "greenhouse",
        "building:levels": "1",
        "landuse": "greenhouse_horticulture",
        "roof:shape": "round",
        "@geometry": "center"
      },
      "geometry": {
        "type": "Point",
        "coordinates": [
          10.8887647,
          43.9162113
        ]
      },
      "id": "way/461348229"
    },
    {
      "type": "Feature",
      "properties": {
        "@id": "way/461348230",
        "building": "greenhouse",
        "building:levels": "1",
        "landuse": "greenhouse_horticulture",
        "roof:shape": "round",
        "@geometry": "center"
      },
      "geometry": {
        "type": "Point",
        "coordinates": [
          10.8889936,
          43.9163887
        ]
      },
      "id": "way/461348230"
    },
    {
      "type": "Feature",
      "properties": {
        "@id": "way/461348231",
        "building": "greenhouse",
        "building:levels": "1",
        "landuse": "greenhouse_horticulture",
        "roof:shape": "gabled",
        "@geometry": "center"
      },
      "geometry": {
        "type": "Point",
        "coordinates": [
          10.889169,
          43.9162644
        ]
      },
      "id": "way/461348231"
    },
    {
      "type": "Feature",
      "properties": {
        "@id": "way/461349807",
        "landuse": "plant_nursery",
        "@geometry": "center"
      },
      "geometry": {
        "type": "Point",
        "coordinates": [
          10.8862443,
          43.9163027
        ]
      },
      "id": "way/461349807"
    },
    {
      "type": "Feature",
      "properties": {
        "@id": "way/461353059",
        "building": "greenhouse",
        "building:levels": "1",
        "landuse": "greenhouse_horticulture",
        "roof:shape": "round",
        "@geometry": "center"
      },
      "geometry": {
        "type": "Point",
        "coordinates": [
          10.8941997,
          43.9141175
        ]
      },
      "id": "way/461353059"
    },
    {
      "type": "Feature",
      "properties": {
        "@id": "way/461851032",
        "landuse": "plant_nursery",
        "@geometry": "center"
      },
      "geometry": {
        "type": "Point",
        "coordinates": [
          10.8759643,
          43.9140049
        ]
      },
      "id": "way/461851032"
    },
    {
      "type": "Feature",
      "properties": {
        "@id": "way/462201920",
        "building": "greenhouse",
        "building:levels": "1",
        "landuse": "greenhouse_horticulture",
        "@geometry": "center"
      },
      "geometry": {
        "type": "Point",
        "coordinates": [
          10.9054086,
          43.9120087
        ]
      },
      "id": "way/462201920"
    },
    {
      "type": "Feature",
      "properties": {
        "@id": "way/472076051",
        "building": "greenhouse",
        "building:levels": "1",
        "landuse": "greenhouse_horticulture",
        "@geometry": "center"
      },
      "geometry": {
        "type": "Point",
        "coordinates": [
          10.8870527,
          43.911356
        ]
      },
      "id": "way/472076051"
    },
    {
      "type": "Feature",
      "properties": {
        "@id": "way/477042346",
        "landuse": "plant_nursery",
        "name": "Cerreta",
        "@geometry": "center"
      },
      "geometry": {
        "type": "Point",
        "coordinates": [
          11.8228619,
          43.7783201
        ]
      },
      "id": "way/477042346"
    },
    {
      "type": "Feature",
      "properties": {
        "@id": "way/477098581",
        "landuse": "plant_nursery",
        "@geometry": "center"
      },
      "geometry": {
        "type": "Point",
        "coordinates": [
          10.5453842,
          43.4778271
        ]
      },
      "id": "way/477098581"
    },
    {
      "type": "Feature",
      "properties": {
        "@id": "way/477543541",
        "building": "greenhouse",
        "building:levels": "1",
        "landuse": "greenhouse_horticulture",
        "@geometry": "center"
      },
      "geometry": {
        "type": "Point",
        "coordinates": [
          10.8811155,
          43.9338486
        ]
      },
      "id": "way/477543541"
    },
    {
      "type": "Feature",
      "properties": {
        "@id": "way/477543575",
        "building": "greenhouse",
        "building:levels": "1",
        "landuse": "greenhouse_horticulture",
        "@geometry": "center"
      },
      "geometry": {
        "type": "Point",
        "coordinates": [
          10.880998,
          43.9336649
        ]
      },
      "id": "way/477543575"
    },
    {
      "type": "Feature",
      "properties": {
        "@id": "way/477543599",
        "building": "yes",
        "building:levels": "1",
        "landuse": "greenhouse_horticulture",
        "@geometry": "center"
      },
      "geometry": {
        "type": "Point",
        "coordinates": [
          10.8824294,
          43.9348303
        ]
      },
      "id": "way/477543599"
    },
    {
      "type": "Feature",
      "properties": {
        "@id": "way/478459314",
        "landuse": "plant_nursery",
        "@geometry": "center"
      },
      "geometry": {
        "type": "Point",
        "coordinates": [
          10.9057911,
          43.8960137
        ]
      },
      "id": "way/478459314"
    },
    {
      "type": "Feature",
      "properties": {
        "@id": "way/478460263",
        "building": "greenhouse",
        "building:levels": "1",
        "landuse": "greenhouse_horticulture",
        "@geometry": "center"
      },
      "geometry": {
        "type": "Point",
        "coordinates": [
          10.8905811,
          43.9008381
        ]
      },
      "id": "way/478460263"
    },
    {
      "type": "Feature",
      "properties": {
        "@id": "way/482875111",
        "landuse": "plant_nursery",
        "name": "Essenze di Lea",
        "@geometry": "center"
      },
      "geometry": {
        "type": "Point",
        "coordinates": [
          10.7164646,
          43.8004854
        ]
      },
      "id": "way/482875111"
    },
    {
      "type": "Feature",
      "properties": {
        "@id": "way/484613296",
        "landuse": "plant_nursery",
        "@geometry": "center"
      },
      "geometry": {
        "type": "Point",
        "coordinates": [
          10.9214766,
          43.9028057
        ]
      },
      "id": "way/484613296"
    },
    {
      "type": "Feature",
      "properties": {
        "@id": "way/485205774",
        "landuse": "plant_nursery",
        "name": "Bruschi Mario Fausto",
        "operator": "Bruschi Mario Fausto",
        "plant": "trees",
        "@geometry": "center"
      },
      "geometry": {
        "type": "Point",
        "coordinates": [
          10.9321051,
          43.8760436
        ]
      },
      "id": "way/485205774"
    },
    {
      "type": "Feature",
      "properties": {
        "@id": "way/485205796",
        "landuse": "plant_nursery",
        "name": "Benini Giovanni",
        "operator": "Benini Giovanni",
        "@geometry": "center"
      },
      "geometry": {
        "type": "Point",
        "coordinates": [
          10.9302802,
          43.8763591
        ]
      },
      "id": "way/485205796"
    },
    {
      "type": "Feature",
      "properties": {
        "@id": "way/487014376",
        "landuse": "plant_nursery",
        "@geometry": "center"
      },
      "geometry": {
        "type": "Point",
        "coordinates": [
          10.924723,
          43.9361028
        ]
      },
      "id": "way/487014376"
    },
    {
      "type": "Feature",
      "properties": {
        "@id": "way/487014377",
        "landuse": "plant_nursery",
        "@geometry": "center"
      },
      "geometry": {
        "type": "Point",
        "coordinates": [
          10.9259894,
          43.938203
        ]
      },
      "id": "way/487014377"
    },
    {
      "type": "Feature",
      "properties": {
        "@id": "way/487068937",
        "building": "greenhouse",
        "building:levels": "1",
        "landuse": "greenhouse_horticulture",
        "@geometry": "center"
      },
      "geometry": {
        "type": "Point",
        "coordinates": [
          10.9005085,
          43.8744381
        ]
      },
      "id": "way/487068937"
    },
    {
      "type": "Feature",
      "properties": {
        "@id": "way/487071528",
        "building": "greenhouse",
        "building:levels": "1",
        "landuse": "greenhouse_horticulture",
        "@geometry": "center"
      },
      "geometry": {
        "type": "Point",
        "coordinates": [
          10.8946153,
          43.8860598
        ]
      },
      "id": "way/487071528"
    },
    {
      "type": "Feature",
      "properties": {
        "@id": "way/489372577",
        "landuse": "plant_nursery",
        "@geometry": "center"
      },
      "geometry": {
        "type": "Point",
        "coordinates": [
          10.8957502,
          43.9485119
        ]
      },
      "id": "way/489372577"
    },
    {
      "type": "Feature",
      "properties": {
        "@id": "way/490214531",
        "building": "greenhouse",
        "building:levels": "1",
        "landuse": "greenhouse_horticulture",
        "@geometry": "center"
      },
      "geometry": {
        "type": "Point",
        "coordinates": [
          10.9492513,
          43.8755429
        ]
      },
      "id": "way/490214531"
    },
    {
      "type": "Feature",
      "properties": {
        "@id": "way/490214532",
        "building": "greenhouse",
        "building:levels": "1",
        "landuse": "greenhouse_horticulture",
        "@geometry": "center"
      },
      "geometry": {
        "type": "Point",
        "coordinates": [
          10.9495762,
          43.8754014
        ]
      },
      "id": "way/490214532"
    },
    {
      "type": "Feature",
      "properties": {
        "@id": "way/493536407",
        "landuse": "plant_nursery",
        "@geometry": "center"
      },
      "geometry": {
        "type": "Point",
        "coordinates": [
          10.873297,
          43.9145228
        ]
      },
      "id": "way/493536407"
    },
    {
      "type": "Feature",
      "properties": {
        "@id": "way/493536409",
        "landuse": "plant_nursery",
        "@geometry": "center"
      },
      "geometry": {
        "type": "Point",
        "coordinates": [
          10.8717972,
          43.9129822
        ]
      },
      "id": "way/493536409"
    },
    {
      "type": "Feature",
      "properties": {
        "@id": "way/494712675",
        "landuse": "greenhouse_horticulture",
        "@geometry": "center"
      },
      "geometry": {
        "type": "Point",
        "coordinates": [
          10.4480488,
          43.4041852
        ]
      },
      "id": "way/494712675"
    },
    {
      "type": "Feature",
      "properties": {
        "@id": "way/496165868",
        "building": "greenhouse",
        "landuse": "greenhouse_horticulture",
        "@geometry": "center"
      },
      "geometry": {
        "type": "Point",
        "coordinates": [
          10.8291323,
          43.3374632
        ]
      },
      "id": "way/496165868"
    },
    {
      "type": "Feature",
      "properties": {
        "@id": "way/496165869",
        "building": "greenhouse",
        "landuse": "greenhouse_horticulture",
        "@geometry": "center"
      },
      "geometry": {
        "type": "Point",
        "coordinates": [
          10.8289589,
          43.3370713
        ]
      },
      "id": "way/496165869"
    },
    {
      "type": "Feature",
      "properties": {
        "@id": "way/505258052",
        "shop": "garden_centre",
        "@geometry": "center"
      },
      "geometry": {
        "type": "Point",
        "coordinates": [
          10.1022157,
          44.0191845
        ]
      },
      "id": "way/505258052"
    },
    {
      "type": "Feature",
      "properties": {
        "@id": "way/506584793",
        "landuse": "greenhouse_horticulture",
        "@geometry": "center"
      },
      "geometry": {
        "type": "Point",
        "coordinates": [
          11.2247557,
          42.4937852
        ]
      },
      "id": "way/506584793"
    },
    {
      "type": "Feature",
      "properties": {
        "@id": "way/508888319",
        "name": "Ricci Garden",
        "shop": "garden_centre",
        "@geometry": "center"
      },
      "geometry": {
        "type": "Point",
        "coordinates": [
          10.1489733,
          43.9880311
        ]
      },
      "id": "way/508888319"
    },
    {
      "type": "Feature",
      "properties": {
        "@id": "way/518641299",
        "landuse": "greenhouse_horticulture",
        "@geometry": "center"
      },
      "geometry": {
        "type": "Point",
        "coordinates": [
          11.2510717,
          42.4520416
        ]
      },
      "id": "way/518641299"
    },
    {
      "type": "Feature",
      "properties": {
        "@id": "way/539502118",
        "landuse": "plant_nursery",
        "@geometry": "center"
      },
      "geometry": {
        "type": "Point",
        "coordinates": [
          10.91078,
          43.9480347
        ]
      },
      "id": "way/539502118"
    },
    {
      "type": "Feature",
      "properties": {
        "@id": "way/547475393",
        "landuse": "plant_nursery",
        "@geometry": "center"
      },
      "geometry": {
        "type": "Point",
        "coordinates": [
          11.548608,
          43.5470002
        ]
      },
      "id": "way/547475393"
    },
    {
      "type": "Feature",
      "properties": {
        "@id": "way/568533500",
        "genus": "Abies",
        "landuse": "plant_nursery",
        "name": "Vivaio Forestale",
        "operator": "Carabinieri Forestali",
        "@geometry": "center"
      },
      "geometry": {
        "type": "Point",
        "coordinates": [
          11.556952,
          43.7545241
        ]
      },
      "id": "way/568533500"
    },
    {
      "type": "Feature",
      "properties": {
        "@id": "way/571261906",
        "landuse": "plant_nursery",
        "@geometry": "center"
      },
      "geometry": {
        "type": "Point",
        "coordinates": [
          10.5325199,
          43.6773141
        ]
      },
      "id": "way/571261906"
    },
    {
      "type": "Feature",
      "properties": {
        "@id": "way/587740662",
        "landuse": "plant_nursery",
        "@geometry": "center"
      },
      "geometry": {
        "type": "Point",
        "coordinates": [
          10.9692078,
          43.922866
        ]
      },
      "id": "way/587740662"
    },
    {
      "type": "Feature",
      "properties": {
        "@id": "way/588205989",
        "addr:city": "Pistoia",
        "addr:postcode": "51100",
        "addr:street": "Via Galcigliana",
        "landuse": "plant_nursery",
        "name": "Vivaio Ponte dei Nesti",
        "operator": "Innocenti e Mangoni Piante",
        "@geometry": "center"
      },
      "geometry": {
        "type": "Point",
        "coordinates": [
          10.9819739,
          43.908501
        ]
      },
      "id": "way/588205989"
    },
    {
      "type": "Feature",
      "properties": {
        "@id": "way/588205992",
        "landuse": "plant_nursery",
        "@geometry": "center"
      },
      "geometry": {
        "type": "Point",
        "coordinates": [
          10.9815943,
          43.8957682
        ]
      },
      "id": "way/588205992"
    },
    {
      "type": "Feature",
      "properties": {
        "@id": "way/588205993",
        "landuse": "plant_nursery",
        "@geometry": "center"
      },
      "geometry": {
        "type": "Point",
        "coordinates": [
          10.9663114,
          43.9127455
        ]
      },
      "id": "way/588205993"
    },
    {
      "type": "Feature",
      "properties": {
        "@id": "way/588206002",
        "landuse": "plant_nursery",
        "@geometry": "center"
      },
      "geometry": {
        "type": "Point",
        "coordinates": [
          10.9656376,
          43.9014066
        ]
      },
      "id": "way/588206002"
    },
    {
      "type": "Feature",
      "properties": {
        "@id": "way/588206006",
        "landuse": "plant_nursery",
        "@geometry": "center"
      },
      "geometry": {
        "type": "Point",
        "coordinates": [
          11.0004962,
          43.9130507
        ]
      },
      "id": "way/588206006"
    },
    {
      "type": "Feature",
      "properties": {
        "@id": "way/588206007",
        "landuse": "plant_nursery",
        "@geometry": "center"
      },
      "geometry": {
        "type": "Point",
        "coordinates": [
          10.9748185,
          43.9135158
        ]
      },
      "id": "way/588206007"
    },
    {
      "type": "Feature",
      "properties": {
        "@id": "way/588206009",
        "landuse": "plant_nursery",
        "@geometry": "center"
      },
      "geometry": {
        "type": "Point",
        "coordinates": [
          10.9764352,
          43.9111799
        ]
      },
      "id": "way/588206009"
    },
    {
      "type": "Feature",
      "properties": {
        "@id": "way/588208119",
        "landuse": "plant_nursery",
        "@geometry": "center"
      },
      "geometry": {
        "type": "Point",
        "coordinates": [
          10.948154,
          43.9153125
        ]
      },
      "id": "way/588208119"
    },
    {
      "type": "Feature",
      "properties": {
        "@id": "way/588211395",
        "landuse": "plant_nursery",
        "@geometry": "center"
      },
      "geometry": {
        "type": "Point",
        "coordinates": [
          10.9475369,
          43.9367879
        ]
      },
      "id": "way/588211395"
    },
    {
      "type": "Feature",
      "properties": {
        "@id": "way/588215210",
        "landuse": "plant_nursery",
        "@geometry": "center"
      },
      "geometry": {
        "type": "Point",
        "coordinates": [
          10.9516054,
          43.9259203
        ]
      },
      "id": "way/588215210"
    },
    {
      "type": "Feature",
      "properties": {
        "@id": "way/588215216",
        "landuse": "plant_nursery",
        "@geometry": "center"
      },
      "geometry": {
        "type": "Point",
        "coordinates": [
          10.9412954,
          43.9260097
        ]
      },
      "id": "way/588215216"
    },
    {
      "type": "Feature",
      "properties": {
        "@id": "way/588215219",
        "landuse": "plant_nursery",
        "@geometry": "center"
      },
      "geometry": {
        "type": "Point",
        "coordinates": [
          10.9605694,
          43.9290821
        ]
      },
      "id": "way/588215219"
    },
    {
      "type": "Feature",
      "properties": {
        "@id": "way/588215222",
        "landuse": "plant_nursery",
        "@geometry": "center"
      },
      "geometry": {
        "type": "Point",
        "coordinates": [
          10.9660387,
          43.9056284
        ]
      },
      "id": "way/588215222"
    },
    {
      "type": "Feature",
      "properties": {
        "@id": "way/588215225",
        "landuse": "plant_nursery",
        "@geometry": "center"
      },
      "geometry": {
        "type": "Point",
        "coordinates": [
          10.9567079,
          43.908326
        ]
      },
      "id": "way/588215225"
    },
    {
      "type": "Feature",
      "properties": {
        "@id": "way/588215231",
        "landuse": "plant_nursery",
        "@geometry": "center"
      },
      "geometry": {
        "type": "Point",
        "coordinates": [
          10.9472055,
          43.9247813
        ]
      },
      "id": "way/588215231"
    },
    {
      "type": "Feature",
      "properties": {
        "@id": "way/588215232",
        "landuse": "plant_nursery",
        "@geometry": "center"
      },
      "geometry": {
        "type": "Point",
        "coordinates": [
          10.9592398,
          43.9349852
        ]
      },
      "id": "way/588215232"
    },
    {
      "type": "Feature",
      "properties": {
        "@id": "way/588215236",
        "landuse": "plant_nursery",
        "@geometry": "center"
      },
      "geometry": {
        "type": "Point",
        "coordinates": [
          10.9617799,
          43.9074313
        ]
      },
      "id": "way/588215236"
    },
    {
      "type": "Feature",
      "properties": {
        "@id": "way/611972352",
        "landuse": "greenhouse_horticulture",
        "@geometry": "center"
      },
      "geometry": {
        "type": "Point",
        "coordinates": [
          10.4183472,
          43.8583071
        ]
      },
      "id": "way/611972352"
    },
    {
      "type": "Feature",
      "properties": {
        "@id": "way/611972353",
        "landuse": "greenhouse_horticulture",
        "@geometry": "center"
      },
      "geometry": {
        "type": "Point",
        "coordinates": [
          10.4181889,
          43.8582693
        ]
      },
      "id": "way/611972353"
    },
    {
      "type": "Feature",
      "properties": {
        "@id": "way/611972354",
        "landuse": "greenhouse_horticulture",
        "@geometry": "center"
      },
      "geometry": {
        "type": "Point",
        "coordinates": [
          10.4180184,
          43.8582784
        ]
      },
      "id": "way/611972354"
    },
    {
      "type": "Feature",
      "properties": {
        "@id": "way/611972355",
        "landuse": "greenhouse_horticulture",
        "@geometry": "center"
      },
      "geometry": {
        "type": "Point",
        "coordinates": [
          10.4178886,
          43.8582676
        ]
      },
      "id": "way/611972355"
    },
    {
      "type": "Feature",
      "properties": {
        "@id": "way/611972356",
        "landuse": "greenhouse_horticulture",
        "@geometry": "center"
      },
      "geometry": {
        "type": "Point",
        "coordinates": [
          10.4177604,
          43.8581792
        ]
      },
      "id": "way/611972356"
    },
    {
      "type": "Feature",
      "properties": {
        "@id": "way/611972357",
        "landuse": "greenhouse_horticulture",
        "@geometry": "center"
      },
      "geometry": {
        "type": "Point",
        "coordinates": [
          10.4177464,
          43.8579773
        ]
      },
      "id": "way/611972357"
    },
    {
      "type": "Feature",
      "properties": {
        "@id": "way/611972358",
        "landuse": "greenhouse_horticulture",
        "@geometry": "center"
      },
      "geometry": {
        "type": "Point",
        "coordinates": [
          10.4180278,
          43.8579068
        ]
      },
      "id": "way/611972358"
    },
    {
      "type": "Feature",
      "properties": {
        "@id": "way/617807275",
        "landuse": "plant_nursery",
        "@geometry": "center"
      },
      "geometry": {
        "type": "Point",
        "coordinates": [
          10.886837,
          43.6943363
        ]
      },
      "id": "way/617807275"
    },
    {
      "type": "Feature",
      "properties": {
        "@id": "way/625099516",
        "landuse": "greenhouse_horticulture",
        "@geometry": "center"
      },
      "geometry": {
        "type": "Point",
        "coordinates": [
          10.2374408,
          43.9042508
        ]
      },
      "id": "way/625099516"
    },
    {
      "type": "Feature",
      "properties": {
        "@id": "way/625275125",
        "landuse": "greenhouse_horticulture",
        "@geometry": "center"
      },
      "geometry": {
        "type": "Point",
        "coordinates": [
          11.9382398,
          43.3243973
        ]
      },
      "id": "way/625275125"
    },
    {
      "type": "Feature",
      "properties": {
        "@id": "node/625386049",
        "addr:city": "Prato",
        "addr:postcode": "59100",
        "addr:street": "Piazza del Mercato Nuovo",
        "entrance": "yes",
        "shop": "garden_centre"
      },
      "geometry": {
        "type": "Point",
        "coordinates": [
          11.100859,
          43.8882395
        ]
      },
      "id": "node/625386049"
    },
    {
      "type": "Feature",
      "properties": {
        "@id": "way/626100094",
        "landuse": "greenhouse_horticulture",
        "@geometry": "center"
      },
      "geometry": {
        "type": "Point",
        "coordinates": [
          10.5748919,
          43.881868
        ]
      },
      "id": "way/626100094"
    },
    {
      "type": "Feature",
      "properties": {
        "@id": "way/627577114",
        "landuse": "greenhouse_horticulture",
        "@geometry": "center"
      },
      "geometry": {
        "type": "Point",
        "coordinates": [
          10.5195691,
          43.840755
        ]
      },
      "id": "way/627577114"
    },
    {
      "type": "Feature",
      "properties": {
        "@id": "way/628539726",
        "landuse": "greenhouse_horticulture",
        "@geometry": "center"
      },
      "geometry": {
        "type": "Point",
        "coordinates": [
          11.5862115,
          43.5256208
        ]
      },
      "id": "way/628539726"
    },
    {
      "type": "Feature",
      "properties": {
        "@id": "way/630721361",
        "landuse": "greenhouse_horticulture",
        "@geometry": "center"
      },
      "geometry": {
        "type": "Point",
        "coordinates": [
          10.4116092,
          43.7114157
        ]
      },
      "id": "way/630721361"
    },
    {
      "type": "Feature",
      "properties": {
        "@id": "way/633632192",
        "building": "yes",
        "landuse": "greenhouse_horticulture",
        "@geometry": "center"
      },
      "geometry": {
        "type": "Point",
        "coordinates": [
          11.4545654,
          42.4054324
        ]
      },
      "id": "way/633632192"
    },
    {
      "type": "Feature",
      "properties": {
        "@id": "way/633632193",
        "building": "yes",
        "landuse": "greenhouse_horticulture",
        "@geometry": "center"
      },
      "geometry": {
        "type": "Point",
        "coordinates": [
          11.4544876,
          42.4054869
        ]
      },
      "id": "way/633632193"
    },
    {
      "type": "Feature",
      "properties": {
        "@id": "way/633632194",
        "building": "yes",
        "landuse": "greenhouse_horticulture",
        "@geometry": "center"
      },
      "geometry": {
        "type": "Point",
        "coordinates": [
          11.4543682,
          42.4055681
        ]
      },
      "id": "way/633632194"
    },
    {
      "type": "Feature",
      "properties": {
        "@id": "way/633632195",
        "building": "yes",
        "landuse": "greenhouse_horticulture",
        "@geometry": "center"
      },
      "geometry": {
        "type": "Point",
        "coordinates": [
          11.4542905,
          42.4056226
        ]
      },
      "id": "way/633632195"
    },
    {
      "type": "Feature",
      "properties": {
        "@id": "way/633632196",
        "building": "yes",
        "landuse": "greenhouse_horticulture",
        "@geometry": "center"
      },
      "geometry": {
        "type": "Point",
        "coordinates": [
          11.4547008,
          42.4060464
        ]
      },
      "id": "way/633632196"
    },
    {
      "type": "Feature",
      "properties": {
        "@id": "way/633632197",
        "building": "yes",
        "landuse": "greenhouse_horticulture",
        "@geometry": "center"
      },
      "geometry": {
        "type": "Point",
        "coordinates": [
          11.4547772,
          42.4059889
        ]
      },
      "id": "way/633632197"
    },
    {
      "type": "Feature",
      "properties": {
        "@id": "way/633632198",
        "building": "yes",
        "landuse": "greenhouse_horticulture",
        "@geometry": "center"
      },
      "geometry": {
        "type": "Point",
        "coordinates": [
          11.4548511,
          42.4059449
        ]
      },
      "id": "way/633632198"
    },
    {
      "type": "Feature",
      "properties": {
        "@id": "way/633632199",
        "building": "yes",
        "landuse": "greenhouse_horticulture",
        "@geometry": "center"
      },
      "geometry": {
        "type": "Point",
        "coordinates": [
          11.455063,
          42.4058167
        ]
      },
      "id": "way/633632199"
    },
    {
      "type": "Feature",
      "properties": {
        "@id": "way/633632200",
        "building": "yes",
        "landuse": "greenhouse_horticulture",
        "@geometry": "center"
      },
      "geometry": {
        "type": "Point",
        "coordinates": [
          11.4549858,
          42.4058716
        ]
      },
      "id": "way/633632200"
    },
    {
      "type": "Feature",
      "properties": {
        "@id": "way/633632259",
        "building": "yes",
        "landuse": "greenhouse_horticulture",
        "@geometry": "center"
      },
      "geometry": {
        "type": "Point",
        "coordinates": [
          11.4481991,
          42.4015794
        ]
      },
      "id": "way/633632259"
    },
    {
      "type": "Feature",
      "properties": {
        "@id": "way/633632260",
        "building": "yes",
        "landuse": "greenhouse_horticulture",
        "@geometry": "center"
      },
      "geometry": {
        "type": "Point",
        "coordinates": [
          11.4482957,
          42.4015512
        ]
      },
      "id": "way/633632260"
    },
    {
      "type": "Feature",
      "properties": {
        "@id": "way/633632261",
        "building": "yes",
        "landuse": "greenhouse_horticulture",
        "@geometry": "center"
      },
      "geometry": {
        "type": "Point",
        "coordinates": [
          11.4483922,
          42.4015177
        ]
      },
      "id": "way/633632261"
    },
    {
      "type": "Feature",
      "properties": {
        "@id": "way/633632262",
        "building": "yes",
        "landuse": "greenhouse_horticulture",
        "@geometry": "center"
      },
      "geometry": {
        "type": "Point",
        "coordinates": [
          11.4484813,
          42.4014818
        ]
      },
      "id": "way/633632262"
    },
    {
      "type": "Feature",
      "properties": {
        "@id": "way/633632263",
        "building": "yes",
        "landuse": "greenhouse_horticulture",
        "@geometry": "center"
      },
      "geometry": {
        "type": "Point",
        "coordinates": [
          11.448571,
          42.4014528
        ]
      },
      "id": "way/633632263"
    },
    {
      "type": "Feature",
      "properties": {
        "@id": "way/633632264",
        "building": "yes",
        "landuse": "greenhouse_horticulture",
        "@geometry": "center"
      },
      "geometry": {
        "type": "Point",
        "coordinates": [
          11.4486702,
          42.4014171
        ]
      },
      "id": "way/633632264"
    },
    {
      "type": "Feature",
      "properties": {
        "@id": "way/633632265",
        "building": "yes",
        "landuse": "greenhouse_horticulture",
        "@geometry": "center"
      },
      "geometry": {
        "type": "Point",
        "coordinates": [
          11.4487711,
          42.4013889
        ]
      },
      "id": "way/633632265"
    },
    {
      "type": "Feature",
      "properties": {
        "@id": "way/633632266",
        "building": "yes",
        "landuse": "greenhouse_horticulture",
        "@geometry": "center"
      },
      "geometry": {
        "type": "Point",
        "coordinates": [
          11.4488704,
          42.4013558
        ]
      },
      "id": "way/633632266"
    },
    {
      "type": "Feature",
      "properties": {
        "@id": "way/633632267",
        "building": "yes",
        "landuse": "greenhouse_horticulture",
        "@geometry": "center"
      },
      "geometry": {
        "type": "Point",
        "coordinates": [
          11.4489686,
          42.4013253
        ]
      },
      "id": "way/633632267"
    },
    {
      "type": "Feature",
      "properties": {
        "@id": "way/633632268",
        "building": "yes",
        "landuse": "greenhouse_horticulture",
        "@geometry": "center"
      },
      "geometry": {
        "type": "Point",
        "coordinates": [
          11.44907,
          42.4012879
        ]
      },
      "id": "way/633632268"
    },
    {
      "type": "Feature",
      "properties": {
        "@id": "way/633632269",
        "building": "yes",
        "landuse": "greenhouse_horticulture",
        "@geometry": "center"
      },
      "geometry": {
        "type": "Point",
        "coordinates": [
          11.449169,
          42.4012623
        ]
      },
      "id": "way/633632269"
    },
    {
      "type": "Feature",
      "properties": {
        "@id": "way/633632270",
        "building": "yes",
        "landuse": "greenhouse_horticulture",
        "@geometry": "center"
      },
      "geometry": {
        "type": "Point",
        "coordinates": [
          11.4497703,
          42.4010608
        ]
      },
      "id": "way/633632270"
    },
    {
      "type": "Feature",
      "properties": {
        "@id": "way/633632271",
        "building": "yes",
        "landuse": "greenhouse_horticulture",
        "@geometry": "center"
      },
      "geometry": {
        "type": "Point",
        "coordinates": [
          11.4498175,
          42.4011285
        ]
      },
      "id": "way/633632271"
    },
    {
      "type": "Feature",
      "properties": {
        "@id": "way/633632272",
        "building": "yes",
        "landuse": "greenhouse_horticulture",
        "@geometry": "center"
      },
      "geometry": {
        "type": "Point",
        "coordinates": [
          11.4496464,
          42.4010052
        ]
      },
      "id": "way/633632272"
    },
    {
      "type": "Feature",
      "properties": {
        "@id": "way/633632273",
        "building": "yes",
        "landuse": "greenhouse_horticulture",
        "@geometry": "center"
      },
      "geometry": {
        "type": "Point",
        "coordinates": [
          11.4495999,
          42.4009296
        ]
      },
      "id": "way/633632273"
    },
    {
      "type": "Feature",
      "properties": {
        "@id": "way/633632274",
        "building": "yes",
        "landuse": "greenhouse_horticulture",
        "@geometry": "center"
      },
      "geometry": {
        "type": "Point",
        "coordinates": [
          11.4495492,
          42.4008561
        ]
      },
      "id": "way/633632274"
    },
    {
      "type": "Feature",
      "properties": {
        "@id": "way/633632275",
        "building": "yes",
        "landuse": "greenhouse_horticulture",
        "@geometry": "center"
      },
      "geometry": {
        "type": "Point",
        "coordinates": [
          11.4494951,
          42.4007905
        ]
      },
      "id": "way/633632275"
    },
    {
      "type": "Feature",
      "properties": {
        "@id": "way/633632276",
        "building": "yes",
        "landuse": "greenhouse_horticulture",
        "@geometry": "center"
      },
      "geometry": {
        "type": "Point",
        "coordinates": [
          11.4494478,
          42.4007132
        ]
      },
      "id": "way/633632276"
    },
    {
      "type": "Feature",
      "properties": {
        "@id": "way/633632277",
        "building": "yes",
        "landuse": "greenhouse_horticulture",
        "@geometry": "center"
      },
      "geometry": {
        "type": "Point",
        "coordinates": [
          11.4493988,
          42.4006414
        ]
      },
      "id": "way/633632277"
    },
    {
      "type": "Feature",
      "properties": {
        "@id": "way/633632278",
        "building": "yes",
        "landuse": "greenhouse_horticulture",
        "@geometry": "center"
      },
      "geometry": {
        "type": "Point",
        "coordinates": [
          11.4493557,
          42.4005741
        ]
      },
      "id": "way/633632278"
    },
    {
      "type": "Feature",
      "properties": {
        "@id": "way/633632279",
        "building": "yes",
        "landuse": "greenhouse_horticulture",
        "@geometry": "center"
      },
      "geometry": {
        "type": "Point",
        "coordinates": [
          11.4493012,
          42.4005029
        ]
      },
      "id": "way/633632279"
    },
    {
      "type": "Feature",
      "properties": {
        "@id": "way/638598674",
        "landuse": "greenhouse_horticulture",
        "@geometry": "center"
      },
      "geometry": {
        "type": "Point",
        "coordinates": [
          10.4879469,
          43.8627216
        ]
      },
      "id": "way/638598674"
    },
    {
      "type": "Feature",
      "properties": {
        "@id": "way/638598697",
        "landuse": "greenhouse_horticulture",
        "@geometry": "center"
      },
      "geometry": {
        "type": "Point",
        "coordinates": [
          10.4888209,
          43.8597492
        ]
      },
      "id": "way/638598697"
    },
    {
      "type": "Feature",
      "properties": {
        "@id": "way/638598698",
        "landuse": "greenhouse_horticulture",
        "@geometry": "center"
      },
      "geometry": {
        "type": "Point",
        "coordinates": [
          10.4890862,
          43.8597612
        ]
      },
      "id": "way/638598698"
    },
    {
      "type": "Feature",
      "properties": {
        "@id": "way/638598699",
        "landuse": "greenhouse_horticulture",
        "@geometry": "center"
      },
      "geometry": {
        "type": "Point",
        "coordinates": [
          10.4890684,
          43.8596399
        ]
      },
      "id": "way/638598699"
    },
    {
      "type": "Feature",
      "properties": {
        "@id": "way/638598700",
        "landuse": "greenhouse_horticulture",
        "@geometry": "center"
      },
      "geometry": {
        "type": "Point",
        "coordinates": [
          10.4890191,
          43.859477
        ]
      },
      "id": "way/638598700"
    },
    {
      "type": "Feature",
      "properties": {
        "@id": "way/638598701",
        "landuse": "greenhouse_horticulture",
        "@geometry": "center"
      },
      "geometry": {
        "type": "Point",
        "coordinates": [
          10.4889001,
          43.8592177
        ]
      },
      "id": "way/638598701"
    },
    {
      "type": "Feature",
      "properties": {
        "@id": "way/638598702",
        "landuse": "greenhouse_horticulture",
        "@geometry": "center"
      },
      "geometry": {
        "type": "Point",
        "coordinates": [
          10.4888299,
          43.8588671
        ]
      },
      "id": "way/638598702"
    },
    {
      "type": "Feature",
      "properties": {
        "@id": "way/640060650",
        "name": "Vivai Testi",
        "shop": "garden_centre",
        "@geometry": "center"
      },
      "geometry": {
        "type": "Point",
        "coordinates": [
          10.4985696,
          43.847779
        ]
      },
      "id": "way/640060650"
    },
    {
      "type": "Feature",
      "properties": {
        "@id": "way/669510276",
        "landuse": "greenhouse_horticulture",
        "@geometry": "center"
      },
      "geometry": {
        "type": "Point",
        "coordinates": [
          10.4517595,
          43.841147
        ]
      },
      "id": "way/669510276"
    },
    {
      "type": "Feature",
      "properties": {
        "@id": "way/669510277",
        "landuse": "greenhouse_horticulture",
        "@geometry": "center"
      },
      "geometry": {
        "type": "Point",
        "coordinates": [
          10.4518682,
          43.8411306
        ]
      },
      "id": "way/669510277"
    },
    {
      "type": "Feature",
      "properties": {
        "@id": "way/669978906",
        "landuse": "greenhouse_horticulture",
        "@geometry": "center"
      },
      "geometry": {
        "type": "Point",
        "coordinates": [
          12.0155883,
          43.1873185
        ]
      },
      "id": "way/669978906"
    },
    {
      "type": "Feature",
      "properties": {
        "@id": "way/669978907",
        "landuse": "greenhouse_horticulture",
        "@geometry": "center"
      },
      "geometry": {
        "type": "Point",
        "coordinates": [
          12.0154998,
          43.1873849
        ]
      },
      "id": "way/669978907"
    },
    {
      "type": "Feature",
      "properties": {
        "@id": "way/669978908",
        "landuse": "greenhouse_horticulture",
        "@geometry": "center"
      },
      "geometry": {
        "type": "Point",
        "coordinates": [
          12.0153911,
          43.1874678
        ]
      },
      "id": "way/669978908"
    },
    {
      "type": "Feature",
      "properties": {
        "@id": "way/669978909",
        "contact:website": "https://www.pacellipiantevivaio.it",
        "landuse": "plant_nursery",
        "name": "Pacelli piante",
        "@geometry": "center"
      },
      "geometry": {
        "type": "Point",
        "coordinates": [
          12.0156178,
          43.1876108
        ]
      },
      "id": "way/669978909"
    },
    {
      "type": "Feature",
      "properties": {
        "@id": "way/683349356",
        "landuse": "greenhouse_horticulture",
        "@geometry": "center"
      },
      "geometry": {
        "type": "Point",
        "coordinates": [
          10.434384,
          43.7029546
        ]
      },
      "id": "way/683349356"
    },
    {
      "type": "Feature",
      "properties": {
        "@id": "way/683349357",
        "landuse": "greenhouse_horticulture",
        "@geometry": "center"
      },
      "geometry": {
        "type": "Point",
        "coordinates": [
          10.4349242,
          43.7029366
        ]
      },
      "id": "way/683349357"
    },
    {
      "type": "Feature",
      "properties": {
        "@id": "way/683349358",
        "landuse": "greenhouse_horticulture",
        "@geometry": "center"
      },
      "geometry": {
        "type": "Point",
        "coordinates": [
          10.4346998,
          43.7032207
        ]
      },
      "id": "way/683349358"
    },
    {
      "type": "Feature",
      "properties": {
        "@id": "way/683349359",
        "landuse": "greenhouse_horticulture",
        "@geometry": "center"
      },
      "geometry": {
        "type": "Point",
        "coordinates": [
          10.4344476,
          43.7028314
        ]
      },
      "id": "way/683349359"
    },
    {
      "type": "Feature",
      "properties": {
        "@id": "way/683349360",
        "landuse": "greenhouse_horticulture",
        "@geometry": "center"
      },
      "geometry": {
        "type": "Point",
        "coordinates": [
          10.4347428,
          43.7029654
        ]
      },
      "id": "way/683349360"
    },
    {
      "type": "Feature",
      "properties": {
        "@id": "way/685512066",
        "landuse": "greenhouse_horticulture",
        "@geometry": "center"
      },
      "geometry": {
        "type": "Point",
        "coordinates": [
          11.5721847,
          43.5336439
        ]
      },
      "id": "way/685512066"
    },
    {
      "type": "Feature",
      "properties": {
        "@id": "way/685512067",
        "landuse": "greenhouse_horticulture",
        "@geometry": "center"
      },
      "geometry": {
        "type": "Point",
        "coordinates": [
          11.5716646,
          43.5339026
        ]
      },
      "id": "way/685512067"
    },
    {
      "type": "Feature",
      "properties": {
        "@id": "way/690547330",
        "landuse": "plant_nursery",
        "@geometry": "center"
      },
      "geometry": {
        "type": "Point",
        "coordinates": [
          11.0840282,
          43.8316975
        ]
      },
      "id": "way/690547330"
    },
    {
      "type": "Feature",
      "properties": {
        "@id": "way/692452344",
        "landuse": "greenhouse_horticulture",
        "@geometry": "center"
      },
      "geometry": {
        "type": "Point",
        "coordinates": [
          10.4988729,
          43.9425033
        ]
      },
      "id": "way/692452344"
    },
    {
      "type": "Feature",
      "properties": {
        "@id": "way/692452345",
        "landuse": "greenhouse_horticulture",
        "@geometry": "center"
      },
      "geometry": {
        "type": "Point",
        "coordinates": [
          10.4982263,
          43.9424575
        ]
      },
      "id": "way/692452345"
    },
    {
      "type": "Feature",
      "properties": {
        "@id": "way/692567739",
        "landuse": "greenhouse_horticulture",
        "@geometry": "center"
      },
      "geometry": {
        "type": "Point",
        "coordinates": [
          10.4953893,
          43.9395885
        ]
      },
      "id": "way/692567739"
    },
    {
      "type": "Feature",
      "properties": {
        "@id": "way/693552250",
        "landuse": "plant_nursery",
        "@geometry": "center"
      },
      "geometry": {
        "type": "Point",
        "coordinates": [
          11.6061799,
          43.5810335
        ]
      },
      "id": "way/693552250"
    },
    {
      "type": "Feature",
      "properties": {
        "@id": "way/695800137",
        "building": "greenhouse",
        "building:levels": "1",
        "landuse": "greenhouse_horticulture",
        "@geometry": "center"
      },
      "geometry": {
        "type": "Point",
        "coordinates": [
          10.9023568,
          43.9105106
        ]
      },
      "id": "way/695800137"
    },
    {
      "type": "Feature",
      "properties": {
        "@id": "way/695800138",
        "building": "greenhouse",
        "building:levels": "1",
        "landuse": "greenhouse_horticulture",
        "@geometry": "center"
      },
      "geometry": {
        "type": "Point",
        "coordinates": [
          10.8972827,
          43.9277478
        ]
      },
      "id": "way/695800138"
    },
    {
      "type": "Feature",
      "properties": {
        "@id": "way/695800140",
        "building": "greenhouse",
        "building:levels": "1",
        "landuse": "greenhouse_horticulture",
        "@geometry": "center"
      },
      "geometry": {
        "type": "Point",
        "coordinates": [
          10.9102759,
          43.9067022
        ]
      },
      "id": "way/695800140"
    },
    {
      "type": "Feature",
      "properties": {
        "@id": "way/695800144",
        "building": "greenhouse",
        "building:levels": "1",
        "landuse": "greenhouse_horticulture",
        "@geometry": "center"
      },
      "geometry": {
        "type": "Point",
        "coordinates": [
          10.8945347,
          43.9255743
        ]
      },
      "id": "way/695800144"
    },
    {
      "type": "Feature",
      "properties": {
        "@id": "way/695800146",
        "building": "greenhouse",
        "building:levels": "1",
        "landuse": "greenhouse_horticulture",
        "@geometry": "center"
      },
      "geometry": {
        "type": "Point",
        "coordinates": [
          10.8950979,
          43.9179513
        ]
      },
      "id": "way/695800146"
    },
    {
      "type": "Feature",
      "properties": {
        "@id": "way/695800150",
        "building": "greenhouse",
        "building:levels": "1",
        "landuse": "greenhouse_horticulture",
        "@geometry": "center"
      },
      "geometry": {
        "type": "Point",
        "coordinates": [
          10.9126068,
          43.9060109
        ]
      },
      "id": "way/695800150"
    },
    {
      "type": "Feature",
      "properties": {
        "@id": "way/695800151",
        "building": "greenhouse",
        "building:levels": "1",
        "landuse": "greenhouse_horticulture",
        "@geometry": "center"
      },
      "geometry": {
        "type": "Point",
        "coordinates": [
          10.891666,
          43.9224812
        ]
      },
      "id": "way/695800151"
    },
    {
      "type": "Feature",
      "properties": {
        "@id": "way/697337060",
        "landuse": "greenhouse_horticulture",
        "@geometry": "center"
      },
      "geometry": {
        "type": "Point",
        "coordinates": [
          10.2727814,
          43.928135
        ]
      },
      "id": "way/697337060"
    },
    {
      "type": "Feature",
      "properties": {
        "@id": "way/697337061",
        "landuse": "greenhouse_horticulture",
        "@geometry": "center"
      },
      "geometry": {
        "type": "Point",
        "coordinates": [
          10.27117,
          43.9271564
        ]
      },
      "id": "way/697337061"
    },
    {
      "type": "Feature",
      "properties": {
        "@id": "way/697337062",
        "landuse": "greenhouse_horticulture",
        "@geometry": "center"
      },
      "geometry": {
        "type": "Point",
        "coordinates": [
          10.267598,
          43.9269402
        ]
      },
      "id": "way/697337062"
    },
    {
      "type": "Feature",
      "properties": {
        "@id": "way/697337063",
        "landuse": "greenhouse_horticulture",
        "@geometry": "center"
      },
      "geometry": {
        "type": "Point",
        "coordinates": [
          10.269261,
          43.9262524
        ]
      },
      "id": "way/697337063"
    },
    {
      "type": "Feature",
      "properties": {
        "@id": "way/697341726",
        "landuse": "greenhouse_horticulture",
        "@geometry": "center"
      },
      "geometry": {
        "type": "Point",
        "coordinates": [
          10.2591174,
          43.9306969
        ]
      },
      "id": "way/697341726"
    },
    {
      "type": "Feature",
      "properties": {
        "@id": "way/697341728",
        "landuse": "greenhouse_horticulture",
        "@geometry": "center"
      },
      "geometry": {
        "type": "Point",
        "coordinates": [
          10.257629,
          43.9263939
        ]
      },
      "id": "way/697341728"
    },
    {
      "type": "Feature",
      "properties": {
        "@id": "way/697341729",
        "landuse": "greenhouse_horticulture",
        "@geometry": "center"
      },
      "geometry": {
        "type": "Point",
        "coordinates": [
          10.2496594,
          43.927483
        ]
      },
      "id": "way/697341729"
    },
    {
      "type": "Feature",
      "properties": {
        "@id": "way/697341730",
        "landuse": "greenhouse_horticulture",
        "@geometry": "center"
      },
      "geometry": {
        "type": "Point",
        "coordinates": [
          10.2552052,
          43.9252193
        ]
      },
      "id": "way/697341730"
    },
    {
      "type": "Feature",
      "properties": {
        "@id": "way/697341731",
        "landuse": "greenhouse_horticulture",
        "@geometry": "center"
      },
      "geometry": {
        "type": "Point",
        "coordinates": [
          10.2550124,
          43.9260346
        ]
      },
      "id": "way/697341731"
    },
    {
      "type": "Feature",
      "properties": {
        "@id": "way/697341732",
        "landuse": "greenhouse_horticulture",
        "@geometry": "center"
      },
      "geometry": {
        "type": "Point",
        "coordinates": [
          10.2490318,
          43.9280625
        ]
      },
      "id": "way/697341732"
    },
    {
      "type": "Feature",
      "properties": {
        "@id": "way/697348377",
        "landuse": "greenhouse_horticulture",
        "@geometry": "center"
      },
      "geometry": {
        "type": "Point",
        "coordinates": [
          10.2558707,
          43.9348466
        ]
      },
      "id": "way/697348377"
    },
    {
      "type": "Feature",
      "properties": {
        "@id": "way/697414283",
        "landuse": "greenhouse_horticulture",
        "@geometry": "center"
      },
      "geometry": {
        "type": "Point",
        "coordinates": [
          10.2674285,
          43.9044856
        ]
      },
      "id": "way/697414283"
    },
    {
      "type": "Feature",
      "properties": {
        "@id": "way/697414287",
        "landuse": "greenhouse_horticulture",
        "@geometry": "center"
      },
      "geometry": {
        "type": "Point",
        "coordinates": [
          10.2685604,
          43.9043722
        ]
      },
      "id": "way/697414287"
    },
    {
      "type": "Feature",
      "properties": {
        "@id": "way/697416686",
        "landuse": "greenhouse_horticulture",
        "@geometry": "center"
      },
      "geometry": {
        "type": "Point",
        "coordinates": [
          10.2593449,
          43.9219458
        ]
      },
      "id": "way/697416686"
    },
    {
      "type": "Feature",
      "properties": {
        "@id": "way/697503299",
        "landuse": "greenhouse_horticulture",
        "@geometry": "center"
      },
      "geometry": {
        "type": "Point",
        "coordinates": [
          10.2302845,
          43.9185845
        ]
      },
      "id": "way/697503299"
    },
    {
      "type": "Feature",
      "properties": {
        "@id": "way/697503300",
        "landuse": "greenhouse_horticulture",
        "@geometry": "center"
      },
      "geometry": {
        "type": "Point",
        "coordinates": [
          10.2303716,
          43.9196424
        ]
      },
      "id": "way/697503300"
    },
    {
      "type": "Feature",
      "properties": {
        "@id": "way/697503301",
        "landuse": "greenhouse_horticulture",
        "@geometry": "center"
      },
      "geometry": {
        "type": "Point",
        "coordinates": [
          10.2297494,
          43.9192154
        ]
      },
      "id": "way/697503301"
    },
    {
      "type": "Feature",
      "properties": {
        "@id": "way/697503302",
        "landuse": "greenhouse_horticulture",
        "@geometry": "center"
      },
      "geometry": {
        "type": "Point",
        "coordinates": [
          10.2267158,
          43.9184116
        ]
      },
      "id": "way/697503302"
    },
    {
      "type": "Feature",
      "properties": {
        "@id": "way/697503303",
        "landuse": "greenhouse_horticulture",
        "@geometry": "center"
      },
      "geometry": {
        "type": "Point",
        "coordinates": [
          10.2270567,
          43.9179436
        ]
      },
      "id": "way/697503303"
    },
    {
      "type": "Feature",
      "properties": {
        "@id": "way/701468462",
        "landuse": "greenhouse_horticulture",
        "@geometry": "center"
      },
      "geometry": {
        "type": "Point",
        "coordinates": [
          10.1399906,
          44.0086578
        ]
      },
      "id": "way/701468462"
    },
    {
      "type": "Feature",
      "properties": {
        "@id": "way/707461257",
        "landuse": "greenhouse_horticulture",
        "@geometry": "center"
      },
      "geometry": {
        "type": "Point",
        "coordinates": [
          10.2650423,
          43.8763441
        ]
      },
      "id": "way/707461257"
    },
    {
      "type": "Feature",
      "properties": {
        "@id": "way/707461258",
        "landuse": "greenhouse_horticulture",
        "@geometry": "center"
      },
      "geometry": {
        "type": "Point",
        "coordinates": [
          10.2665144,
          43.8775039
        ]
      },
      "id": "way/707461258"
    },
    {
      "type": "Feature",
      "properties": {
        "@id": "way/707461534",
        "landuse": "greenhouse_horticulture",
        "@geometry": "center"
      },
      "geometry": {
        "type": "Point",
        "coordinates": [
          10.2630137,
          43.8763937
        ]
      },
      "id": "way/707461534"
    },
    {
      "type": "Feature",
      "properties": {
        "@id": "way/707472193",
        "landuse": "greenhouse_horticulture",
        "@geometry": "center"
      },
      "geometry": {
        "type": "Point",
        "coordinates": [
          10.2520568,
          43.8872638
        ]
      },
      "id": "way/707472193"
    },
    {
      "type": "Feature",
      "properties": {
        "@id": "way/707472199",
        "landuse": "greenhouse_horticulture",
        "@geometry": "center"
      },
      "geometry": {
        "type": "Point",
        "coordinates": [
          10.2535352,
          43.8854365
        ]
      },
      "id": "way/707472199"
    },
    {
      "type": "Feature",
      "properties": {
        "@id": "way/707472200",
        "landuse": "greenhouse_horticulture",
        "@geometry": "center"
      },
      "geometry": {
        "type": "Point",
        "coordinates": [
          10.2516622,
          43.8851393
        ]
      },
      "id": "way/707472200"
    },
    {
      "type": "Feature",
      "properties": {
        "@id": "way/707886916",
        "building": "yes",
        "landuse": "greenhouse_horticulture",
        "@geometry": "center"
      },
      "geometry": {
        "type": "Point",
        "coordinates": [
          11.4239975,
          42.3954557
        ]
      },
      "id": "way/707886916"
    },
    {
      "type": "Feature",
      "properties": {
        "@id": "way/707886917",
        "building": "yes",
        "landuse": "greenhouse_horticulture",
        "@geometry": "center"
      },
      "geometry": {
        "type": "Point",
        "coordinates": [
          11.4238849,
          42.3954756
        ]
      },
      "id": "way/707886917"
    },
    {
      "type": "Feature",
      "properties": {
        "@id": "way/707886918",
        "building": "yes",
        "landuse": "greenhouse_horticulture",
        "@geometry": "center"
      },
      "geometry": {
        "type": "Point",
        "coordinates": [
          11.4237937,
          42.3954894
        ]
      },
      "id": "way/707886918"
    },
    {
      "type": "Feature",
      "properties": {
        "@id": "way/707886919",
        "building": "yes",
        "landuse": "greenhouse_horticulture",
        "@geometry": "center"
      },
      "geometry": {
        "type": "Point",
        "coordinates": [
          11.4236967,
          42.3955198
        ]
      },
      "id": "way/707886919"
    },
    {
      "type": "Feature",
      "properties": {
        "@id": "way/707886920",
        "building": "yes",
        "landuse": "greenhouse_horticulture",
        "@geometry": "center"
      },
      "geometry": {
        "type": "Point",
        "coordinates": [
          11.4235041,
          42.3955666
        ]
      },
      "id": "way/707886920"
    },
    {
      "type": "Feature",
      "properties": {
        "@id": "way/707886921",
        "building": "yes",
        "landuse": "greenhouse_horticulture",
        "@geometry": "center"
      },
      "geometry": {
        "type": "Point",
        "coordinates": [
          11.4233887,
          42.3955865
        ]
      },
      "id": "way/707886921"
    },
    {
      "type": "Feature",
      "properties": {
        "@id": "way/707886922",
        "building": "yes",
        "landuse": "greenhouse_horticulture",
        "@geometry": "center"
      },
      "geometry": {
        "type": "Point",
        "coordinates": [
          11.4232841,
          42.3956082
        ]
      },
      "id": "way/707886922"
    },
    {
      "type": "Feature",
      "properties": {
        "@id": "way/707886923",
        "building": "yes",
        "landuse": "greenhouse_horticulture",
        "@geometry": "center"
      },
      "geometry": {
        "type": "Point",
        "coordinates": [
          11.4231446,
          42.3956242
        ]
      },
      "id": "way/707886923"
    },
    {
      "type": "Feature",
      "properties": {
        "@id": "way/707886924",
        "building": "yes",
        "landuse": "greenhouse_horticulture",
        "@geometry": "center"
      },
      "geometry": {
        "type": "Point",
        "coordinates": [
          11.4230078,
          42.3956479
        ]
      },
      "id": "way/707886924"
    },
    {
      "type": "Feature",
      "properties": {
        "@id": "way/707886925",
        "building": "yes",
        "landuse": "greenhouse_horticulture",
        "@geometry": "center"
      },
      "geometry": {
        "type": "Point",
        "coordinates": [
          11.4228831,
          42.3956823
        ]
      },
      "id": "way/707886925"
    },
    {
      "type": "Feature",
      "properties": {
        "@id": "way/707886926",
        "building": "yes",
        "landuse": "greenhouse_horticulture",
        "@geometry": "center"
      },
      "geometry": {
        "type": "Point",
        "coordinates": [
          11.4227787,
          42.395745
        ]
      },
      "id": "way/707886926"
    },
    {
      "type": "Feature",
      "properties": {
        "@id": "way/707886927",
        "building": "yes",
        "landuse": "greenhouse_horticulture",
        "@geometry": "center"
      },
      "geometry": {
        "type": "Point",
        "coordinates": [
          11.4226135,
          42.3957687
        ]
      },
      "id": "way/707886927"
    },
    {
      "type": "Feature",
      "properties": {
        "@id": "way/707886928",
        "building": "yes",
        "landuse": "greenhouse_horticulture",
        "@geometry": "center"
      },
      "geometry": {
        "type": "Point",
        "coordinates": [
          11.4225223,
          42.3957925
        ]
      },
      "id": "way/707886928"
    },
    {
      "type": "Feature",
      "properties": {
        "@id": "way/707886929",
        "building": "yes",
        "landuse": "greenhouse_horticulture",
        "@geometry": "center"
      },
      "geometry": {
        "type": "Point",
        "coordinates": [
          11.4224228,
          42.3958038
        ]
      },
      "id": "way/707886929"
    },
    {
      "type": "Feature",
      "properties": {
        "@id": "way/707886931",
        "building": "yes",
        "landuse": "greenhouse_horticulture",
        "@geometry": "center"
      },
      "geometry": {
        "type": "Point",
        "coordinates": [
          11.4234799,
          42.3961302
        ]
      },
      "id": "way/707886931"
    },
    {
      "type": "Feature",
      "properties": {
        "@id": "way/707886932",
        "building": "yes",
        "landuse": "greenhouse_horticulture",
        "@geometry": "center"
      },
      "geometry": {
        "type": "Point",
        "coordinates": [
          11.4233847,
          42.3961441
        ]
      },
      "id": "way/707886932"
    },
    {
      "type": "Feature",
      "properties": {
        "@id": "way/707886933",
        "building": "yes",
        "landuse": "greenhouse_horticulture",
        "@geometry": "center"
      },
      "geometry": {
        "type": "Point",
        "coordinates": [
          11.4232707,
          42.3961549
        ]
      },
      "id": "way/707886933"
    },
    {
      "type": "Feature",
      "properties": {
        "@id": "way/707886934",
        "building": "yes",
        "landuse": "greenhouse_horticulture",
        "@geometry": "center"
      },
      "geometry": {
        "type": "Point",
        "coordinates": [
          11.4231889,
          42.396157
        ]
      },
      "id": "way/707886934"
    },
    {
      "type": "Feature",
      "properties": {
        "@id": "way/707886935",
        "building": "yes",
        "landuse": "greenhouse_horticulture",
        "@geometry": "center"
      },
      "geometry": {
        "type": "Point",
        "coordinates": [
          11.4231021,
          42.396175
        ]
      },
      "id": "way/707886935"
    },
    {
      "type": "Feature",
      "properties": {
        "@id": "way/707886936",
        "landuse": "greenhouse_horticulture",
        "@geometry": "center"
      },
      "geometry": {
        "type": "Point",
        "coordinates": [
          11.4230375,
          42.3961816
        ]
      },
      "id": "way/707886936"
    },
    {
      "type": "Feature",
      "properties": {
        "@id": "way/707886937",
        "landuse": "greenhouse_horticulture",
        "@geometry": "center"
      },
      "geometry": {
        "type": "Point",
        "coordinates": [
          11.4229727,
          42.3961881
        ]
      },
      "id": "way/707886937"
    },
    {
      "type": "Feature",
      "properties": {
        "@id": "way/707886938",
        "building": "yes",
        "landuse": "greenhouse_horticulture",
        "@geometry": "center"
      },
      "geometry": {
        "type": "Point",
        "coordinates": [
          11.4228711,
          42.396256
        ]
      },
      "id": "way/707886938"
    },
    {
      "type": "Feature",
      "properties": {
        "@id": "way/707886939",
        "building": "yes",
        "landuse": "greenhouse_horticulture",
        "@geometry": "center"
      },
      "geometry": {
        "type": "Point",
        "coordinates": [
          11.4227932,
          42.39626
        ]
      },
      "id": "way/707886939"
    },
    {
      "type": "Feature",
      "properties": {
        "@id": "way/707886940",
        "building": "yes",
        "landuse": "greenhouse_horticulture",
        "@geometry": "center"
      },
      "geometry": {
        "type": "Point",
        "coordinates": [
          11.4227315,
          42.3962639
        ]
      },
      "id": "way/707886940"
    },
    {
      "type": "Feature",
      "properties": {
        "@id": "way/707886941",
        "building": "yes",
        "landuse": "greenhouse_horticulture",
        "@geometry": "center"
      },
      "geometry": {
        "type": "Point",
        "coordinates": [
          11.4226619,
          42.3962698
        ]
      },
      "id": "way/707886941"
    },
    {
      "type": "Feature",
      "properties": {
        "@id": "way/707886942",
        "building": "yes",
        "landuse": "greenhouse_horticulture",
        "@geometry": "center"
      },
      "geometry": {
        "type": "Point",
        "coordinates": [
          11.4225863,
          42.3962777
        ]
      },
      "id": "way/707886942"
    },
    {
      "type": "Feature",
      "properties": {
        "@id": "way/707886943",
        "building": "yes",
        "landuse": "greenhouse_horticulture",
        "@geometry": "center"
      },
      "geometry": {
        "type": "Point",
        "coordinates": [
          11.4224875,
          42.3962876
        ]
      },
      "id": "way/707886943"
    },
    {
      "type": "Feature",
      "properties": {
        "@id": "way/707886944",
        "building": "yes",
        "landuse": "greenhouse_horticulture",
        "@geometry": "center"
      },
      "geometry": {
        "type": "Point",
        "coordinates": [
          11.4235175,
          42.3966561
        ]
      },
      "id": "way/707886944"
    },
    {
      "type": "Feature",
      "properties": {
        "@id": "way/707886945",
        "building": "yes",
        "landuse": "greenhouse_horticulture",
        "@geometry": "center"
      },
      "geometry": {
        "type": "Point",
        "coordinates": [
          11.4234102,
          42.396671
        ]
      },
      "id": "way/707886945"
    },
    {
      "type": "Feature",
      "properties": {
        "@id": "way/707886946",
        "building": "yes",
        "landuse": "greenhouse_horticulture",
        "@geometry": "center"
      },
      "geometry": {
        "type": "Point",
        "coordinates": [
          11.4233056,
          42.3966887
        ]
      },
      "id": "way/707886946"
    },
    {
      "type": "Feature",
      "properties": {
        "@id": "way/707886947",
        "building": "yes",
        "landuse": "greenhouse_horticulture",
        "@geometry": "center"
      },
      "geometry": {
        "type": "Point",
        "coordinates": [
          11.423201,
          42.3967085
        ]
      },
      "id": "way/707886947"
    },
    {
      "type": "Feature",
      "properties": {
        "@id": "way/707886948",
        "building": "yes",
        "landuse": "greenhouse_horticulture",
        "@geometry": "center"
      },
      "geometry": {
        "type": "Point",
        "coordinates": [
          11.4230911,
          42.3967145
        ]
      },
      "id": "way/707886948"
    },
    {
      "type": "Feature",
      "properties": {
        "@id": "way/707886949",
        "building": "yes",
        "landuse": "greenhouse_horticulture",
        "@geometry": "center"
      },
      "geometry": {
        "type": "Point",
        "coordinates": [
          11.4229864,
          42.3967481
        ]
      },
      "id": "way/707886949"
    },
    {
      "type": "Feature",
      "properties": {
        "@id": "way/707886950",
        "building": "yes",
        "landuse": "greenhouse_horticulture",
        "@geometry": "center"
      },
      "geometry": {
        "type": "Point",
        "coordinates": [
          11.4228818,
          42.3967552
        ]
      },
      "id": "way/707886950"
    },
    {
      "type": "Feature",
      "properties": {
        "@id": "way/707886951",
        "building": "yes",
        "landuse": "greenhouse_horticulture",
        "@geometry": "center"
      },
      "geometry": {
        "type": "Point",
        "coordinates": [
          11.4227798,
          42.396765
        ]
      },
      "id": "way/707886951"
    },
    {
      "type": "Feature",
      "properties": {
        "@id": "way/707886952",
        "building": "yes",
        "landuse": "greenhouse_horticulture",
        "@geometry": "center"
      },
      "geometry": {
        "type": "Point",
        "coordinates": [
          11.4226725,
          42.3967829
        ]
      },
      "id": "way/707886952"
    },
    {
      "type": "Feature",
      "properties": {
        "@id": "way/707886953",
        "building": "yes",
        "landuse": "greenhouse_horticulture",
        "@geometry": "center"
      },
      "geometry": {
        "type": "Point",
        "coordinates": [
          11.4225582,
          42.3967887
        ]
      },
      "id": "way/707886953"
    },
    {
      "type": "Feature",
      "properties": {
        "@id": "way/707886954",
        "building": "yes",
        "landuse": "greenhouse_horticulture",
        "@geometry": "center"
      },
      "geometry": {
        "type": "Point",
        "coordinates": [
          11.4256659,
          42.3947149
        ]
      },
      "id": "way/707886954"
    },
    {
      "type": "Feature",
      "properties": {
        "@id": "way/707886955",
        "building": "yes",
        "landuse": "greenhouse_horticulture",
        "@geometry": "center"
      },
      "geometry": {
        "type": "Point",
        "coordinates": [
          11.4255479,
          42.3947862
        ]
      },
      "id": "way/707886955"
    },
    {
      "type": "Feature",
      "properties": {
        "@id": "way/707886956",
        "building": "yes",
        "landuse": "greenhouse_horticulture",
        "@geometry": "center"
      },
      "geometry": {
        "type": "Point",
        "coordinates": [
          11.4254272,
          42.3948496
        ]
      },
      "id": "way/707886956"
    },
    {
      "type": "Feature",
      "properties": {
        "@id": "way/707886957",
        "building": "yes",
        "landuse": "greenhouse_horticulture",
        "@geometry": "center"
      },
      "geometry": {
        "type": "Point",
        "coordinates": [
          11.4253467,
          42.394911
        ]
      },
      "id": "way/707886957"
    },
    {
      "type": "Feature",
      "properties": {
        "@id": "way/707886958",
        "building": "yes",
        "landuse": "greenhouse_horticulture",
        "@geometry": "center"
      },
      "geometry": {
        "type": "Point",
        "coordinates": [
          11.4256874,
          42.3958678
        ]
      },
      "id": "way/707886958"
    },
    {
      "type": "Feature",
      "properties": {
        "@id": "way/707886959",
        "building": "yes",
        "landuse": "greenhouse_horticulture",
        "@geometry": "center"
      },
      "geometry": {
        "type": "Point",
        "coordinates": [
          11.4255854,
          42.3958678
        ]
      },
      "id": "way/707886959"
    },
    {
      "type": "Feature",
      "properties": {
        "@id": "way/707886960",
        "building": "yes",
        "landuse": "greenhouse_horticulture",
        "@geometry": "center"
      },
      "geometry": {
        "type": "Point",
        "coordinates": [
          11.4254755,
          42.3958995
        ]
      },
      "id": "way/707886960"
    },
    {
      "type": "Feature",
      "properties": {
        "@id": "way/707886961",
        "building": "yes",
        "landuse": "greenhouse_horticulture",
        "@geometry": "center"
      },
      "geometry": {
        "type": "Point",
        "coordinates": [
          11.4253977,
          42.3954875
        ]
      },
      "id": "way/707886961"
    },
    {
      "type": "Feature",
      "properties": {
        "@id": "way/707886962",
        "building": "yes",
        "landuse": "greenhouse_horticulture",
        "@geometry": "center"
      },
      "geometry": {
        "type": "Point",
        "coordinates": [
          11.4255023,
          42.3954399
        ]
      },
      "id": "way/707886962"
    },
    {
      "type": "Feature",
      "properties": {
        "@id": "way/707886963",
        "building": "yes",
        "landuse": "greenhouse_horticulture",
        "@geometry": "center"
      },
      "geometry": {
        "type": "Point",
        "coordinates": [
          11.4255854,
          42.3954162
        ]
      },
      "id": "way/707886963"
    },
    {
      "type": "Feature",
      "properties": {
        "@id": "way/707886964",
        "building": "yes",
        "landuse": "greenhouse_horticulture",
        "@geometry": "center"
      },
      "geometry": {
        "type": "Point",
        "coordinates": [
          11.4256927,
          42.3953626
        ]
      },
      "id": "way/707886964"
    },
    {
      "type": "Feature",
      "properties": {
        "@id": "way/707886965",
        "building": "yes",
        "landuse": "greenhouse_horticulture",
        "@geometry": "center"
      },
      "geometry": {
        "type": "Point",
        "coordinates": [
          11.4262225,
          42.3952819
        ]
      },
      "id": "way/707886965"
    },
    {
      "type": "Feature",
      "properties": {
        "@id": "way/707886966",
        "building": "yes",
        "landuse": "greenhouse_horticulture",
        "@geometry": "center"
      },
      "geometry": {
        "type": "Point",
        "coordinates": [
          11.4260924,
          42.3952319
        ]
      },
      "id": "way/707886966"
    },
    {
      "type": "Feature",
      "properties": {
        "@id": "way/707886967",
        "building": "yes",
        "landuse": "greenhouse_horticulture",
        "@geometry": "center"
      },
      "geometry": {
        "type": "Point",
        "coordinates": [
          11.4259878,
          42.3952398
        ]
      },
      "id": "way/707886967"
    },
    {
      "type": "Feature",
      "properties": {
        "@id": "way/707886968",
        "building": "yes",
        "landuse": "greenhouse_horticulture",
        "@geometry": "center"
      },
      "geometry": {
        "type": "Point",
        "coordinates": [
          11.4262989,
          42.3957192
        ]
      },
      "id": "way/707886968"
    },
    {
      "type": "Feature",
      "properties": {
        "@id": "way/707886969",
        "building": "yes",
        "landuse": "greenhouse_horticulture",
        "@geometry": "center"
      },
      "geometry": {
        "type": "Point",
        "coordinates": [
          11.426189,
          42.3957252
        ]
      },
      "id": "way/707886969"
    },
    {
      "type": "Feature",
      "properties": {
        "@id": "way/707886970",
        "building": "yes",
        "landuse": "greenhouse_horticulture",
        "@geometry": "center"
      },
      "geometry": {
        "type": "Point",
        "coordinates": [
          11.426079,
          42.395741
        ]
      },
      "id": "way/707886970"
    },
    {
      "type": "Feature",
      "properties": {
        "@id": "way/707886971",
        "building": "yes",
        "landuse": "greenhouse_horticulture",
        "@geometry": "center"
      },
      "geometry": {
        "type": "Point",
        "coordinates": [
          11.4259735,
          42.3957772
        ]
      },
      "id": "way/707886971"
    },
    {
      "type": "Feature",
      "properties": {
        "@id": "way/707886972",
        "building": "yes",
        "landuse": "greenhouse_horticulture",
        "@geometry": "center"
      },
      "geometry": {
        "type": "Point",
        "coordinates": [
          11.4279001,
          42.3949487
        ]
      },
      "id": "way/707886972"
    },
    {
      "type": "Feature",
      "properties": {
        "@id": "way/707886973",
        "building": "yes",
        "landuse": "greenhouse_horticulture",
        "@geometry": "center"
      },
      "geometry": {
        "type": "Point",
        "coordinates": [
          11.4277955,
          42.3949645
        ]
      },
      "id": "way/707886973"
    },
    {
      "type": "Feature",
      "properties": {
        "@id": "way/707886974",
        "building": "yes",
        "landuse": "greenhouse_horticulture",
        "@geometry": "center"
      },
      "geometry": {
        "type": "Point",
        "coordinates": [
          11.4276937,
          42.3949605
        ]
      },
      "id": "way/707886974"
    },
    {
      "type": "Feature",
      "properties": {
        "@id": "way/707886975",
        "building": "yes",
        "landuse": "greenhouse_horticulture",
        "@geometry": "center"
      },
      "geometry": {
        "type": "Point",
        "coordinates": [
          11.427589,
          42.3949784
        ]
      },
      "id": "way/707886975"
    },
    {
      "type": "Feature",
      "properties": {
        "@id": "way/707886976",
        "building": "yes",
        "landuse": "greenhouse_horticulture",
        "@geometry": "center"
      },
      "geometry": {
        "type": "Point",
        "coordinates": [
          11.4274711,
          42.3949843
        ]
      },
      "id": "way/707886976"
    },
    {
      "type": "Feature",
      "properties": {
        "@id": "way/707886977",
        "building": "yes",
        "landuse": "greenhouse_horticulture",
        "@geometry": "center"
      },
      "geometry": {
        "type": "Point",
        "coordinates": [
          11.4279752,
          42.3954736
        ]
      },
      "id": "way/707886977"
    },
    {
      "type": "Feature",
      "properties": {
        "@id": "way/707886978",
        "building": "yes",
        "landuse": "greenhouse_horticulture",
        "@geometry": "center"
      },
      "geometry": {
        "type": "Point",
        "coordinates": [
          11.4278572,
          42.3954795
        ]
      },
      "id": "way/707886978"
    },
    {
      "type": "Feature",
      "properties": {
        "@id": "way/707886979",
        "building": "yes",
        "landuse": "greenhouse_horticulture",
        "@geometry": "center"
      },
      "geometry": {
        "type": "Point",
        "coordinates": [
          11.4277742,
          42.3955152
        ]
      },
      "id": "way/707886979"
    },
    {
      "type": "Feature",
      "properties": {
        "@id": "way/707886980",
        "building": "yes",
        "landuse": "greenhouse_horticulture",
        "@geometry": "center"
      },
      "geometry": {
        "type": "Point",
        "coordinates": [
          11.4276507,
          42.3955132
        ]
      },
      "id": "way/707886980"
    },
    {
      "type": "Feature",
      "properties": {
        "@id": "way/707886981",
        "building": "yes",
        "landuse": "greenhouse_horticulture",
        "@geometry": "center"
      },
      "geometry": {
        "type": "Point",
        "coordinates": [
          11.4275702,
          42.3955072
        ]
      },
      "id": "way/707886981"
    },
    {
      "type": "Feature",
      "properties": {
        "@id": "way/707886982",
        "building": "yes",
        "landuse": "greenhouse_horticulture",
        "@geometry": "center"
      },
      "geometry": {
        "type": "Point",
        "coordinates": [
          11.4273504,
          42.3951111
        ]
      },
      "id": "way/707886982"
    },
    {
      "type": "Feature",
      "properties": {
        "@id": "way/707886983",
        "building": "yes",
        "landuse": "greenhouse_horticulture",
        "@geometry": "center"
      },
      "geometry": {
        "type": "Point",
        "coordinates": [
          11.4272646,
          42.3951428
        ]
      },
      "id": "way/707886983"
    },
    {
      "type": "Feature",
      "properties": {
        "@id": "way/707886984",
        "building": "yes",
        "landuse": "greenhouse_horticulture",
        "@geometry": "center"
      },
      "geometry": {
        "type": "Point",
        "coordinates": [
          11.4271573,
          42.3951467
        ]
      },
      "id": "way/707886984"
    },
    {
      "type": "Feature",
      "properties": {
        "@id": "way/707886985",
        "building": "yes",
        "landuse": "greenhouse_horticulture",
        "@geometry": "center"
      },
      "geometry": {
        "type": "Point",
        "coordinates": [
          11.4270392,
          42.3951507
        ]
      },
      "id": "way/707886985"
    },
    {
      "type": "Feature",
      "properties": {
        "@id": "way/707886986",
        "building": "yes",
        "landuse": "greenhouse_horticulture",
        "@geometry": "center"
      },
      "geometry": {
        "type": "Point",
        "coordinates": [
          11.4269372,
          42.3951388
        ]
      },
      "id": "way/707886986"
    },
    {
      "type": "Feature",
      "properties": {
        "@id": "way/707886987",
        "building": "yes",
        "landuse": "greenhouse_horticulture",
        "@geometry": "center"
      },
      "geometry": {
        "type": "Point",
        "coordinates": [
          11.4274469,
          42.3956498
        ]
      },
      "id": "way/707886987"
    },
    {
      "type": "Feature",
      "properties": {
        "@id": "way/707886988",
        "building": "yes",
        "landuse": "greenhouse_horticulture",
        "@geometry": "center"
      },
      "geometry": {
        "type": "Point",
        "coordinates": [
          11.4273504,
          42.3956558
        ]
      },
      "id": "way/707886988"
    },
    {
      "type": "Feature",
      "properties": {
        "@id": "way/707886989",
        "building": "yes",
        "landuse": "greenhouse_horticulture",
        "@geometry": "center"
      },
      "geometry": {
        "type": "Point",
        "coordinates": [
          11.4272297,
          42.3956618
        ]
      },
      "id": "way/707886989"
    },
    {
      "type": "Feature",
      "properties": {
        "@id": "way/707886990",
        "building": "yes",
        "landuse": "greenhouse_horticulture",
        "@geometry": "center"
      },
      "geometry": {
        "type": "Point",
        "coordinates": [
          11.4271357,
          42.3956682
        ]
      },
      "id": "way/707886990"
    },
    {
      "type": "Feature",
      "properties": {
        "@id": "way/707886991",
        "building": "yes",
        "landuse": "greenhouse_horticulture",
        "@geometry": "center"
      },
      "geometry": {
        "type": "Point",
        "coordinates": [
          11.4270325,
          42.3956826
        ]
      },
      "id": "way/707886991"
    },
    {
      "type": "Feature",
      "properties": {
        "@id": "way/707886992",
        "building": "yes",
        "landuse": "greenhouse_horticulture",
        "@geometry": "center"
      },
      "geometry": {
        "type": "Point",
        "coordinates": [
          11.4279967,
          42.3944039
        ]
      },
      "id": "way/707886992"
    },
    {
      "type": "Feature",
      "properties": {
        "@id": "way/707886993",
        "building": "yes",
        "landuse": "greenhouse_horticulture",
        "@geometry": "center"
      },
      "geometry": {
        "type": "Point",
        "coordinates": [
          11.4278921,
          42.3944218
        ]
      },
      "id": "way/707886993"
    },
    {
      "type": "Feature",
      "properties": {
        "@id": "way/707886994",
        "building": "yes",
        "landuse": "greenhouse_horticulture",
        "@geometry": "center"
      },
      "geometry": {
        "type": "Point",
        "coordinates": [
          11.4277955,
          42.3944336
        ]
      },
      "id": "way/707886994"
    },
    {
      "type": "Feature",
      "properties": {
        "@id": "way/707886995",
        "building": "yes",
        "landuse": "greenhouse_horticulture",
        "@geometry": "center"
      },
      "geometry": {
        "type": "Point",
        "coordinates": [
          11.4276883,
          42.3944415
        ]
      },
      "id": "way/707886995"
    },
    {
      "type": "Feature",
      "properties": {
        "@id": "way/707886996",
        "building": "yes",
        "landuse": "greenhouse_horticulture",
        "@geometry": "center"
      },
      "geometry": {
        "type": "Point",
        "coordinates": [
          11.4275784,
          42.3944456
        ]
      },
      "id": "way/707886996"
    },
    {
      "type": "Feature",
      "properties": {
        "@id": "way/707886997",
        "building": "yes",
        "landuse": "greenhouse_horticulture",
        "@geometry": "center"
      },
      "geometry": {
        "type": "Point",
        "coordinates": [
          11.427479,
          42.3944693
        ]
      },
      "id": "way/707886997"
    },
    {
      "type": "Feature",
      "properties": {
        "@id": "way/707886998",
        "building": "yes",
        "landuse": "greenhouse_horticulture",
        "@geometry": "center"
      },
      "geometry": {
        "type": "Point",
        "coordinates": [
          11.4273987,
          42.3944891
        ]
      },
      "id": "way/707886998"
    },
    {
      "type": "Feature",
      "properties": {
        "@id": "way/707886999",
        "landuse": "greenhouse_horticulture",
        "@geometry": "center"
      },
      "geometry": {
        "type": "Point",
        "coordinates": [
          11.427278,
          42.394503
        ]
      },
      "id": "way/707886999"
    },
    {
      "type": "Feature",
      "properties": {
        "@id": "way/707887000",
        "building": "yes",
        "landuse": "greenhouse_horticulture",
        "@geometry": "center"
      },
      "geometry": {
        "type": "Point",
        "coordinates": [
          11.4270687,
          42.3945624
        ]
      },
      "id": "way/707887000"
    },
    {
      "type": "Feature",
      "properties": {
        "@id": "way/707887001",
        "building": "yes",
        "landuse": "greenhouse_horticulture",
        "@geometry": "center"
      },
      "geometry": {
        "type": "Point",
        "coordinates": [
          11.4269802,
          42.3945624
        ]
      },
      "id": "way/707887001"
    },
    {
      "type": "Feature",
      "properties": {
        "@id": "way/707887002",
        "building": "yes",
        "landuse": "greenhouse_horticulture",
        "@geometry": "center"
      },
      "geometry": {
        "type": "Point",
        "coordinates": [
          11.4268955,
          42.3945788
        ]
      },
      "id": "way/707887002"
    },
    {
      "type": "Feature",
      "properties": {
        "@id": "way/707887003",
        "building": "yes",
        "landuse": "greenhouse_horticulture",
        "@geometry": "center"
      },
      "geometry": {
        "type": "Point",
        "coordinates": [
          11.4279136,
          42.3938929
        ]
      },
      "id": "way/707887003"
    },
    {
      "type": "Feature",
      "properties": {
        "@id": "way/707887004",
        "building": "yes",
        "landuse": "greenhouse_horticulture",
        "@geometry": "center"
      },
      "geometry": {
        "type": "Point",
        "coordinates": [
          11.4278064,
          42.3939107
        ]
      },
      "id": "way/707887004"
    },
    {
      "type": "Feature",
      "properties": {
        "@id": "way/707887005",
        "building": "yes",
        "landuse": "greenhouse_horticulture",
        "@geometry": "center"
      },
      "geometry": {
        "type": "Point",
        "coordinates": [
          11.4277097,
          42.3939324
        ]
      },
      "id": "way/707887005"
    },
    {
      "type": "Feature",
      "properties": {
        "@id": "way/707887006",
        "building": "yes",
        "landuse": "greenhouse_horticulture",
        "@geometry": "center"
      },
      "geometry": {
        "type": "Point",
        "coordinates": [
          11.4275702,
          42.3939543
        ]
      },
      "id": "way/707887006"
    },
    {
      "type": "Feature",
      "properties": {
        "@id": "way/707887007",
        "building": "yes",
        "landuse": "greenhouse_horticulture",
        "@geometry": "center"
      },
      "geometry": {
        "type": "Point",
        "coordinates": [
          11.4274845,
          42.3939681
        ]
      },
      "id": "way/707887007"
    },
    {
      "type": "Feature",
      "properties": {
        "@id": "way/707887008",
        "building": "yes",
        "landuse": "greenhouse_horticulture",
        "@geometry": "center"
      },
      "geometry": {
        "type": "Point",
        "coordinates": [
          11.4273557,
          42.3939899
        ]
      },
      "id": "way/707887008"
    },
    {
      "type": "Feature",
      "properties": {
        "@id": "way/707887009",
        "building": "yes",
        "landuse": "greenhouse_horticulture",
        "@geometry": "center"
      },
      "geometry": {
        "type": "Point",
        "coordinates": [
          11.4272458,
          42.3940057
        ]
      },
      "id": "way/707887009"
    },
    {
      "type": "Feature",
      "properties": {
        "@id": "way/707887010",
        "building": "yes",
        "landuse": "greenhouse_horticulture",
        "@geometry": "center"
      },
      "geometry": {
        "type": "Point",
        "coordinates": [
          11.4271464,
          42.3940335
        ]
      },
      "id": "way/707887010"
    },
    {
      "type": "Feature",
      "properties": {
        "@id": "way/707887011",
        "building": "yes",
        "landuse": "greenhouse_horticulture",
        "@geometry": "center"
      },
      "geometry": {
        "type": "Point",
        "coordinates": [
          11.4270071,
          42.3940295
        ]
      },
      "id": "way/707887011"
    },
    {
      "type": "Feature",
      "properties": {
        "@id": "way/707887012",
        "building": "yes",
        "landuse": "greenhouse_horticulture",
        "@geometry": "center"
      },
      "geometry": {
        "type": "Point",
        "coordinates": [
          11.4269077,
          42.394083
        ]
      },
      "id": "way/707887012"
    },
    {
      "type": "Feature",
      "properties": {
        "@id": "way/707887013",
        "building": "yes",
        "landuse": "greenhouse_horticulture",
        "@geometry": "center"
      },
      "geometry": {
        "type": "Point",
        "coordinates": [
          11.4268004,
          42.3941028
        ]
      },
      "id": "way/707887013"
    },
    {
      "type": "Feature",
      "properties": {
        "@id": "way/707887014",
        "building": "yes",
        "landuse": "greenhouse_horticulture",
        "@geometry": "center"
      },
      "geometry": {
        "type": "Point",
        "coordinates": [
          11.4278815,
          42.3934035
        ]
      },
      "id": "way/707887014"
    },
    {
      "type": "Feature",
      "properties": {
        "@id": "way/707887015",
        "building": "yes",
        "landuse": "greenhouse_horticulture",
        "@geometry": "center"
      },
      "geometry": {
        "type": "Point",
        "coordinates": [
          11.4277955,
          42.3934174
        ]
      },
      "id": "way/707887015"
    },
    {
      "type": "Feature",
      "properties": {
        "@id": "way/707887016",
        "building": "yes",
        "landuse": "greenhouse_horticulture",
        "@geometry": "center"
      },
      "geometry": {
        "type": "Point",
        "coordinates": [
          11.4276614,
          42.3934293
        ]
      },
      "id": "way/707887016"
    },
    {
      "type": "Feature",
      "properties": {
        "@id": "way/707887017",
        "landuse": "greenhouse_horticulture",
        "@geometry": "center"
      },
      "geometry": {
        "type": "Point",
        "coordinates": [
          11.4275489,
          42.3934511
        ]
      },
      "id": "way/707887017"
    },
    {
      "type": "Feature",
      "properties": {
        "@id": "way/707887018",
        "landuse": "greenhouse_horticulture",
        "@geometry": "center"
      },
      "geometry": {
        "type": "Point",
        "coordinates": [
          11.4274443,
          42.393467
        ]
      },
      "id": "way/707887018"
    },
    {
      "type": "Feature",
      "properties": {
        "@id": "way/707887019",
        "landuse": "greenhouse_horticulture",
        "@geometry": "center"
      },
      "geometry": {
        "type": "Point",
        "coordinates": [
          11.4273477,
          42.3934729
        ]
      },
      "id": "way/707887019"
    },
    {
      "type": "Feature",
      "properties": {
        "@id": "way/707887020",
        "building": "yes",
        "landuse": "greenhouse_horticulture",
        "@geometry": "center"
      },
      "geometry": {
        "type": "Point",
        "coordinates": [
          11.4272458,
          42.3934907
        ]
      },
      "id": "way/707887020"
    },
    {
      "type": "Feature",
      "properties": {
        "@id": "way/707887021",
        "building": "yes",
        "landuse": "greenhouse_horticulture",
        "@geometry": "center"
      },
      "geometry": {
        "type": "Point",
        "coordinates": [
          11.4271439,
          42.3934986
        ]
      },
      "id": "way/707887021"
    },
    {
      "type": "Feature",
      "properties": {
        "@id": "way/707887022",
        "building": "yes",
        "landuse": "greenhouse_horticulture",
        "@geometry": "center"
      },
      "geometry": {
        "type": "Point",
        "coordinates": [
          11.4270561,
          42.3935029
        ]
      },
      "id": "way/707887022"
    },
    {
      "type": "Feature",
      "properties": {
        "@id": "way/707887023",
        "building": "yes",
        "landuse": "greenhouse_horticulture",
        "@geometry": "center"
      },
      "geometry": {
        "type": "Point",
        "coordinates": [
          11.4269521,
          42.3935333
        ]
      },
      "id": "way/707887023"
    },
    {
      "type": "Feature",
      "properties": {
        "@id": "way/707887024",
        "building": "yes",
        "landuse": "greenhouse_horticulture",
        "@geometry": "center"
      },
      "geometry": {
        "type": "Point",
        "coordinates": [
          11.4268165,
          42.3935581
        ]
      },
      "id": "way/707887024"
    },
    {
      "type": "Feature",
      "properties": {
        "@id": "way/707887025",
        "building": "yes",
        "landuse": "greenhouse_horticulture",
        "@geometry": "center"
      },
      "geometry": {
        "type": "Point",
        "coordinates": [
          11.426712,
          42.3935641
        ]
      },
      "id": "way/707887025"
    },
    {
      "type": "Feature",
      "properties": {
        "@id": "way/708140735",
        "landuse": "greenhouse_horticulture",
        "@geometry": "center"
      },
      "geometry": {
        "type": "Point",
        "coordinates": [
          10.2545631,
          43.8944472
        ]
      },
      "id": "way/708140735"
    },
    {
      "type": "Feature",
      "properties": {
        "@id": "way/710374622",
        "landuse": "greenhouse_horticulture",
        "@geometry": "center"
      },
      "geometry": {
        "type": "Point",
        "coordinates": [
          10.2908957,
          43.8374809
        ]
      },
      "id": "way/710374622"
    },
    {
      "type": "Feature",
      "properties": {
        "@id": "way/710375559",
        "landuse": "greenhouse_horticulture",
        "@geometry": "center"
      },
      "geometry": {
        "type": "Point",
        "coordinates": [
          10.2831682,
          43.8404199
        ]
      },
      "id": "way/710375559"
    },
    {
      "type": "Feature",
      "properties": {
        "@id": "way/710375560",
        "landuse": "greenhouse_horticulture",
        "@geometry": "center"
      },
      "geometry": {
        "type": "Point",
        "coordinates": [
          10.2727224,
          43.8432811
        ]
      },
      "id": "way/710375560"
    },
    {
      "type": "Feature",
      "properties": {
        "@id": "way/710375562",
        "landuse": "greenhouse_horticulture",
        "@geometry": "center"
      },
      "geometry": {
        "type": "Point",
        "coordinates": [
          10.2716227,
          43.8448925
        ]
      },
      "id": "way/710375562"
    },
    {
      "type": "Feature",
      "properties": {
        "@id": "way/710375563",
        "landuse": "greenhouse_horticulture",
        "@geometry": "center"
      },
      "geometry": {
        "type": "Point",
        "coordinates": [
          10.2712284,
          43.8438672
        ]
      },
      "id": "way/710375563"
    },
    {
      "type": "Feature",
      "properties": {
        "@id": "way/710375564",
        "landuse": "greenhouse_horticulture",
        "@geometry": "center"
      },
      "geometry": {
        "type": "Point",
        "coordinates": [
          10.2747187,
          43.8396271
        ]
      },
      "id": "way/710375564"
    },
    {
      "type": "Feature",
      "properties": {
        "@id": "way/710375566",
        "landuse": "greenhouse_horticulture",
        "@geometry": "center"
      },
      "geometry": {
        "type": "Point",
        "coordinates": [
          10.2744757,
          43.8376554
        ]
      },
      "id": "way/710375566"
    },
    {
      "type": "Feature",
      "properties": {
        "@id": "way/710375571",
        "landuse": "greenhouse_horticulture",
        "@geometry": "center"
      },
      "geometry": {
        "type": "Point",
        "coordinates": [
          10.2825266,
          43.837509
        ]
      },
      "id": "way/710375571"
    },
    {
      "type": "Feature",
      "properties": {
        "@id": "way/710375572",
        "landuse": "greenhouse_horticulture",
        "@geometry": "center"
      },
      "geometry": {
        "type": "Point",
        "coordinates": [
          10.2863252,
          43.8382996
        ]
      },
      "id": "way/710375572"
    },
    {
      "type": "Feature",
      "properties": {
        "@id": "way/714709115",
        "building": "industrial",
        "height": "6.48",
        "name": "Lenzi",
        "shop": "garden_centre",
        "@geometry": "center"
      },
      "geometry": {
        "type": "Point",
        "coordinates": [
          11.1341469,
          43.4063528
        ]
      },
      "id": "way/714709115"
    },
    {
      "type": "Feature",
      "properties": {
        "@id": "way/717004795",
        "landuse": "greenhouse_horticulture",
        "@geometry": "center"
      },
      "geometry": {
        "type": "Point",
        "coordinates": [
          11.2506284,
          42.4525911
        ]
      },
      "id": "way/717004795"
    },
    {
      "type": "Feature",
      "properties": {
        "@id": "way/717924622",
        "landuse": "plant_nursery",
        "@geometry": "center"
      },
      "geometry": {
        "type": "Point",
        "coordinates": [
          11.2431125,
          43.8114809
        ]
      },
      "id": "way/717924622"
    },
    {
      "type": "Feature",
      "properties": {
        "@id": "way/722356217",
        "landuse": "plant_nursery",
        "@geometry": "center"
      },
      "geometry": {
        "type": "Point",
        "coordinates": [
          10.9759951,
          43.9119977
        ]
      },
      "id": "way/722356217"
    },
    {
      "type": "Feature",
      "properties": {
        "@id": "way/722356421",
        "landuse": "plant_nursery",
        "@geometry": "center"
      },
      "geometry": {
        "type": "Point",
        "coordinates": [
          10.9502173,
          43.9183753
        ]
      },
      "id": "way/722356421"
    },
    {
      "type": "Feature",
      "properties": {
        "@id": "way/724547984",
        "landuse": "greenhouse_horticulture",
        "@geometry": "center"
      },
      "geometry": {
        "type": "Point",
        "coordinates": [
          10.48947,
          43.9436381
        ]
      },
      "id": "way/724547984"
    },
    {
      "type": "Feature",
      "properties": {
        "@id": "way/725049341",
        "building": "greenhouse",
        "building:levels": "1",
        "landuse": "greenhouse_horticulture",
        "@geometry": "center"
      },
      "geometry": {
        "type": "Point",
        "coordinates": [
          10.9176659,
          43.9198804
        ]
      },
      "id": "way/725049341"
    },
    {
      "type": "Feature",
      "properties": {
        "@id": "way/725431788",
        "landuse": "plant_nursery",
        "@geometry": "center"
      },
      "geometry": {
        "type": "Point",
        "coordinates": [
          10.9492654,
          43.8799055
        ]
      },
      "id": "way/725431788"
    },
    {
      "type": "Feature",
      "properties": {
        "@id": "way/727053644",
        "landuse": "greenhouse_horticulture",
        "name": "Azienda Agricola Del Sorbo Giovanni",
        "@geometry": "center"
      },
      "geometry": {
        "type": "Point",
        "coordinates": [
          10.4635803,
          43.8996376
        ]
      },
      "id": "way/727053644"
    },
    {
      "type": "Feature",
      "properties": {
        "@id": "way/727053645",
        "landuse": "greenhouse_horticulture",
        "name": "Azienda Agricola Del Sorbo Giovanni",
        "@geometry": "center"
      },
      "geometry": {
        "type": "Point",
        "coordinates": [
          10.4634217,
          43.8995187
        ]
      },
      "id": "way/727053645"
    },
    {
      "type": "Feature",
      "properties": {
        "@id": "way/727053646",
        "landuse": "greenhouse_horticulture",
        "name": "Azienda Agricola Del Sorbo Giovanni",
        "@geometry": "center"
      },
      "geometry": {
        "type": "Point",
        "coordinates": [
          10.4631214,
          43.8993532
        ]
      },
      "id": "way/727053646"
    },
    {
      "type": "Feature",
      "properties": {
        "@id": "way/727053647",
        "landuse": "greenhouse_horticulture",
        "@geometry": "center"
      },
      "geometry": {
        "type": "Point",
        "coordinates": [
          10.4628012,
          43.8995515
        ]
      },
      "id": "way/727053647"
    },
    {
      "type": "Feature",
      "properties": {
        "@id": "way/728121526",
        "landuse": "plant_nursery",
        "@geometry": "center"
      },
      "geometry": {
        "type": "Point",
        "coordinates": [
          10.5574751,
          43.6700857
        ]
      },
      "id": "way/728121526"
    },
    {
      "type": "Feature",
      "properties": {
        "@id": "way/734144804",
        "landuse": "greenhouse_horticulture",
        "@geometry": "center"
      },
      "geometry": {
        "type": "Point",
        "coordinates": [
          10.5363953,
          43.8994413
        ]
      },
      "id": "way/734144804"
    },
    {
      "type": "Feature",
      "properties": {
        "@id": "way/747156428",
        "landuse": "greenhouse_horticulture",
        "roof:colour": "green",
        "roof:material": "plastic",
        "roof:shape": "round",
        "@geometry": "center"
      },
      "geometry": {
        "type": "Point",
        "coordinates": [
          10.7414658,
          43.7161939
        ]
      },
      "id": "way/747156428"
    },
    {
      "type": "Feature",
      "properties": {
        "@id": "way/747156430",
        "landuse": "greenhouse_horticulture",
        "@geometry": "center"
      },
      "geometry": {
        "type": "Point",
        "coordinates": [
          10.8096123,
          43.7494207
        ]
      },
      "id": "way/747156430"
    },
    {
      "type": "Feature",
      "properties": {
        "@id": "way/747156431",
        "landuse": "greenhouse_horticulture",
        "roof:colour": "green",
        "roof:material": "plastic",
        "roof:shape": "round",
        "@geometry": "center"
      },
      "geometry": {
        "type": "Point",
        "coordinates": [
          10.8094788,
          43.7495838
        ]
      },
      "id": "way/747156431"
    },
    {
      "type": "Feature",
      "properties": {
        "@id": "way/747156432",
        "landuse": "greenhouse_horticulture",
        "name": "serra",
        "roof:colour": "green",
        "roof:material": "plastic",
        "roof:shape": "round",
        "@geometry": "center"
      },
      "geometry": {
        "type": "Point",
        "coordinates": [
          10.809184,
          43.7498054
        ]
      },
      "id": "way/747156432"
    },
    {
      "type": "Feature",
      "properties": {
        "@id": "way/747156434",
        "landuse": "greenhouse_horticulture",
        "@geometry": "center"
      },
      "geometry": {
        "type": "Point",
        "coordinates": [
          10.8097609,
          43.749285
        ]
      },
      "id": "way/747156434"
    },
    {
      "type": "Feature",
      "properties": {
        "@id": "way/760636054",
        "landuse": "plant_nursery",
        "plant": "trees",
        "@geometry": "center"
      },
      "geometry": {
        "type": "Point",
        "coordinates": [
          10.9190911,
          43.9135208
        ]
      },
      "id": "way/760636054"
    },
    {
      "type": "Feature",
      "properties": {
        "@id": "way/761473599",
        "landuse": "greenhouse_horticulture",
        "@geometry": "center"
      },
      "geometry": {
        "type": "Point",
        "coordinates": [
          10.5031516,
          43.8217992
        ]
      },
      "id": "way/761473599"
    },
    {
      "type": "Feature",
      "properties": {
        "@id": "way/761473600",
        "landuse": "greenhouse_horticulture",
        "@geometry": "center"
      },
      "geometry": {
        "type": "Point",
        "coordinates": [
          10.503239,
          43.8215812
        ]
      },
      "id": "way/761473600"
    },
    {
      "type": "Feature",
      "properties": {
        "@id": "way/761473601",
        "landuse": "greenhouse_horticulture",
        "@geometry": "center"
      },
      "geometry": {
        "type": "Point",
        "coordinates": [
          10.5035595,
          43.8217539
        ]
      },
      "id": "way/761473601"
    },
    {
      "type": "Feature",
      "properties": {
        "@id": "way/761473602",
        "landuse": "greenhouse_horticulture",
        "@geometry": "center"
      },
      "geometry": {
        "type": "Point",
        "coordinates": [
          10.503516,
          43.8215174
        ]
      },
      "id": "way/761473602"
    },
    {
      "type": "Feature",
      "properties": {
        "@id": "way/761473603",
        "landuse": "greenhouse_horticulture",
        "@geometry": "center"
      },
      "geometry": {
        "type": "Point",
        "coordinates": [
          10.5034737,
          43.8212764
        ]
      },
      "id": "way/761473603"
    },
    {
      "type": "Feature",
      "properties": {
        "@id": "way/765548417",
        "landuse": "plant_nursery",
        "@geometry": "center"
      },
      "geometry": {
        "type": "Point",
        "coordinates": [
          11.0227202,
          43.9282575
        ]
      },
      "id": "way/765548417"
    },
    {
      "type": "Feature",
      "properties": {
        "@id": "way/770332874",
        "landuse": "plant_nursery",
        "@geometry": "center"
      },
      "geometry": {
        "type": "Point",
        "coordinates": [
          11.1285559,
          43.4786448
        ]
      },
      "id": "way/770332874"
    },
    {
      "type": "Feature",
      "properties": {
        "@id": "way/775814061",
        "landuse": "plant_nursery",
        "name": "Vivai Valori",
        "website": "http://www.valori-vivai.it",
        "@geometry": "center"
      },
      "geometry": {
        "type": "Point",
        "coordinates": [
          10.9169264,
          43.0576452
        ]
      },
      "id": "way/775814061"
    },
    {
      "type": "Feature",
      "properties": {
        "@id": "way/777117009",
        "landuse": "greenhouse_horticulture",
        "name": "serra",
        "roof:colour": "green",
        "roof:material": "plastic",
        "roof:shape": "round",
        "@geometry": "center"
      },
      "geometry": {
        "type": "Point",
        "coordinates": [
          10.8093367,
          43.7496543
        ]
      },
      "id": "way/777117009"
    },
    {
      "type": "Feature",
      "properties": {
        "@id": "way/777617442",
        "landuse": "greenhouse_horticulture",
        "@geometry": "center"
      },
      "geometry": {
        "type": "Point",
        "coordinates": [
          10.5752125,
          43.0310745
        ]
      },
      "id": "way/777617442"
    },
    {
      "type": "Feature",
      "properties": {
        "@id": "way/777864684",
        "landuse": "plant_nursery",
        "@geometry": "center"
      },
      "geometry": {
        "type": "Point",
        "coordinates": [
          10.9941212,
          43.9048143
        ]
      },
      "id": "way/777864684"
    },
    {
      "type": "Feature",
      "properties": {
        "@id": "way/779292421",
        "name": "Vivaio Brogi e Mannini",
        "shop": "garden_centre",
        "website": "https://vivaiobrogiemannini.it",
        "@geometry": "center"
      },
      "geometry": {
        "type": "Point",
        "coordinates": [
          11.2789762,
          43.7565286
        ]
      },
      "id": "way/779292421"
    },
    {
      "type": "Feature",
      "properties": {
        "@id": "way/781544596",
        "landuse": "greenhouse_horticulture",
        "@geometry": "center"
      },
      "geometry": {
        "type": "Point",
        "coordinates": [
          10.4637792,
          44.0667183
        ]
      },
      "id": "way/781544596"
    },
    {
      "type": "Feature",
      "properties": {
        "@id": "way/781544651",
        "landuse": "greenhouse_horticulture",
        "@geometry": "center"
      },
      "geometry": {
        "type": "Point",
        "coordinates": [
          10.4586645,
          44.0722253
        ]
      },
      "id": "way/781544651"
    },
    {
      "type": "Feature",
      "properties": {
        "@id": "way/782764230",
        "landuse": "greenhouse_horticulture",
        "@geometry": "center"
      },
      "geometry": {
        "type": "Point",
        "coordinates": [
          10.5109216,
          43.7918332
        ]
      },
      "id": "way/782764230"
    },
    {
      "type": "Feature",
      "properties": {
        "@id": "way/783762476",
        "landuse": "plant_nursery",
        "@geometry": "center"
      },
      "geometry": {
        "type": "Point",
        "coordinates": [
          10.5600183,
          43.8473163
        ]
      },
      "id": "way/783762476"
    },
    {
      "type": "Feature",
      "properties": {
        "@id": "way/783762477",
        "addr:city": "Capannori",
        "addr:housenumber": "33a",
        "addr:postcode": "56012",
        "addr:street": "Via della Madonnina",
        "building": "yes",
        "name": "Favilla Pietro Vivai",
        "phone": "+39 0583 429698",
        "shop": "garden_centre",
        "website": "https://www.favillapietrovivai.com/",
        "@geometry": "center"
      },
      "geometry": {
        "type": "Point",
        "coordinates": [
          10.5604148,
          43.8475325
        ]
      },
      "id": "way/783762477"
    },
    {
      "type": "Feature",
      "properties": {
        "@id": "way/784262346",
        "landuse": "plant_nursery",
        "@geometry": "center"
      },
      "geometry": {
        "type": "Point",
        "coordinates": [
          10.5498901,
          43.8092064
        ]
      },
      "id": "way/784262346"
    },
    {
      "type": "Feature",
      "properties": {
        "@id": "way/784776981",
        "landuse": "plant_nursery",
        "@geometry": "center"
      },
      "geometry": {
        "type": "Point",
        "coordinates": [
          10.9195745,
          43.9123927
        ]
      },
      "id": "way/784776981"
    },
    {
      "type": "Feature",
      "properties": {
        "@id": "way/786029894",
        "landuse": "plant_nursery",
        "@geometry": "center"
      },
      "geometry": {
        "type": "Point",
        "coordinates": [
          10.8599059,
          43.9299832
        ]
      },
      "id": "way/786029894"
    },
    {
      "type": "Feature",
      "properties": {
        "@id": "way/787523600",
        "landuse": "plant_nursery",
        "@geometry": "center"
      },
      "geometry": {
        "type": "Point",
        "coordinates": [
          10.6827445,
          43.8598399
        ]
      },
      "id": "way/787523600"
    },
    {
      "type": "Feature",
      "properties": {
        "@id": "way/787523602",
        "landuse": "greenhouse_horticulture",
        "@geometry": "center"
      },
      "geometry": {
        "type": "Point",
        "coordinates": [
          10.6788495,
          43.8717293
        ]
      },
      "id": "way/787523602"
    },
    {
      "type": "Feature",
      "properties": {
        "@id": "way/790654908",
        "landuse": "plant_nursery",
        "@geometry": "center"
      },
      "geometry": {
        "type": "Point",
        "coordinates": [
          11.6019964,
          43.5601189
        ]
      },
      "id": "way/790654908"
    },
    {
      "type": "Feature",
      "properties": {
        "@id": "way/790654910",
        "landuse": "plant_nursery",
        "@geometry": "center"
      },
      "geometry": {
        "type": "Point",
        "coordinates": [
          11.60091,
          43.5599728
        ]
      },
      "id": "way/790654910"
    },
    {
      "type": "Feature",
      "properties": {
        "@id": "way/791387723",
        "landuse": "plant_nursery",
        "@geometry": "center"
      },
      "geometry": {
        "type": "Point",
        "coordinates": [
          11.9682181,
          43.0257692
        ]
      },
      "id": "way/791387723"
    },
    {
      "type": "Feature",
      "properties": {
        "@id": "way/791403583",
        "landuse": "plant_nursery",
        "@geometry": "center"
      },
      "geometry": {
        "type": "Point",
        "coordinates": [
          11.5715365,
          43.5736287
        ]
      },
      "id": "way/791403583"
    },
    {
      "type": "Feature",
      "properties": {
        "@id": "way/791403589",
        "landuse": "plant_nursery",
        "@geometry": "center"
      },
      "geometry": {
        "type": "Point",
        "coordinates": [
          11.5732169,
          43.5737527
        ]
      },
      "id": "way/791403589"
    },
    {
      "type": "Feature",
      "properties": {
        "@id": "way/798089715",
        "landuse": "greenhouse_horticulture",
        "@geometry": "center"
      },
      "geometry": {
        "type": "Point",
        "coordinates": [
          10.5215203,
          43.8935827
        ]
      },
      "id": "way/798089715"
    },
    {
      "type": "Feature",
      "properties": {
        "@id": "way/798089716",
        "landuse": "greenhouse_horticulture",
        "@geometry": "center"
      },
      "geometry": {
        "type": "Point",
        "coordinates": [
          10.5209263,
          43.8941574
        ]
      },
      "id": "way/798089716"
    },
    {
      "type": "Feature",
      "properties": {
        "@id": "way/798089717",
        "landuse": "greenhouse_horticulture",
        "@geometry": "center"
      },
      "geometry": {
        "type": "Point",
        "coordinates": [
          10.5212235,
          43.8941398
        ]
      },
      "id": "way/798089717"
    },
    {
      "type": "Feature",
      "properties": {
        "@id": "way/798089718",
        "landuse": "greenhouse_horticulture",
        "@geometry": "center"
      },
      "geometry": {
        "type": "Point",
        "coordinates": [
          10.5202985,
          43.8940112
        ]
      },
      "id": "way/798089718"
    },
    {
      "type": "Feature",
      "properties": {
        "@id": "way/798089719",
        "landuse": "greenhouse_horticulture",
        "@geometry": "center"
      },
      "geometry": {
        "type": "Point",
        "coordinates": [
          10.5200102,
          43.8939734
        ]
      },
      "id": "way/798089719"
    },
    {
      "type": "Feature",
      "properties": {
        "@id": "way/798089720",
        "landuse": "greenhouse_horticulture",
        "@geometry": "center"
      },
      "geometry": {
        "type": "Point",
        "coordinates": [
          10.5196764,
          43.8937711
        ]
      },
      "id": "way/798089720"
    },
    {
      "type": "Feature",
      "properties": {
        "@id": "way/798089721",
        "landuse": "greenhouse_horticulture",
        "@geometry": "center"
      },
      "geometry": {
        "type": "Point",
        "coordinates": [
          10.5192021,
          43.8935545
        ]
      },
      "id": "way/798089721"
    },
    {
      "type": "Feature",
      "properties": {
        "@id": "way/798089727",
        "landuse": "greenhouse_horticulture",
        "@geometry": "center"
      },
      "geometry": {
        "type": "Point",
        "coordinates": [
          10.5229647,
          43.8946033
        ]
      },
      "id": "way/798089727"
    },
    {
      "type": "Feature",
      "properties": {
        "@id": "way/798089728",
        "landuse": "greenhouse_horticulture",
        "@geometry": "center"
      },
      "geometry": {
        "type": "Point",
        "coordinates": [
          10.521828,
          43.895026
        ]
      },
      "id": "way/798089728"
    },
    {
      "type": "Feature",
      "properties": {
        "@id": "way/798089729",
        "landuse": "greenhouse_horticulture",
        "@geometry": "center"
      },
      "geometry": {
        "type": "Point",
        "coordinates": [
          10.521537,
          43.8950858
        ]
      },
      "id": "way/798089729"
    },
    {
      "type": "Feature",
      "properties": {
        "@id": "way/798089730",
        "landuse": "greenhouse_horticulture",
        "@geometry": "center"
      },
      "geometry": {
        "type": "Point",
        "coordinates": [
          10.5210204,
          43.8956753
        ]
      },
      "id": "way/798089730"
    },
    {
      "type": "Feature",
      "properties": {
        "@id": "way/798089731",
        "landuse": "greenhouse_horticulture",
        "@geometry": "center"
      },
      "geometry": {
        "type": "Point",
        "coordinates": [
          10.5212844,
          43.8951383
        ]
      },
      "id": "way/798089731"
    },
    {
      "type": "Feature",
      "properties": {
        "@id": "way/798089732",
        "landuse": "greenhouse_horticulture",
        "@geometry": "center"
      },
      "geometry": {
        "type": "Point",
        "coordinates": [
          10.5209986,
          43.8946476
        ]
      },
      "id": "way/798089732"
    },
    {
      "type": "Feature",
      "properties": {
        "@id": "way/798089733",
        "landuse": "greenhouse_horticulture",
        "@geometry": "center"
      },
      "geometry": {
        "type": "Point",
        "coordinates": [
          10.5203972,
          43.8948888
        ]
      },
      "id": "way/798089733"
    },
    {
      "type": "Feature",
      "properties": {
        "@id": "way/798089734",
        "landuse": "greenhouse_horticulture",
        "@geometry": "center"
      },
      "geometry": {
        "type": "Point",
        "coordinates": [
          10.521942,
          43.8956572
        ]
      },
      "id": "way/798089734"
    },
    {
      "type": "Feature",
      "properties": {
        "@id": "way/798089735",
        "landuse": "greenhouse_horticulture",
        "@geometry": "center"
      },
      "geometry": {
        "type": "Point",
        "coordinates": [
          10.5254024,
          43.8946524
        ]
      },
      "id": "way/798089735"
    },
    {
      "type": "Feature",
      "properties": {
        "@id": "way/798089736",
        "landuse": "greenhouse_horticulture",
        "@geometry": "center"
      },
      "geometry": {
        "type": "Point",
        "coordinates": [
          10.5250228,
          43.8956248
        ]
      },
      "id": "way/798089736"
    },
    {
      "type": "Feature",
      "properties": {
        "@id": "way/798089744",
        "landuse": "greenhouse_horticulture",
        "@geometry": "center"
      },
      "geometry": {
        "type": "Point",
        "coordinates": [
          10.5235628,
          43.8953367
        ]
      },
      "id": "way/798089744"
    },
    {
      "type": "Feature",
      "properties": {
        "@id": "way/798743347",
        "landuse": "greenhouse_horticulture",
        "@geometry": "center"
      },
      "geometry": {
        "type": "Point",
        "coordinates": [
          10.5256303,
          43.8928097
        ]
      },
      "id": "way/798743347"
    },
    {
      "type": "Feature",
      "properties": {
        "@id": "way/798743348",
        "landuse": "greenhouse_horticulture",
        "@geometry": "center"
      },
      "geometry": {
        "type": "Point",
        "coordinates": [
          10.5255599,
          43.8920934
        ]
      },
      "id": "way/798743348"
    },
    {
      "type": "Feature",
      "properties": {
        "@id": "way/798743349",
        "landuse": "greenhouse_horticulture",
        "@geometry": "center"
      },
      "geometry": {
        "type": "Point",
        "coordinates": [
          10.5266338,
          43.8913019
        ]
      },
      "id": "way/798743349"
    },
    {
      "type": "Feature",
      "properties": {
        "@id": "way/798743350",
        "landuse": "greenhouse_horticulture",
        "@geometry": "center"
      },
      "geometry": {
        "type": "Point",
        "coordinates": [
          10.5280176,
          43.8905011
        ]
      },
      "id": "way/798743350"
    },
    {
      "type": "Feature",
      "properties": {
        "@id": "way/798743351",
        "landuse": "greenhouse_horticulture",
        "@geometry": "center"
      },
      "geometry": {
        "type": "Point",
        "coordinates": [
          10.5275938,
          43.8899816
        ]
      },
      "id": "way/798743351"
    },
    {
      "type": "Feature",
      "properties": {
        "@id": "way/798743360",
        "landuse": "greenhouse_horticulture",
        "@geometry": "center"
      },
      "geometry": {
        "type": "Point",
        "coordinates": [
          10.5206845,
          43.8908736
        ]
      },
      "id": "way/798743360"
    },
    {
      "type": "Feature",
      "properties": {
        "@id": "way/798743364",
        "landuse": "greenhouse_horticulture",
        "@geometry": "center"
      },
      "geometry": {
        "type": "Point",
        "coordinates": [
          10.5179235,
          43.8908663
        ]
      },
      "id": "way/798743364"
    },
    {
      "type": "Feature",
      "properties": {
        "@id": "way/798743365",
        "landuse": "greenhouse_horticulture",
        "@geometry": "center"
      },
      "geometry": {
        "type": "Point",
        "coordinates": [
          10.5180924,
          43.8905027
        ]
      },
      "id": "way/798743365"
    },
    {
      "type": "Feature",
      "properties": {
        "@id": "way/798743366",
        "landuse": "greenhouse_horticulture",
        "@geometry": "center"
      },
      "geometry": {
        "type": "Point",
        "coordinates": [
          10.5169892,
          43.8895713
        ]
      },
      "id": "way/798743366"
    },
    {
      "type": "Feature",
      "properties": {
        "@id": "way/798743374",
        "landuse": "greenhouse_horticulture",
        "@geometry": "center"
      },
      "geometry": {
        "type": "Point",
        "coordinates": [
          10.5198338,
          43.8878522
        ]
      },
      "id": "way/798743374"
    },
    {
      "type": "Feature",
      "properties": {
        "@id": "way/798743375",
        "landuse": "greenhouse_horticulture",
        "@geometry": "center"
      },
      "geometry": {
        "type": "Point",
        "coordinates": [
          10.5197561,
          43.8879566
        ]
      },
      "id": "way/798743375"
    },
    {
      "type": "Feature",
      "properties": {
        "@id": "way/798743407",
        "landuse": "greenhouse_horticulture",
        "@geometry": "center"
      },
      "geometry": {
        "type": "Point",
        "coordinates": [
          10.5286567,
          43.8958456
        ]
      },
      "id": "way/798743407"
    },
    {
      "type": "Feature",
      "properties": {
        "@id": "way/798743408",
        "landuse": "greenhouse_horticulture",
        "@geometry": "center"
      },
      "geometry": {
        "type": "Point",
        "coordinates": [
          10.5290358,
          43.8957284
        ]
      },
      "id": "way/798743408"
    },
    {
      "type": "Feature",
      "properties": {
        "@id": "way/798743409",
        "landuse": "greenhouse_horticulture",
        "@geometry": "center"
      },
      "geometry": {
        "type": "Point",
        "coordinates": [
          10.529763,
          43.8963543
        ]
      },
      "id": "way/798743409"
    },
    {
      "type": "Feature",
      "properties": {
        "@id": "way/798743410",
        "landuse": "greenhouse_horticulture",
        "@geometry": "center"
      },
      "geometry": {
        "type": "Point",
        "coordinates": [
          10.5299554,
          43.8958102
        ]
      },
      "id": "way/798743410"
    },
    {
      "type": "Feature",
      "properties": {
        "@id": "way/798743411",
        "landuse": "greenhouse_horticulture",
        "@geometry": "center"
      },
      "geometry": {
        "type": "Point",
        "coordinates": [
          10.5303876,
          43.8959226
        ]
      },
      "id": "way/798743411"
    },
    {
      "type": "Feature",
      "properties": {
        "@id": "way/798743425",
        "landuse": "greenhouse_horticulture",
        "@geometry": "center"
      },
      "geometry": {
        "type": "Point",
        "coordinates": [
          10.5302542,
          43.8944422
        ]
      },
      "id": "way/798743425"
    },
    {
      "type": "Feature",
      "properties": {
        "@id": "way/798743426",
        "landuse": "greenhouse_horticulture",
        "@geometry": "center"
      },
      "geometry": {
        "type": "Point",
        "coordinates": [
          10.5314352,
          43.8941481
        ]
      },
      "id": "way/798743426"
    },
    {
      "type": "Feature",
      "properties": {
        "@id": "way/798743427",
        "landuse": "greenhouse_horticulture",
        "@geometry": "center"
      },
      "geometry": {
        "type": "Point",
        "coordinates": [
          10.5295956,
          43.8931051
        ]
      },
      "id": "way/798743427"
    },
    {
      "type": "Feature",
      "properties": {
        "@id": "way/807521057",
        "landuse": "greenhouse_horticulture",
        "@geometry": "center"
      },
      "geometry": {
        "type": "Point",
        "coordinates": [
          10.53113,
          43.8845106
        ]
      },
      "id": "way/807521057"
    },
    {
      "type": "Feature",
      "properties": {
        "@id": "way/807521058",
        "landuse": "greenhouse_horticulture",
        "@geometry": "center"
      },
      "geometry": {
        "type": "Point",
        "coordinates": [
          10.5309158,
          43.8847203
        ]
      },
      "id": "way/807521058"
    },
    {
      "type": "Feature",
      "properties": {
        "@id": "way/807521059",
        "landuse": "greenhouse_horticulture",
        "@geometry": "center"
      },
      "geometry": {
        "type": "Point",
        "coordinates": [
          10.5310333,
          43.8846868
        ]
      },
      "id": "way/807521059"
    },
    {
      "type": "Feature",
      "properties": {
        "@id": "way/807521060",
        "landuse": "greenhouse_horticulture",
        "@geometry": "center"
      },
      "geometry": {
        "type": "Point",
        "coordinates": [
          10.530827,
          43.8843836
        ]
      },
      "id": "way/807521060"
    },
    {
      "type": "Feature",
      "properties": {
        "@id": "way/807521061",
        "landuse": "greenhouse_horticulture",
        "@geometry": "center"
      },
      "geometry": {
        "type": "Point",
        "coordinates": [
          10.5236918,
          43.887592
        ]
      },
      "id": "way/807521061"
    },
    {
      "type": "Feature",
      "properties": {
        "@id": "way/807521062",
        "landuse": "greenhouse_horticulture",
        "@geometry": "center"
      },
      "geometry": {
        "type": "Point",
        "coordinates": [
          10.522834,
          43.8874993
        ]
      },
      "id": "way/807521062"
    },
    {
      "type": "Feature",
      "properties": {
        "@id": "way/807521086",
        "landuse": "greenhouse_horticulture",
        "@geometry": "center"
      },
      "geometry": {
        "type": "Point",
        "coordinates": [
          10.5173163,
          43.8923873
        ]
      },
      "id": "way/807521086"
    },
    {
      "type": "Feature",
      "properties": {
        "@id": "way/807521092",
        "landuse": "greenhouse_horticulture",
        "@geometry": "center"
      },
      "geometry": {
        "type": "Point",
        "coordinates": [
          10.5164254,
          43.8933357
        ]
      },
      "id": "way/807521092"
    },
    {
      "type": "Feature",
      "properties": {
        "@id": "way/807521093",
        "landuse": "greenhouse_horticulture",
        "@geometry": "center"
      },
      "geometry": {
        "type": "Point",
        "coordinates": [
          10.5161452,
          43.893415
        ]
      },
      "id": "way/807521093"
    },
    {
      "type": "Feature",
      "properties": {
        "@id": "way/810221569",
        "landuse": "greenhouse_horticulture",
        "@geometry": "center"
      },
      "geometry": {
        "type": "Point",
        "coordinates": [
          10.5142654,
          43.8682549
        ]
      },
      "id": "way/810221569"
    },
    {
      "type": "Feature",
      "properties": {
        "@id": "way/813377490",
        "landuse": "greenhouse_horticulture",
        "@geometry": "center"
      },
      "geometry": {
        "type": "Point",
        "coordinates": [
          10.5288464,
          43.8682927
        ]
      },
      "id": "way/813377490"
    },
    {
      "type": "Feature",
      "properties": {
        "@id": "way/813377514",
        "landuse": "greenhouse_horticulture",
        "@geometry": "center"
      },
      "geometry": {
        "type": "Point",
        "coordinates": [
          10.5263063,
          43.8754472
        ]
      },
      "id": "way/813377514"
    },
    {
      "type": "Feature",
      "properties": {
        "@id": "way/813377515",
        "landuse": "greenhouse_horticulture",
        "@geometry": "center"
      },
      "geometry": {
        "type": "Point",
        "coordinates": [
          10.5260893,
          43.8749581
        ]
      },
      "id": "way/813377515"
    },
    {
      "type": "Feature",
      "properties": {
        "@id": "way/813587045",
        "landuse": "greenhouse_horticulture",
        "@geometry": "center"
      },
      "geometry": {
        "type": "Point",
        "coordinates": [
          10.5313852,
          43.8691142
        ]
      },
      "id": "way/813587045"
    },
    {
      "type": "Feature",
      "properties": {
        "@id": "way/813587046",
        "landuse": "greenhouse_horticulture",
        "@geometry": "center"
      },
      "geometry": {
        "type": "Point",
        "coordinates": [
          10.5319493,
          43.8690179
        ]
      },
      "id": "way/813587046"
    },
    {
      "type": "Feature",
      "properties": {
        "@id": "way/813587047",
        "landuse": "greenhouse_horticulture",
        "@geometry": "center"
      },
      "geometry": {
        "type": "Point",
        "coordinates": [
          10.5315304,
          43.8682891
        ]
      },
      "id": "way/813587047"
    },
    {
      "type": "Feature",
      "properties": {
        "@id": "way/813587048",
        "landuse": "greenhouse_horticulture",
        "@geometry": "center"
      },
      "geometry": {
        "type": "Point",
        "coordinates": [
          10.5304461,
          43.8684943
        ]
      },
      "id": "way/813587048"
    },
    {
      "type": "Feature",
      "properties": {
        "@id": "way/813587049",
        "landuse": "greenhouse_horticulture",
        "@geometry": "center"
      },
      "geometry": {
        "type": "Point",
        "coordinates": [
          10.5302073,
          43.8678774
        ]
      },
      "id": "way/813587049"
    },
    {
      "type": "Feature",
      "properties": {
        "@id": "way/814161104",
        "landuse": "greenhouse_horticulture",
        "@geometry": "center"
      },
      "geometry": {
        "type": "Point",
        "coordinates": [
          10.532676,
          43.8771881
        ]
      },
      "id": "way/814161104"
    },
    {
      "type": "Feature",
      "properties": {
        "@id": "way/814161105",
        "landuse": "greenhouse_horticulture",
        "@geometry": "center"
      },
      "geometry": {
        "type": "Point",
        "coordinates": [
          10.5333503,
          43.8767279
        ]
      },
      "id": "way/814161105"
    },
    {
      "type": "Feature",
      "properties": {
        "@id": "way/814161106",
        "landuse": "greenhouse_horticulture",
        "@geometry": "center"
      },
      "geometry": {
        "type": "Point",
        "coordinates": [
          10.5358323,
          43.8770878
        ]
      },
      "id": "way/814161106"
    },
    {
      "type": "Feature",
      "properties": {
        "@id": "way/814161107",
        "landuse": "greenhouse_horticulture",
        "@geometry": "center"
      },
      "geometry": {
        "type": "Point",
        "coordinates": [
          10.5353635,
          43.8772804
        ]
      },
      "id": "way/814161107"
    },
    {
      "type": "Feature",
      "properties": {
        "@id": "way/814161108",
        "landuse": "greenhouse_horticulture",
        "@geometry": "center"
      },
      "geometry": {
        "type": "Point",
        "coordinates": [
          10.5337454,
          43.8787491
        ]
      },
      "id": "way/814161108"
    },
    {
      "type": "Feature",
      "properties": {
        "@id": "way/814161109",
        "landuse": "greenhouse_horticulture",
        "@geometry": "center"
      },
      "geometry": {
        "type": "Point",
        "coordinates": [
          10.53413,
          43.8788013
        ]
      },
      "id": "way/814161109"
    },
    {
      "type": "Feature",
      "properties": {
        "@id": "way/814161110",
        "landuse": "greenhouse_horticulture",
        "@geometry": "center"
      },
      "geometry": {
        "type": "Point",
        "coordinates": [
          10.5344662,
          43.8786044
        ]
      },
      "id": "way/814161110"
    },
    {
      "type": "Feature",
      "properties": {
        "@id": "way/814161111",
        "landuse": "greenhouse_horticulture",
        "@geometry": "center"
      },
      "geometry": {
        "type": "Point",
        "coordinates": [
          10.535634,
          43.8797698
        ]
      },
      "id": "way/814161111"
    },
    {
      "type": "Feature",
      "properties": {
        "@id": "way/814161112",
        "landuse": "greenhouse_horticulture",
        "@geometry": "center"
      },
      "geometry": {
        "type": "Point",
        "coordinates": [
          10.5344015,
          43.8799497
        ]
      },
      "id": "way/814161112"
    },
    {
      "type": "Feature",
      "properties": {
        "@id": "way/822926049",
        "landuse": "greenhouse_horticulture",
        "@geometry": "center"
      },
      "geometry": {
        "type": "Point",
        "coordinates": [
          10.4842471,
          43.8011422
        ]
      },
      "id": "way/822926049"
    },
    {
      "type": "Feature",
      "properties": {
        "@id": "way/825737608",
        "landuse": "plant_nursery",
        "name": "Vivaio",
        "plant": "trees",
        "@geometry": "center"
      },
      "geometry": {
        "type": "Point",
        "coordinates": [
          11.187595,
          42.4293867
        ]
      },
      "id": "way/825737608"
    },
    {
      "type": "Feature",
      "properties": {
        "@id": "way/825737609",
        "landuse": "plant_nursery",
        "name": "Vivaio",
        "plant": "trees",
        "@geometry": "center"
      },
      "geometry": {
        "type": "Point",
        "coordinates": [
          11.187924,
          42.4271488
        ]
      },
      "id": "way/825737609"
    },
    {
      "type": "Feature",
      "properties": {
        "@id": "way/833926416",
        "landuse": "greenhouse_horticulture",
        "@geometry": "center"
      },
      "geometry": {
        "type": "Point",
        "coordinates": [
          10.6148274,
          42.995146
        ]
      },
      "id": "way/833926416"
    },
    {
      "type": "Feature",
      "properties": {
        "@id": "way/833926417",
        "landuse": "greenhouse_horticulture",
        "@geometry": "center"
      },
      "geometry": {
        "type": "Point",
        "coordinates": [
          10.6161725,
          42.9941939
        ]
      },
      "id": "way/833926417"
    },
    {
      "type": "Feature",
      "properties": {
        "@id": "way/839100374",
        "landuse": "greenhouse_horticulture",
        "@geometry": "center"
      },
      "geometry": {
        "type": "Point",
        "coordinates": [
          11.3822414,
          43.7896532
        ]
      },
      "id": "way/839100374"
    },
    {
      "type": "Feature",
      "properties": {
        "@id": "way/839100379",
        "landuse": "greenhouse_horticulture",
        "@geometry": "center"
      },
      "geometry": {
        "type": "Point",
        "coordinates": [
          11.406463,
          43.7817273
        ]
      },
      "id": "way/839100379"
    },
    {
      "type": "Feature",
      "properties": {
        "@id": "way/844558615",
        "addr:city": "Terranuova Bracciolini",
        "addr:housenumber": "29a",
        "addr:postcode": "52028",
        "addr:street": "Via III strada Poggilupi",
        "landuse": "plant_nursery",
        "name": "Trenti Vivai Piante",
        "website": "https://trenti.it/",
        "@geometry": "center"
      },
      "geometry": {
        "type": "Point",
        "coordinates": [
          11.5669563,
          43.5466917
        ]
      },
      "id": "way/844558615"
    },
    {
      "type": "Feature",
      "properties": {
        "@id": "way/863066961",
        "landuse": "plant_nursery",
        "@geometry": "center"
      },
      "geometry": {
        "type": "Point",
        "coordinates": [
          11.6806179,
          43.5770546
        ]
      },
      "id": "way/863066961"
    },
    {
      "type": "Feature",
      "properties": {
        "@id": "way/863089994",
        "landuse": "plant_nursery",
        "@geometry": "center"
      },
      "geometry": {
        "type": "Point",
        "coordinates": [
          11.6845966,
          43.5721242
        ]
      },
      "id": "way/863089994"
    },
    {
      "type": "Feature",
      "properties": {
        "@id": "way/863089997",
        "landuse": "plant_nursery",
        "@geometry": "center"
      },
      "geometry": {
        "type": "Point",
        "coordinates": [
          11.6828241,
          43.5747126
        ]
      },
      "id": "way/863089997"
    },
    {
      "type": "Feature",
      "properties": {
        "@id": "way/863090004",
        "landuse": "plant_nursery",
        "@geometry": "center"
      },
      "geometry": {
        "type": "Point",
        "coordinates": [
          11.6840846,
          43.5747004
        ]
      },
      "id": "way/863090004"
    },
    {
      "type": "Feature",
      "properties": {
        "@id": "way/863253061",
        "landuse": "plant_nursery",
        "@geometry": "center"
      },
      "geometry": {
        "type": "Point",
        "coordinates": [
          11.684295,
          43.5580309
        ]
      },
      "id": "way/863253061"
    },
    {
      "type": "Feature",
      "properties": {
        "@id": "way/924682347",
        "landuse": "plant_nursery",
        "@geometry": "center"
      },
      "geometry": {
        "type": "Point",
        "coordinates": [
          11.6700171,
          43.5331017
        ]
      },
      "id": "way/924682347"
    },
    {
      "type": "Feature",
      "properties": {
        "@id": "way/924682358",
        "landuse": "plant_nursery",
        "@geometry": "center"
      },
      "geometry": {
        "type": "Point",
        "coordinates": [
          11.6670594,
          43.5335333
        ]
      },
      "id": "way/924682358"
    },
    {
      "type": "Feature",
      "properties": {
        "@id": "way/929274947",
        "landuse": "greenhouse_horticulture",
        "@geometry": "center"
      },
      "geometry": {
        "type": "Point",
        "coordinates": [
          10.6071459,
          44.0620094
        ]
      },
      "id": "way/929274947"
    },
    {
      "type": "Feature",
      "properties": {
        "@id": "way/929274948",
        "landuse": "greenhouse_horticulture",
        "@geometry": "center"
      },
      "geometry": {
        "type": "Point",
        "coordinates": [
          10.6069384,
          44.0621286
        ]
      },
      "id": "way/929274948"
    },
    {
      "type": "Feature",
      "properties": {
        "@id": "way/929274949",
        "landuse": "greenhouse_horticulture",
        "@geometry": "center"
      },
      "geometry": {
        "type": "Point",
        "coordinates": [
          10.6068746,
          44.0620902
        ]
      },
      "id": "way/929274949"
    },
    {
      "type": "Feature",
      "properties": {
        "@id": "way/929274950",
        "landuse": "greenhouse_horticulture",
        "@geometry": "center"
      },
      "geometry": {
        "type": "Point",
        "coordinates": [
          10.6068045,
          44.0620422
        ]
      },
      "id": "way/929274950"
    },
    {
      "type": "Feature",
      "properties": {
        "@id": "way/929274951",
        "landuse": "greenhouse_horticulture",
        "@geometry": "center"
      },
      "geometry": {
        "type": "Point",
        "coordinates": [
          10.6063858,
          44.0621583
        ]
      },
      "id": "way/929274951"
    },
    {
      "type": "Feature",
      "properties": {
        "@id": "way/929274952",
        "landuse": "greenhouse_horticulture",
        "@geometry": "center"
      },
      "geometry": {
        "type": "Point",
        "coordinates": [
          10.6064403,
          44.0622331
        ]
      },
      "id": "way/929274952"
    },
    {
      "type": "Feature",
      "properties": {
        "@id": "way/929274953",
        "landuse": "greenhouse_horticulture",
        "@geometry": "center"
      },
      "geometry": {
        "type": "Point",
        "coordinates": [
          10.6060343,
          44.062438
        ]
      },
      "id": "way/929274953"
    },
    {
      "type": "Feature",
      "properties": {
        "@id": "way/929274954",
        "landuse": "greenhouse_horticulture",
        "@geometry": "center"
      },
      "geometry": {
        "type": "Point",
        "coordinates": [
          10.6061106,
          44.0625068
        ]
      },
      "id": "way/929274954"
    },
    {
      "type": "Feature",
      "properties": {
        "@id": "way/929274955",
        "landuse": "greenhouse_horticulture",
        "@geometry": "center"
      },
      "geometry": {
        "type": "Point",
        "coordinates": [
          10.6060624,
          44.0629627
        ]
      },
      "id": "way/929274955"
    },
    {
      "type": "Feature",
      "properties": {
        "@id": "way/936662405",
        "landuse": "plant_nursery",
        "plant": "tree",
        "@geometry": "center"
      },
      "geometry": {
        "type": "Point",
        "coordinates": [
          10.9911034,
          43.907427
        ]
      },
      "id": "way/936662405"
    },
    {
      "type": "Feature",
      "properties": {
        "@id": "way/937975229",
        "landuse": "plant_nursery",
        "@geometry": "center"
      },
      "geometry": {
        "type": "Point",
        "coordinates": [
          11.6850208,
          43.5466113
        ]
      },
      "id": "way/937975229"
    },
    {
      "type": "Feature",
      "properties": {
        "@id": "way/938047353",
        "landuse": "plant_nursery",
        "@geometry": "center"
      },
      "geometry": {
        "type": "Point",
        "coordinates": [
          11.6639755,
          43.5541719
        ]
      },
      "id": "way/938047353"
    },
    {
      "type": "Feature",
      "properties": {
        "@id": "way/940060229",
        "landuse": "plant_nursery",
        "@geometry": "center"
      },
      "geometry": {
        "type": "Point",
        "coordinates": [
          10.8938967,
          43.8953432
        ]
      },
      "id": "way/940060229"
    },
    {
      "type": "Feature",
      "properties": {
        "@id": "way/941472295",
        "landuse": "plant_nursery",
        "name": "Vivaio Cerretani",
        "@geometry": "center"
      },
      "geometry": {
        "type": "Point",
        "coordinates": [
          11.2800325,
          43.2896728
        ]
      },
      "id": "way/941472295"
    },
    {
      "type": "Feature",
      "properties": {
        "@id": "way/975312150",
        "landuse": "plant_nursery",
        "@geometry": "center"
      },
      "geometry": {
        "type": "Point",
        "coordinates": [
          10.5993057,
          43.6856281
        ]
      },
      "id": "way/975312150"
    },
    {
      "type": "Feature",
      "properties": {
        "@id": "way/975312151",
        "landuse": "plant_nursery",
        "@geometry": "center"
      },
      "geometry": {
        "type": "Point",
        "coordinates": [
          10.6018825,
          43.6864564
        ]
      },
      "id": "way/975312151"
    },
    {
      "type": "Feature",
      "properties": {
        "@id": "way/975312152",
        "building": "yes",
        "shop": "garden_centre",
        "@geometry": "center"
      },
      "geometry": {
        "type": "Point",
        "coordinates": [
          10.6009919,
          43.6861555
        ]
      },
      "id": "way/975312152"
    },
    {
      "type": "Feature",
      "properties": {
        "@id": "way/975312153",
        "building": "yes",
        "shop": "garden_centre",
        "@geometry": "center"
      },
      "geometry": {
        "type": "Point",
        "coordinates": [
          10.6017457,
          43.6861067
        ]
      },
      "id": "way/975312153"
    },
    {
      "type": "Feature",
      "properties": {
        "@id": "way/976399677",
        "addr:city": "Venturina Terme",
        "addr:country": "IT",
        "addr:housenumber": "4",
        "addr:place": "Località Guadalupo",
        "addr:postcode": "57021",
        "landuse": "plant_nursery",
        "name": "Vivaio Guadalupo",
        "phone": "+39 0565 858501",
        "@geometry": "center"
      },
      "geometry": {
        "type": "Point",
        "coordinates": [
          10.609563,
          43.0216343
        ]
      },
      "id": "way/976399677"
    },
    {
      "type": "Feature",
      "properties": {
        "@id": "way/979436829",
        "addr:city": "Grosseto",
        "addr:country": "IT",
        "addr:housenumber": "1",
        "addr:postcode": "58100",
        "addr:street": "Via Dell'Olocausto",
        "landuse": "plant_nursery",
        "name": "Vivaio Sociale La Gerbera Group",
        "phone": "+39 0564 28380",
        "@geometry": "center"
      },
      "geometry": {
        "type": "Point",
        "coordinates": [
          11.1335135,
          42.7634174
        ]
      },
      "id": "way/979436829"
    },
    {
      "type": "Feature",
      "properties": {
        "@id": "way/984988555",
        "addr:city": "Albinia",
        "addr:country": "IT",
        "addr:housenumber": "3",
        "addr:street": "Strada Vicinale della Radicata",
        "alt_name": "Vivavio Albiati",
        "landuse": "plant_nursery",
        "name": "Azienda Florivivaistica Albiati",
        "operator": "Azienda Florivivaistica Albiati",
        "phone": "+39 0564 878347",
        "website": "https://www.albiati.it/",
        "@geometry": "center"
      },
      "geometry": {
        "type": "Point",
        "coordinates": [
          11.2546898,
          42.5130836
        ]
      },
      "id": "way/984988555"
    },
    {
      "type": "Feature",
      "properties": {
        "@id": "way/1002345968",
        "landuse": "greenhouse_horticulture",
        "@geometry": "center"
      },
      "geometry": {
        "type": "Point",
        "coordinates": [
          10.3278583,
          44.165588
        ]
      },
      "id": "way/1002345968"
    },
    {
      "type": "Feature",
      "properties": {
        "@id": "way/1002345969",
        "landuse": "greenhouse_horticulture",
        "@geometry": "center"
      },
      "geometry": {
        "type": "Point",
        "coordinates": [
          10.327999,
          44.1653086
        ]
      },
      "id": "way/1002345969"
    },
    {
      "type": "Feature",
      "properties": {
        "@id": "way/1002345970",
        "landuse": "greenhouse_horticulture",
        "@geometry": "center"
      },
      "geometry": {
        "type": "Point",
        "coordinates": [
          10.3287323,
          44.1652017
        ]
      },
      "id": "way/1002345970"
    },
    {
      "type": "Feature",
      "properties": {
        "@id": "way/1030758830",
        "landuse": "greenhouse_horticulture",
        "@geometry": "center"
      },
      "geometry": {
        "type": "Point",
        "coordinates": [
          10.4435606,
          43.7139473
        ]
      },
      "id": "way/1030758830"
    },
    {
      "type": "Feature",
      "properties": {
        "@id": "way/1030758831",
        "landuse": "greenhouse_horticulture",
        "@geometry": "center"
      },
      "geometry": {
        "type": "Point",
        "coordinates": [
          10.443683,
          43.71386
        ]
      },
      "id": "way/1030758831"
    },
    {
      "type": "Feature",
      "properties": {
        "@id": "way/1030758832",
        "landuse": "greenhouse_horticulture",
        "@geometry": "center"
      },
      "geometry": {
        "type": "Point",
        "coordinates": [
          10.4424917,
          43.7129971
        ]
      },
      "id": "way/1030758832"
    },
    {
      "type": "Feature",
      "properties": {
        "@id": "way/1030758833",
        "landuse": "greenhouse_horticulture",
        "@geometry": "center"
      },
      "geometry": {
        "type": "Point",
        "coordinates": [
          10.4416545,
          43.7127734
        ]
      },
      "id": "way/1030758833"
    },
    {
      "type": "Feature",
      "properties": {
        "@id": "way/1030758834",
        "landuse": "greenhouse_horticulture",
        "@geometry": "center"
      },
      "geometry": {
        "type": "Point",
        "coordinates": [
          10.4434036,
          43.7138761
        ]
      },
      "id": "way/1030758834"
    },
    {
      "type": "Feature",
      "properties": {
        "@id": "way/1030758835",
        "landuse": "greenhouse_horticulture",
        "@geometry": "center"
      },
      "geometry": {
        "type": "Point",
        "coordinates": [
          10.4437624,
          43.7141422
        ]
      },
      "id": "way/1030758835"
    },
    {
      "type": "Feature",
      "properties": {
        "@id": "way/1067010067",
        "landuse": "greenhouse_horticulture",
        "@geometry": "center"
      },
      "geometry": {
        "type": "Point",
        "coordinates": [
          10.683986,
          43.0508205
        ]
      },
      "id": "way/1067010067"
    },
    {
      "type": "Feature",
      "properties": {
        "@id": "way/1067010068",
        "landuse": "greenhouse_horticulture",
        "@geometry": "center"
      },
      "geometry": {
        "type": "Point",
        "coordinates": [
          10.6819292,
          43.0506643
        ]
      },
      "id": "way/1067010068"
    },
    {
      "type": "Feature",
      "properties": {
        "@id": "way/1068798112",
        "landuse": "greenhouse_horticulture",
        "@geometry": "center"
      },
      "geometry": {
        "type": "Point",
        "coordinates": [
          10.5457522,
          43.8639663
        ]
      },
      "id": "way/1068798112"
    },
    {
      "type": "Feature",
      "properties": {
        "@id": "way/1068798113",
        "landuse": "greenhouse_horticulture",
        "@geometry": "center"
      },
      "geometry": {
        "type": "Point",
        "coordinates": [
          10.545746,
          43.863893
        ]
      },
      "id": "way/1068798113"
    },
    {
      "type": "Feature",
      "properties": {
        "@id": "way/1068798114",
        "landuse": "greenhouse_horticulture",
        "@geometry": "center"
      },
      "geometry": {
        "type": "Point",
        "coordinates": [
          10.5457407,
          43.863832
        ]
      },
      "id": "way/1068798114"
    },
    {
      "type": "Feature",
      "properties": {
        "@id": "way/1068798115",
        "landuse": "greenhouse_horticulture",
        "@geometry": "center"
      },
      "geometry": {
        "type": "Point",
        "coordinates": [
          10.5457338,
          43.8637684
        ]
      },
      "id": "way/1068798115"
    },
    {
      "type": "Feature",
      "properties": {
        "@id": "way/1068798116",
        "landuse": "greenhouse_horticulture",
        "@geometry": "center"
      },
      "geometry": {
        "type": "Point",
        "coordinates": [
          10.5457214,
          43.8637068
        ]
      },
      "id": "way/1068798116"
    },
    {
      "type": "Feature",
      "properties": {
        "@id": "way/1068798117",
        "landuse": "greenhouse_horticulture",
        "@geometry": "center"
      },
      "geometry": {
        "type": "Point",
        "coordinates": [
          10.5457173,
          43.8636422
        ]
      },
      "id": "way/1068798117"
    },
    {
      "type": "Feature",
      "properties": {
        "@id": "way/1068798118",
        "landuse": "greenhouse_horticulture",
        "@geometry": "center"
      },
      "geometry": {
        "type": "Point",
        "coordinates": [
          10.5462317,
          43.863696
        ]
      },
      "id": "way/1068798118"
    },
    {
      "type": "Feature",
      "properties": {
        "@id": "way/1068798119",
        "landuse": "greenhouse_horticulture",
        "@geometry": "center"
      },
      "geometry": {
        "type": "Point",
        "coordinates": [
          10.5463088,
          43.8636908
        ]
      },
      "id": "way/1068798119"
    },
    {
      "type": "Feature",
      "properties": {
        "@id": "way/1068798120",
        "landuse": "greenhouse_horticulture",
        "@geometry": "center"
      },
      "geometry": {
        "type": "Point",
        "coordinates": [
          10.5464155,
          43.8637516
        ]
      },
      "id": "way/1068798120"
    },
    {
      "type": "Feature",
      "properties": {
        "@id": "way/1068798121",
        "landuse": "greenhouse_horticulture",
        "@geometry": "center"
      },
      "geometry": {
        "type": "Point",
        "coordinates": [
          10.5465019,
          43.8637505
        ]
      },
      "id": "way/1068798121"
    },
    {
      "type": "Feature",
      "properties": {
        "@id": "way/1079131980",
        "landuse": "greenhouse_horticulture",
        "@geometry": "center"
      },
      "geometry": {
        "type": "Point",
        "coordinates": [
          11.0023221,
          42.9253731
        ]
      },
      "id": "way/1079131980"
    },
    {
      "type": "Feature",
      "properties": {
        "@id": "way/1081955483",
        "landuse": "plant_nursery",
        "@geometry": "center"
      },
      "geometry": {
        "type": "Point",
        "coordinates": [
          10.5560656,
          43.1868314
        ]
      },
      "id": "way/1081955483"
    },
    {
      "type": "Feature",
      "properties": {
        "@id": "way/1081955484",
        "landuse": "plant_nursery",
        "@geometry": "center"
      },
      "geometry": {
        "type": "Point",
        "coordinates": [
          10.5522595,
          43.1878699
        ]
      },
      "id": "way/1081955484"
    },
    {
      "type": "Feature",
      "properties": {
        "@id": "way/1082662683",
        "addr:city": "Massa",
        "addr:housenumber": "4",
        "addr:postcode": "54100",
        "addr:street": "Viale della Repubblica",
        "building": "yes",
        "name": "Ciregia Lida",
        "note": "cellulare= 3288179533",
        "opening_hours": "Mo-Sa 09:00-13:00,15:00-19:00",
        "phone": "+39 585792500",
        "shop": "garden_centre",
        "@geometry": "center"
      },
      "geometry": {
        "type": "Point",
        "coordinates": [
          10.1370758,
          44.0177041
        ]
      },
      "id": "way/1082662683"
    },
    {
      "type": "Feature",
      "properties": {
        "@id": "way/1085593844",
        "building": "yes",
        "landuse": "greenhouse_horticulture",
        "@geometry": "center"
      },
      "geometry": {
        "type": "Point",
        "coordinates": [
          11.3382774,
          43.3355503
        ]
      },
      "id": "way/1085593844"
    },
    {
      "type": "Feature",
      "properties": {
        "@id": "way/1085593845",
        "landuse": "greenhouse_horticulture",
        "@geometry": "center"
      },
      "geometry": {
        "type": "Point",
        "coordinates": [
          11.3388958,
          43.3357842
        ]
      },
      "id": "way/1085593845"
    },
    {
      "type": "Feature",
      "properties": {
        "@id": "way/1085593846",
        "landuse": "greenhouse_horticulture",
        "@geometry": "center"
      },
      "geometry": {
        "type": "Point",
        "coordinates": [
          11.338845,
          43.3359135
        ]
      },
      "id": "way/1085593846"
    },
    {
      "type": "Feature",
      "properties": {
        "@id": "way/1085593847",
        "landuse": "greenhouse_horticulture",
        "@geometry": "center"
      },
      "geometry": {
        "type": "Point",
        "coordinates": [
          11.3388352,
          43.3360386
        ]
      },
      "id": "way/1085593847"
    },
    {
      "type": "Feature",
      "properties": {
        "@id": "way/1088260276",
        "landuse": "greenhouse_horticulture",
        "@geometry": "center"
      },
      "geometry": {
        "type": "Point",
        "coordinates": [
          11.3406173,
          43.3205459
        ]
      },
      "id": "way/1088260276"
    },
    {
      "type": "Feature",
      "properties": {
        "@id": "way/1088260277",
        "landuse": "greenhouse_horticulture",
        "@geometry": "center"
      },
      "geometry": {
        "type": "Point",
        "coordinates": [
          11.3402844,
          43.3205408
        ]
      },
      "id": "way/1088260277"
    },
    {
      "type": "Feature",
      "properties": {
        "@id": "way/1088260278",
        "landuse": "greenhouse_horticulture",
        "@geometry": "center"
      },
      "geometry": {
        "type": "Point",
        "coordinates": [
          11.3403396,
          43.3205105
        ]
      },
      "id": "way/1088260278"
    },
    {
      "type": "Feature",
      "properties": {
        "@id": "way/1091808498",
        "landuse": "greenhouse_horticulture",
        "@geometry": "center"
      },
      "geometry": {
        "type": "Point",
        "coordinates": [
          11.3003326,
          43.3294987
        ]
      },
      "id": "way/1091808498"
    },
    {
      "type": "Feature",
      "properties": {
        "@id": "way/1093317547",
        "landuse": "greenhouse_horticulture",
        "@geometry": "center"
      },
      "geometry": {
        "type": "Point",
        "coordinates": [
          11.3252409,
          43.3072581
        ]
      },
      "id": "way/1093317547"
    },
    {
      "type": "Feature",
      "properties": {
        "@id": "way/1093317548",
        "landuse": "greenhouse_horticulture",
        "@geometry": "center"
      },
      "geometry": {
        "type": "Point",
        "coordinates": [
          11.3248079,
          43.3076162
        ]
      },
      "id": "way/1093317548"
    },
    {
      "type": "Feature",
      "properties": {
        "@id": "way/1093317549",
        "landuse": "greenhouse_horticulture",
        "@geometry": "center"
      },
      "geometry": {
        "type": "Point",
        "coordinates": [
          11.324688,
          43.3078503
        ]
      },
      "id": "way/1093317549"
    },
    {
      "type": "Feature",
      "properties": {
        "@id": "way/1093317559",
        "building": "retail",
        "shop": "garden_centre",
        "@geometry": "center"
      },
      "geometry": {
        "type": "Point",
        "coordinates": [
          11.3233746,
          43.3045203
        ]
      },
      "id": "way/1093317559"
    },
    {
      "type": "Feature",
      "properties": {
        "@id": "way/1094742921",
        "landuse": "greenhouse_horticulture",
        "@geometry": "center"
      },
      "geometry": {
        "type": "Point",
        "coordinates": [
          11.353346,
          43.3223456
        ]
      },
      "id": "way/1094742921"
    },
    {
      "type": "Feature",
      "properties": {
        "@id": "way/1095257526",
        "addr:city": "Orbetello",
        "addr:country": "IT",
        "addr:housenumber": "12",
        "addr:postcode": "58015",
        "addr:street": "Via Aurelia",
        "contact:phone": "+39 0564 862116",
        "contact:website": "https://www.vivaioilpitorsino.it",
        "landuse": "plant_nursery",
        "name": "Vivaio Piante Il Pitorsino",
        "opening_hours": "Mo-Sa 09:00-13:00,15:30-18:30; Su,PH off",
        "@geometry": "center"
      },
      "geometry": {
        "type": "Point",
        "coordinates": [
          11.2822656,
          42.4346877
        ]
      },
      "id": "way/1095257526"
    },
    {
      "type": "Feature",
      "properties": {
        "@id": "way/1095340514",
        "building": "yes",
        "landuse": "greenhouse_horticulture",
        "@geometry": "center"
      },
      "geometry": {
        "type": "Point",
        "coordinates": [
          11.3233227,
          43.3058071
        ]
      },
      "id": "way/1095340514"
    },
    {
      "type": "Feature",
      "properties": {
        "@id": "way/1098032029",
        "landuse": "plant_nursery",
        "@geometry": "center"
      },
      "geometry": {
        "type": "Point",
        "coordinates": [
          10.8943246,
          43.9316594
        ]
      },
      "id": "way/1098032029"
    },
    {
      "type": "Feature",
      "properties": {
        "@id": "way/1098489551",
        "landuse": "greenhouse_horticulture",
        "@geometry": "center"
      },
      "geometry": {
        "type": "Point",
        "coordinates": [
          11.3323348,
          43.2980137
        ]
      },
      "id": "way/1098489551"
    },
    {
      "type": "Feature",
      "properties": {
        "@id": "way/1098489552",
        "landuse": "greenhouse_horticulture",
        "@geometry": "center"
      },
      "geometry": {
        "type": "Point",
        "coordinates": [
          11.3324214,
          43.298073
        ]
      },
      "id": "way/1098489552"
    },
    {
      "type": "Feature",
      "properties": {
        "@id": "way/1100905552",
        "landuse": "plant_nursery",
        "@geometry": "center"
      },
      "geometry": {
        "type": "Point",
        "coordinates": [
          10.4280073,
          43.7693308
        ]
      },
      "id": "way/1100905552"
    },
    {
      "type": "Feature",
      "properties": {
        "@id": "way/1101071348",
        "landuse": "greenhouse_horticulture",
        "@geometry": "center"
      },
      "geometry": {
        "type": "Point",
        "coordinates": [
          11.3217369,
          43.3058007
        ]
      },
      "id": "way/1101071348"
    },
    {
      "type": "Feature",
      "properties": {
        "@id": "way/1101767319",
        "landuse": "greenhouse_horticulture",
        "@geometry": "center"
      },
      "geometry": {
        "type": "Point",
        "coordinates": [
          11.0021817,
          43.9059946
        ]
      },
      "id": "way/1101767319"
    },
    {
      "type": "Feature",
      "properties": {
        "@id": "way/1101928488",
        "landuse": "plant_nursery",
        "@geometry": "center"
      },
      "geometry": {
        "type": "Point",
        "coordinates": [
          11.5644005,
          43.5782457
        ]
      },
      "id": "way/1101928488"
    },
    {
      "type": "Feature",
      "properties": {
        "@id": "way/1101928489",
        "landuse": "plant_nursery",
        "@geometry": "center"
      },
      "geometry": {
        "type": "Point",
        "coordinates": [
          11.5675132,
          43.5795423
        ]
      },
      "id": "way/1101928489"
    },
    {
      "type": "Feature",
      "properties": {
        "@id": "way/1103821257",
        "landuse": "greenhouse_horticulture",
        "@geometry": "center"
      },
      "geometry": {
        "type": "Point",
        "coordinates": [
          11.3395679,
          43.3049438
        ]
      },
      "id": "way/1103821257"
    },
    {
      "type": "Feature",
      "properties": {
        "@id": "way/1103821263",
        "landuse": "greenhouse_horticulture",
        "@geometry": "center"
      },
      "geometry": {
        "type": "Point",
        "coordinates": [
          11.3393153,
          43.3051845
        ]
      },
      "id": "way/1103821263"
    },
    {
      "type": "Feature",
      "properties": {
        "@id": "way/1106783236",
        "landuse": "plant_nursery",
        "@geometry": "center"
      },
      "geometry": {
        "type": "Point",
        "coordinates": [
          10.3689615,
          42.7607565
        ]
      },
      "id": "way/1106783236"
    },
    {
      "type": "Feature",
      "properties": {
        "@id": "way/1117097525",
        "landuse": "greenhouse_horticulture",
        "@geometry": "center"
      },
      "geometry": {
        "type": "Point",
        "coordinates": [
          11.3069334,
          43.2914519
        ]
      },
      "id": "way/1117097525"
    },
    {
      "type": "Feature",
      "properties": {
        "@id": "way/1117097553",
        "landuse": "greenhouse_horticulture",
        "@geometry": "center"
      },
      "geometry": {
        "type": "Point",
        "coordinates": [
          11.306206,
          43.2918677
        ]
      },
      "id": "way/1117097553"
    },
    {
      "type": "Feature",
      "properties": {
        "@id": "way/1122002352",
        "landuse": "greenhouse_horticulture",
        "@geometry": "center"
      },
      "geometry": {
        "type": "Point",
        "coordinates": [
          11.3039702,
          43.2885541
        ]
      },
      "id": "way/1122002352"
    },
    {
      "type": "Feature",
      "properties": {
        "@id": "way/1124641369",
        "landuse": "greenhouse_horticulture",
        "@geometry": "center"
      },
      "geometry": {
        "type": "Point",
        "coordinates": [
          11.3058794,
          43.2869279
        ]
      },
      "id": "way/1124641369"
    },
    {
      "type": "Feature",
      "properties": {
        "@id": "way/1126470406",
        "landuse": "greenhouse_horticulture",
        "@geometry": "center"
      },
      "geometry": {
        "type": "Point",
        "coordinates": [
          11.3156982,
          43.2897468
        ]
      },
      "id": "way/1126470406"
    },
    {
      "type": "Feature",
      "properties": {
        "@id": "way/1126697857",
        "landuse": "greenhouse_horticulture",
        "@geometry": "center"
      },
      "geometry": {
        "type": "Point",
        "coordinates": [
          11.3264063,
          43.2886598
        ]
      },
      "id": "way/1126697857"
    },
    {
      "type": "Feature",
      "properties": {
        "@id": "way/1126697858",
        "landuse": "greenhouse_horticulture",
        "@geometry": "center"
      },
      "geometry": {
        "type": "Point",
        "coordinates": [
          11.3265857,
          43.2885117
        ]
      },
      "id": "way/1126697858"
    },
    {
      "type": "Feature",
      "properties": {
        "@id": "way/1128073496",
        "landuse": "greenhouse_horticulture",
        "@geometry": "center"
      },
      "geometry": {
        "type": "Point",
        "coordinates": [
          11.3235298,
          43.2996075
        ]
      },
      "id": "way/1128073496"
    },
    {
      "type": "Feature",
      "properties": {
        "@id": "way/1131537261",
        "landuse": "greenhouse_horticulture",
        "@geometry": "center"
      },
      "geometry": {
        "type": "Point",
        "coordinates": [
          11.3142481,
          43.3006995
        ]
      },
      "id": "way/1131537261"
    },
    {
      "type": "Feature",
      "properties": {
        "@id": "way/1133443743",
        "landuse": "greenhouse_horticulture",
        "@geometry": "center"
      },
      "geometry": {
        "type": "Point",
        "coordinates": [
          11.3084457,
          43.2991441
        ]
      },
      "id": "way/1133443743"
    },
    {
      "type": "Feature",
      "properties": {
        "@id": "way/1135148980",
        "landuse": "greenhouse_horticulture",
        "@geometry": "center"
      },
      "geometry": {
        "type": "Point",
        "coordinates": [
          11.3095209,
          43.2999368
        ]
      },
      "id": "way/1135148980"
    },
    {
      "type": "Feature",
      "properties": {
        "@id": "way/1135148981",
        "landuse": "greenhouse_horticulture",
        "@geometry": "center"
      },
      "geometry": {
        "type": "Point",
        "coordinates": [
          11.3099673,
          43.2999696
        ]
      },
      "id": "way/1135148981"
    },
    {
      "type": "Feature",
      "properties": {
        "@id": "way/1135148982",
        "landuse": "greenhouse_horticulture",
        "@geometry": "center"
      },
      "geometry": {
        "type": "Point",
        "coordinates": [
          11.3116243,
          43.3007929
        ]
      },
      "id": "way/1135148982"
    },
    {
      "type": "Feature",
      "properties": {
        "@id": "way/1135260709",
        "landuse": "greenhouse_horticulture",
        "@geometry": "center"
      },
      "geometry": {
        "type": "Point",
        "coordinates": [
          11.2601582,
          43.3061387
        ]
      },
      "id": "way/1135260709"
    },
    {
      "type": "Feature",
      "properties": {
        "@id": "way/1135396127",
        "landuse": "greenhouse_horticulture",
        "@geometry": "center"
      },
      "geometry": {
        "type": "Point",
        "coordinates": [
          10.4206833,
          43.7194216
        ]
      },
      "id": "way/1135396127"
    },
    {
      "type": "Feature",
      "properties": {
        "@id": "way/1136847337",
        "landuse": "greenhouse_horticulture",
        "@geometry": "center"
      },
      "geometry": {
        "type": "Point",
        "coordinates": [
          11.275004,
          43.2851998
        ]
      },
      "id": "way/1136847337"
    },
    {
      "type": "Feature",
      "properties": {
        "@id": "way/1136847338",
        "landuse": "greenhouse_horticulture",
        "@geometry": "center"
      },
      "geometry": {
        "type": "Point",
        "coordinates": [
          11.2749236,
          43.2852307
        ]
      },
      "id": "way/1136847338"
    },
    {
      "type": "Feature",
      "properties": {
        "@id": "way/1136847340",
        "landuse": "greenhouse_horticulture",
        "@geometry": "center"
      },
      "geometry": {
        "type": "Point",
        "coordinates": [
          11.2752653,
          43.2847143
        ]
      },
      "id": "way/1136847340"
    },
    {
      "type": "Feature",
      "properties": {
        "@id": "way/1136847341",
        "landuse": "greenhouse_horticulture",
        "@geometry": "center"
      },
      "geometry": {
        "type": "Point",
        "coordinates": [
          11.2753348,
          43.2846841
        ]
      },
      "id": "way/1136847341"
    },
    {
      "type": "Feature",
      "properties": {
        "@id": "way/1136847342",
        "landuse": "greenhouse_horticulture",
        "@geometry": "center"
      },
      "geometry": {
        "type": "Point",
        "coordinates": [
          11.2754083,
          43.2846518
        ]
      },
      "id": "way/1136847342"
    },
    {
      "type": "Feature",
      "properties": {
        "@id": "way/1136847343",
        "landuse": "greenhouse_horticulture",
        "@geometry": "center"
      },
      "geometry": {
        "type": "Point",
        "coordinates": [
          11.2754933,
          43.2846146
        ]
      },
      "id": "way/1136847343"
    },
    {
      "type": "Feature",
      "properties": {
        "@id": "way/1136847344",
        "landuse": "greenhouse_horticulture",
        "@geometry": "center"
      },
      "geometry": {
        "type": "Point",
        "coordinates": [
          11.2755594,
          43.2845714
        ]
      },
      "id": "way/1136847344"
    },
    {
      "type": "Feature",
      "properties": {
        "@id": "way/1136847345",
        "landuse": "greenhouse_horticulture",
        "@geometry": "center"
      },
      "geometry": {
        "type": "Point",
        "coordinates": [
          11.2756244,
          43.2845526
        ]
      },
      "id": "way/1136847345"
    },
    {
      "type": "Feature",
      "properties": {
        "@id": "way/1136847346",
        "landuse": "greenhouse_horticulture",
        "@geometry": "center"
      },
      "geometry": {
        "type": "Point",
        "coordinates": [
          11.2756993,
          43.2845351
        ]
      },
      "id": "way/1136847346"
    },
    {
      "type": "Feature",
      "properties": {
        "@id": "way/1136847347",
        "landuse": "greenhouse_horticulture",
        "@geometry": "center"
      },
      "geometry": {
        "type": "Point",
        "coordinates": [
          11.2757599,
          43.2845071
        ]
      },
      "id": "way/1136847347"
    },
    {
      "type": "Feature",
      "properties": {
        "@id": "way/1136847348",
        "landuse": "greenhouse_horticulture",
        "@geometry": "center"
      },
      "geometry": {
        "type": "Point",
        "coordinates": [
          11.2758388,
          43.2844839
        ]
      },
      "id": "way/1136847348"
    },
    {
      "type": "Feature",
      "properties": {
        "@id": "way/1136847349",
        "landuse": "greenhouse_horticulture",
        "@geometry": "center"
      },
      "geometry": {
        "type": "Point",
        "coordinates": [
          11.2759059,
          43.2844398
        ]
      },
      "id": "way/1136847349"
    },
    {
      "type": "Feature",
      "properties": {
        "@id": "way/1136847350",
        "landuse": "plant_nursery",
        "name": "Vivaio delle Volte",
        "@geometry": "center"
      },
      "geometry": {
        "type": "Point",
        "coordinates": [
          11.2755368,
          43.284703
        ]
      },
      "id": "way/1136847350"
    },
    {
      "type": "Feature",
      "properties": {
        "@id": "way/1137826971",
        "landuse": "greenhouse_horticulture",
        "@geometry": "center"
      },
      "geometry": {
        "type": "Point",
        "coordinates": [
          11.2645943,
          43.2878405
        ]
      },
      "id": "way/1137826971"
    },
    {
      "type": "Feature",
      "properties": {
        "@id": "way/1137832479",
        "landuse": "greenhouse_horticulture",
        "@geometry": "center"
      },
      "geometry": {
        "type": "Point",
        "coordinates": [
          11.2659261,
          43.2876867
        ]
      },
      "id": "way/1137832479"
    },
    {
      "type": "Feature",
      "properties": {
        "@id": "way/1137832480",
        "landuse": "greenhouse_horticulture",
        "@geometry": "center"
      },
      "geometry": {
        "type": "Point",
        "coordinates": [
          11.2657923,
          43.2876583
        ]
      },
      "id": "way/1137832480"
    },
    {
      "type": "Feature",
      "properties": {
        "@id": "way/1137832481",
        "landuse": "greenhouse_horticulture",
        "@geometry": "center"
      },
      "geometry": {
        "type": "Point",
        "coordinates": [
          11.2653446,
          43.287478
        ]
      },
      "id": "way/1137832481"
    },
    {
      "type": "Feature",
      "properties": {
        "@id": "way/1137832482",
        "landuse": "greenhouse_horticulture",
        "@geometry": "center"
      },
      "geometry": {
        "type": "Point",
        "coordinates": [
          11.2652326,
          43.2875432
        ]
      },
      "id": "way/1137832482"
    },
    {
      "type": "Feature",
      "properties": {
        "@id": "way/1142977904",
        "landuse": "greenhouse_horticulture",
        "@geometry": "center"
      },
      "geometry": {
        "type": "Point",
        "coordinates": [
          11.2685251,
          43.2873303
        ]
      },
      "id": "way/1142977904"
    },
    {
      "type": "Feature",
      "properties": {
        "@id": "way/1142977905",
        "landuse": "greenhouse_horticulture",
        "@geometry": "center"
      },
      "geometry": {
        "type": "Point",
        "coordinates": [
          11.2685854,
          43.2873058
        ]
      },
      "id": "way/1142977905"
    },
    {
      "type": "Feature",
      "properties": {
        "@id": "way/1143036465",
        "landuse": "greenhouse_horticulture",
        "@geometry": "center"
      },
      "geometry": {
        "type": "Point",
        "coordinates": [
          11.2694737,
          43.2883394
        ]
      },
      "id": "way/1143036465"
    },
    {
      "type": "Feature",
      "properties": {
        "@id": "way/1143036466",
        "landuse": "greenhouse_horticulture",
        "@geometry": "center"
      },
      "geometry": {
        "type": "Point",
        "coordinates": [
          11.2693632,
          43.2882267
        ]
      },
      "id": "way/1143036466"
    },
    {
      "type": "Feature",
      "properties": {
        "@id": "way/1143764277",
        "landuse": "greenhouse_horticulture",
        "@geometry": "center"
      },
      "geometry": {
        "type": "Point",
        "coordinates": [
          11.2703994,
          43.2876467
        ]
      },
      "id": "way/1143764277"
    },
    {
      "type": "Feature",
      "properties": {
        "@id": "way/1143764295",
        "landuse": "greenhouse_horticulture",
        "@geometry": "center"
      },
      "geometry": {
        "type": "Point",
        "coordinates": [
          11.2706522,
          43.2891334
        ]
      },
      "id": "way/1143764295"
    },
    {
      "type": "Feature",
      "properties": {
        "@id": "way/1144502659",
        "landuse": "greenhouse_horticulture",
        "@geometry": "center"
      },
      "geometry": {
        "type": "Point",
        "coordinates": [
          11.2729394,
          43.2897841
        ]
      },
      "id": "way/1144502659"
    },
    {
      "type": "Feature",
      "properties": {
        "@id": "way/1144502660",
        "landuse": "greenhouse_horticulture",
        "@geometry": "center"
      },
      "geometry": {
        "type": "Point",
        "coordinates": [
          11.2726435,
          43.2897374
        ]
      },
      "id": "way/1144502660"
    },
    {
      "type": "Feature",
      "properties": {
        "@id": "way/1144502701",
        "landuse": "greenhouse_horticulture",
        "@geometry": "center"
      },
      "geometry": {
        "type": "Point",
        "coordinates": [
          11.2719782,
          43.289576
        ]
      },
      "id": "way/1144502701"
    },
    {
      "type": "Feature",
      "properties": {
        "@id": "way/1145117211",
        "landuse": "greenhouse_horticulture",
        "@geometry": "center"
      },
      "geometry": {
        "type": "Point",
        "coordinates": [
          11.274976,
          43.2877429
        ]
      },
      "id": "way/1145117211"
    },
    {
      "type": "Feature",
      "properties": {
        "@id": "way/1145147297",
        "landuse": "greenhouse_horticulture",
        "@geometry": "center"
      },
      "geometry": {
        "type": "Point",
        "coordinates": [
          11.2775759,
          43.2877092
        ]
      },
      "id": "way/1145147297"
    },
    {
      "type": "Feature",
      "properties": {
        "@id": "way/1145465194",
        "landuse": "greenhouse_horticulture",
        "@geometry": "center"
      },
      "geometry": {
        "type": "Point",
        "coordinates": [
          11.2745382,
          43.288106
        ]
      },
      "id": "way/1145465194"
    },
    {
      "type": "Feature",
      "properties": {
        "@id": "way/1145465216",
        "landuse": "greenhouse_horticulture",
        "@geometry": "center"
      },
      "geometry": {
        "type": "Point",
        "coordinates": [
          11.2741716,
          43.2882749
        ]
      },
      "id": "way/1145465216"
    },
    {
      "type": "Feature",
      "properties": {
        "@id": "way/1146103289",
        "landuse": "greenhouse_horticulture",
        "@geometry": "center"
      },
      "geometry": {
        "type": "Point",
        "coordinates": [
          11.2796432,
          43.2897596
        ]
      },
      "id": "way/1146103289"
    },
    {
      "type": "Feature",
      "properties": {
        "@id": "way/1146103290",
        "landuse": "greenhouse_horticulture",
        "@geometry": "center"
      },
      "geometry": {
        "type": "Point",
        "coordinates": [
          11.2797107,
          43.2896714
        ]
      },
      "id": "way/1146103290"
    },
    {
      "type": "Feature",
      "properties": {
        "@id": "way/1146103291",
        "landuse": "greenhouse_horticulture",
        "@geometry": "center"
      },
      "geometry": {
        "type": "Point",
        "coordinates": [
          11.2797686,
          43.2895979
        ]
      },
      "id": "way/1146103291"
    },
    {
      "type": "Feature",
      "properties": {
        "@id": "way/1146103292",
        "landuse": "greenhouse_horticulture",
        "@geometry": "center"
      },
      "geometry": {
        "type": "Point",
        "coordinates": [
          11.2798416,
          43.2895094
        ]
      },
      "id": "way/1146103292"
    },
    {
      "type": "Feature",
      "properties": {
        "@id": "way/1146103293",
        "landuse": "greenhouse_horticulture",
        "@geometry": "center"
      },
      "geometry": {
        "type": "Point",
        "coordinates": [
          11.2799032,
          43.2894326
        ]
      },
      "id": "way/1146103293"
    },
    {
      "type": "Feature",
      "properties": {
        "@id": "way/1146103294",
        "landuse": "greenhouse_horticulture",
        "@geometry": "center"
      },
      "geometry": {
        "type": "Point",
        "coordinates": [
          11.2799755,
          43.2893499
        ]
      },
      "id": "way/1146103294"
    },
    {
      "type": "Feature",
      "properties": {
        "@id": "way/1146103300",
        "landuse": "greenhouse_horticulture",
        "@geometry": "center"
      },
      "geometry": {
        "type": "Point",
        "coordinates": [
          11.2804452,
          43.2897452
        ]
      },
      "id": "way/1146103300"
    },
    {
      "type": "Feature",
      "properties": {
        "@id": "way/1146103301",
        "landuse": "greenhouse_horticulture",
        "@geometry": "center"
      },
      "geometry": {
        "type": "Point",
        "coordinates": [
          11.2804706,
          43.2897098
        ]
      },
      "id": "way/1146103301"
    },
    {
      "type": "Feature",
      "properties": {
        "@id": "way/1146103302",
        "landuse": "greenhouse_horticulture",
        "@geometry": "center"
      },
      "geometry": {
        "type": "Point",
        "coordinates": [
          11.2805114,
          43.2896494
        ]
      },
      "id": "way/1146103302"
    },
    {
      "type": "Feature",
      "properties": {
        "@id": "way/1146103303",
        "landuse": "greenhouse_horticulture",
        "@geometry": "center"
      },
      "geometry": {
        "type": "Point",
        "coordinates": [
          11.2805349,
          43.2896154
        ]
      },
      "id": "way/1146103303"
    },
    {
      "type": "Feature",
      "properties": {
        "@id": "way/1146118041",
        "landuse": "greenhouse_horticulture",
        "@geometry": "center"
      },
      "geometry": {
        "type": "Point",
        "coordinates": [
          11.2863143,
          43.290887
        ]
      },
      "id": "way/1146118041"
    },
    {
      "type": "Feature",
      "properties": {
        "@id": "way/1146834256",
        "landuse": "greenhouse_horticulture",
        "@geometry": "center"
      },
      "geometry": {
        "type": "Point",
        "coordinates": [
          11.291144,
          43.2924869
        ]
      },
      "id": "way/1146834256"
    },
    {
      "type": "Feature",
      "properties": {
        "@id": "way/1147046237",
        "landuse": "greenhouse_horticulture",
        "@geometry": "center"
      },
      "geometry": {
        "type": "Point",
        "coordinates": [
          11.2945276,
          43.2919185
        ]
      },
      "id": "way/1147046237"
    },
    {
      "type": "Feature",
      "properties": {
        "@id": "way/1147590723",
        "landuse": "greenhouse_horticulture",
        "@geometry": "center"
      },
      "geometry": {
        "type": "Point",
        "coordinates": [
          11.2802831,
          43.2996115
        ]
      },
      "id": "way/1147590723"
    },
    {
      "type": "Feature",
      "properties": {
        "@id": "way/1147631357",
        "landuse": "greenhouse_horticulture",
        "@geometry": "center"
      },
      "geometry": {
        "type": "Point",
        "coordinates": [
          11.2761272,
          43.2957511
        ]
      },
      "id": "way/1147631357"
    },
    {
      "type": "Feature",
      "properties": {
        "@id": "way/1148519140",
        "landuse": "greenhouse_horticulture",
        "@geometry": "center"
      },
      "geometry": {
        "type": "Point",
        "coordinates": [
          11.2864502,
          43.2934598
        ]
      },
      "id": "way/1148519140"
    },
    {
      "type": "Feature",
      "properties": {
        "@id": "way/1149905653",
        "landuse": "greenhouse_horticulture",
        "@geometry": "center"
      },
      "geometry": {
        "type": "Point",
        "coordinates": [
          11.2871163,
          43.2993948
        ]
      },
      "id": "way/1149905653"
    },
    {
      "type": "Feature",
      "properties": {
        "@id": "way/1150421802",
        "landuse": "greenhouse_horticulture",
        "@geometry": "center"
      },
      "geometry": {
        "type": "Point",
        "coordinates": [
          11.2843329,
          43.3033632
        ]
      },
      "id": "way/1150421802"
    },
    {
      "type": "Feature",
      "properties": {
        "@id": "way/1151981959",
        "landuse": "greenhouse_horticulture",
        "@geometry": "center"
      },
      "geometry": {
        "type": "Point",
        "coordinates": [
          11.2843429,
          43.3123143
        ]
      },
      "id": "way/1151981959"
    },
    {
      "type": "Feature",
      "properties": {
        "@id": "way/1152801123",
        "landuse": "greenhouse_horticulture",
        "@geometry": "center"
      },
      "geometry": {
        "type": "Point",
        "coordinates": [
          11.0365887,
          43.1675192
        ]
      },
      "id": "way/1152801123"
    },
    {
      "type": "Feature",
      "properties": {
        "@id": "way/1154444635",
        "landuse": "greenhouse_horticulture",
        "@geometry": "center"
      },
      "geometry": {
        "type": "Point",
        "coordinates": [
          11.2951948,
          43.3013247
        ]
      },
      "id": "way/1154444635"
    },
    {
      "type": "Feature",
      "properties": {
        "@id": "way/1157481749",
        "landuse": "greenhouse_horticulture",
        "@geometry": "center"
      },
      "geometry": {
        "type": "Point",
        "coordinates": [
          11.2976048,
          43.3034728
        ]
      },
      "id": "way/1157481749"
    },
    {
      "type": "Feature",
      "properties": {
        "@id": "way/1157481750",
        "landuse": "greenhouse_horticulture",
        "@geometry": "center"
      },
      "geometry": {
        "type": "Point",
        "coordinates": [
          11.2974376,
          43.3032703
        ]
      },
      "id": "way/1157481750"
    },
    {
      "type": "Feature",
      "properties": {
        "@id": "way/1157727230",
        "landuse": "greenhouse_horticulture",
        "@geometry": "center"
      },
      "geometry": {
        "type": "Point",
        "coordinates": [
          10.4010972,
          43.7810576
        ]
      },
      "id": "way/1157727230"
    },
    {
      "type": "Feature",
      "properties": {
        "@id": "way/1157727231",
        "landuse": "greenhouse_horticulture",
        "@geometry": "center"
      },
      "geometry": {
        "type": "Point",
        "coordinates": [
          10.4010186,
          43.7811301
        ]
      },
      "id": "way/1157727231"
    },
    {
      "type": "Feature",
      "properties": {
        "@id": "way/1157727232",
        "landuse": "greenhouse_horticulture",
        "@geometry": "center"
      },
      "geometry": {
        "type": "Point",
        "coordinates": [
          10.4014812,
          43.7813589
        ]
      },
      "id": "way/1157727232"
    },
    {
      "type": "Feature",
      "properties": {
        "@id": "way/1157727233",
        "landuse": "greenhouse_horticulture",
        "@geometry": "center"
      },
      "geometry": {
        "type": "Point",
        "coordinates": [
          10.401379,
          43.7814108
        ]
      },
      "id": "way/1157727233"
    },
    {
      "type": "Feature",
      "properties": {
        "@id": "way/1157727234",
        "landuse": "greenhouse_horticulture",
        "@geometry": "center"
      },
      "geometry": {
        "type": "Point",
        "coordinates": [
          10.4012322,
          43.7813069
        ]
      },
      "id": "way/1157727234"
    },
    {
      "type": "Feature",
      "properties": {
        "@id": "way/1157727235",
        "landuse": "greenhouse_horticulture",
        "@geometry": "center"
      },
      "geometry": {
        "type": "Point",
        "coordinates": [
          10.4013551,
          43.7812562
        ]
      },
      "id": "way/1157727235"
    },
    {
      "type": "Feature",
      "properties": {
        "@id": "way/1157727236",
        "landuse": "greenhouse_horticulture",
        "@geometry": "center"
      },
      "geometry": {
        "type": "Point",
        "coordinates": [
          10.4019925,
          43.7813254
        ]
      },
      "id": "way/1157727236"
    },
    {
      "type": "Feature",
      "properties": {
        "@id": "way/1157727237",
        "landuse": "greenhouse_horticulture",
        "@geometry": "center"
      },
      "geometry": {
        "type": "Point",
        "coordinates": [
          10.4020608,
          43.7812857
        ]
      },
      "id": "way/1157727237"
    },
    {
      "type": "Feature",
      "properties": {
        "@id": "way/1158634351",
        "landuse": "greenhouse_horticulture",
        "@geometry": "center"
      },
      "geometry": {
        "type": "Point",
        "coordinates": [
          11.299081,
          43.3091831
        ]
      },
      "id": "way/1158634351"
    },
    {
      "type": "Feature",
      "properties": {
        "@id": "way/1160260225",
        "area": "yes",
        "landuse": "greenhouse_horticulture",
        "@geometry": "center"
      },
      "geometry": {
        "type": "Point",
        "coordinates": [
          11.3139955,
          43.3076977
        ]
      },
      "id": "way/1160260225"
    },
    {
      "type": "Feature",
      "properties": {
        "@id": "way/1160278261",
        "landuse": "greenhouse_horticulture",
        "@geometry": "center"
      },
      "geometry": {
        "type": "Point",
        "coordinates": [
          11.3123964,
          43.3082057
        ]
      },
      "id": "way/1160278261"
    },
    {
      "type": "Feature",
      "properties": {
        "@id": "way/1160278267",
        "landuse": "greenhouse_horticulture",
        "@geometry": "center"
      },
      "geometry": {
        "type": "Point",
        "coordinates": [
          11.3111209,
          43.3085556
        ]
      },
      "id": "way/1160278267"
    },
    {
      "type": "Feature",
      "properties": {
        "@id": "way/1160435453",
        "landuse": "greenhouse_horticulture",
        "@geometry": "center"
      },
      "geometry": {
        "type": "Point",
        "coordinates": [
          11.2988419,
          43.3121991
        ]
      },
      "id": "way/1160435453"
    },
    {
      "type": "Feature",
      "properties": {
        "@id": "way/1160537118",
        "landuse": "greenhouse_horticulture",
        "@geometry": "center"
      },
      "geometry": {
        "type": "Point",
        "coordinates": [
          11.2959994,
          43.3108087
        ]
      },
      "id": "way/1160537118"
    },
    {
      "type": "Feature",
      "properties": {
        "@id": "way/1160575601",
        "landuse": "greenhouse_horticulture",
        "@geometry": "center"
      },
      "geometry": {
        "type": "Point",
        "coordinates": [
          11.2943515,
          43.3121026
        ]
      },
      "id": "way/1160575601"
    },
    {
      "type": "Feature",
      "properties": {
        "@id": "way/1160822225",
        "landuse": "greenhouse_horticulture",
        "@geometry": "center"
      },
      "geometry": {
        "type": "Point",
        "coordinates": [
          11.2941797,
          43.3168029
        ]
      },
      "id": "way/1160822225"
    },
    {
      "type": "Feature",
      "properties": {
        "@id": "way/1161163882",
        "landuse": "greenhouse_horticulture",
        "@geometry": "center"
      },
      "geometry": {
        "type": "Point",
        "coordinates": [
          11.2704258,
          43.3220731
        ]
      },
      "id": "way/1161163882"
    },
    {
      "type": "Feature",
      "properties": {
        "@id": "way/1161163891",
        "landuse": "greenhouse_horticulture",
        "@geometry": "center"
      },
      "geometry": {
        "type": "Point",
        "coordinates": [
          11.2698521,
          43.3222367
        ]
      },
      "id": "way/1161163891"
    },
    {
      "type": "Feature",
      "properties": {
        "@id": "way/1162987288",
        "landuse": "plant_nursery",
        "@geometry": "center"
      },
      "geometry": {
        "type": "Point",
        "coordinates": [
          11.2813612,
          43.317294
        ]
      },
      "id": "way/1162987288"
    },
    {
      "type": "Feature",
      "properties": {
        "@id": "way/1162995023",
        "landuse": "greenhouse_horticulture",
        "@geometry": "center"
      },
      "geometry": {
        "type": "Point",
        "coordinates": [
          11.2841045,
          43.3183474
        ]
      },
      "id": "way/1162995023"
    },
    {
      "type": "Feature",
      "properties": {
        "@id": "way/1163557249",
        "landuse": "greenhouse_horticulture",
        "@geometry": "center"
      },
      "geometry": {
        "type": "Point",
        "coordinates": [
          11.2748183,
          43.3401106
        ]
      },
      "id": "way/1163557249"
    },
    {
      "type": "Feature",
      "properties": {
        "@id": "way/1163557250",
        "landuse": "greenhouse_horticulture",
        "@geometry": "center"
      },
      "geometry": {
        "type": "Point",
        "coordinates": [
          11.2746873,
          43.3399515
        ]
      },
      "id": "way/1163557250"
    },
    {
      "type": "Feature",
      "properties": {
        "@id": "way/1163557252",
        "landuse": "greenhouse_horticulture",
        "@geometry": "center"
      },
      "geometry": {
        "type": "Point",
        "coordinates": [
          11.2749844,
          43.3398976
        ]
      },
      "id": "way/1163557252"
    },
    {
      "type": "Feature",
      "properties": {
        "@id": "way/1164013931",
        "landuse": "plant_nursery",
        "@geometry": "center"
      },
      "geometry": {
        "type": "Point",
        "coordinates": [
          10.9156092,
          43.9152327
        ]
      },
      "id": "way/1164013931"
    },
    {
      "type": "Feature",
      "properties": {
        "@id": "way/1164108025",
        "landuse": "greenhouse_horticulture",
        "@geometry": "center"
      },
      "geometry": {
        "type": "Point",
        "coordinates": [
          11.2724814,
          43.3450384
        ]
      },
      "id": "way/1164108025"
    },
    {
      "type": "Feature",
      "properties": {
        "@id": "way/1164485474",
        "landuse": "greenhouse_horticulture",
        "@geometry": "center"
      },
      "geometry": {
        "type": "Point",
        "coordinates": [
          11.2663634,
          43.3522449
        ]
      },
      "id": "way/1164485474"
    },
    {
      "type": "Feature",
      "properties": {
        "@id": "way/1164846653",
        "landuse": "greenhouse_horticulture",
        "@geometry": "center"
      },
      "geometry": {
        "type": "Point",
        "coordinates": [
          11.2795797,
          43.3458871
        ]
      },
      "id": "way/1164846653"
    },
    {
      "type": "Feature",
      "properties": {
        "@id": "way/1164916526",
        "landuse": "greenhouse_horticulture",
        "@geometry": "center"
      },
      "geometry": {
        "type": "Point",
        "coordinates": [
          11.2801323,
          43.3445578
        ]
      },
      "id": "way/1164916526"
    },
    {
      "type": "Feature",
      "properties": {
        "@id": "way/1166311143",
        "landuse": "greenhouse_horticulture",
        "@geometry": "center"
      },
      "geometry": {
        "type": "Point",
        "coordinates": [
          11.2838506,
          43.3396407
        ]
      },
      "id": "way/1166311143"
    },
    {
      "type": "Feature",
      "properties": {
        "@id": "way/1166311148",
        "landuse": "greenhouse_horticulture",
        "@geometry": "center"
      },
      "geometry": {
        "type": "Point",
        "coordinates": [
          11.2844003,
          43.339331
        ]
      },
      "id": "way/1166311148"
    },
    {
      "type": "Feature",
      "properties": {
        "@id": "way/1172604694",
        "barrier": "fence",
        "fence_type": "chain_link",
        "landuse": "plant_nursery",
        "name": "Orto floricoltura Fedi Giancarlo",
        "@geometry": "center"
      },
      "geometry": {
        "type": "Point",
        "coordinates": [
          10.943758,
          42.8040381
        ]
      },
      "id": "way/1172604694"
    },
    {
      "type": "Feature",
      "properties": {
        "@id": "way/1173065813",
        "landuse": "plant_nursery",
        "name": "Vivaio Santini",
        "@geometry": "center"
      },
      "geometry": {
        "type": "Point",
        "coordinates": [
          11.7002517,
          42.6872107
        ]
      },
      "id": "way/1173065813"
    },
    {
      "type": "Feature",
      "properties": {
        "@id": "way/1173440296",
        "landuse": "greenhouse_horticulture",
        "@geometry": "center"
      },
      "geometry": {
        "type": "Point",
        "coordinates": [
          10.8076754,
          42.8525467
        ]
      },
      "id": "way/1173440296"
    },
    {
      "type": "Feature",
      "properties": {
        "@id": "way/1173440297",
        "landuse": "greenhouse_horticulture",
        "@geometry": "center"
      },
      "geometry": {
        "type": "Point",
        "coordinates": [
          10.8115301,
          42.8543892
        ]
      },
      "id": "way/1173440297"
    },
    {
      "type": "Feature",
      "properties": {
        "@id": "way/1173674169",
        "landuse": "greenhouse_horticulture",
        "@geometry": "center"
      },
      "geometry": {
        "type": "Point",
        "coordinates": [
          11.7181152,
          42.6722927
        ]
      },
      "id": "way/1173674169"
    },
    {
      "type": "Feature",
      "properties": {
        "@id": "way/1174716864",
        "landuse": "greenhouse_horticulture",
        "@geometry": "center"
      },
      "geometry": {
        "type": "Point",
        "coordinates": [
          11.2900957,
          43.3385923
        ]
      },
      "id": "way/1174716864"
    },
    {
      "type": "Feature",
      "properties": {
        "@id": "way/1175005128",
        "landuse": "greenhouse_horticulture",
        "@geometry": "center"
      },
      "geometry": {
        "type": "Point",
        "coordinates": [
          11.2894128,
          43.3349626
        ]
      },
      "id": "way/1175005128"
    },
    {
      "type": "Feature",
      "properties": {
        "@id": "way/1176238837",
        "landuse": "greenhouse_horticulture",
        "@geometry": "center"
      },
      "geometry": {
        "type": "Point",
        "coordinates": [
          11.2894627,
          43.3338852
        ]
      },
      "id": "way/1176238837"
    },
    {
      "type": "Feature",
      "properties": {
        "@id": "way/1176525792",
        "landuse": "greenhouse_horticulture",
        "@geometry": "center"
      },
      "geometry": {
        "type": "Point",
        "coordinates": [
          11.2855419,
          43.3347344
        ]
      },
      "id": "way/1176525792"
    },
    {
      "type": "Feature",
      "properties": {
        "@id": "way/1177950431",
        "landuse": "greenhouse_horticulture",
        "@geometry": "center"
      },
      "geometry": {
        "type": "Point",
        "coordinates": [
          11.2908147,
          43.3336254
        ]
      },
      "id": "way/1177950431"
    },
    {
      "type": "Feature",
      "properties": {
        "@id": "way/1177950432",
        "landuse": "greenhouse_horticulture",
        "@geometry": "center"
      },
      "geometry": {
        "type": "Point",
        "coordinates": [
          11.2903972,
          43.3333899
        ]
      },
      "id": "way/1177950432"
    },
    {
      "type": "Feature",
      "properties": {
        "@id": "way/1178291215",
        "landuse": "greenhouse_horticulture",
        "@geometry": "center"
      },
      "geometry": {
        "type": "Point",
        "coordinates": [
          11.2909925,
          43.3324132
        ]
      },
      "id": "way/1178291215"
    },
    {
      "type": "Feature",
      "properties": {
        "@id": "way/1180186850",
        "landuse": "greenhouse_horticulture",
        "@geometry": "center"
      },
      "geometry": {
        "type": "Point",
        "coordinates": [
          11.0599,
          43.7602336
        ]
      },
      "id": "way/1180186850"
    },
    {
      "type": "Feature",
      "properties": {
        "@id": "way/1180508030",
        "landuse": "greenhouse_horticulture",
        "@geometry": "center"
      },
      "geometry": {
        "type": "Point",
        "coordinates": [
          11.2890107,
          43.328732
        ]
      },
      "id": "way/1180508030"
    },
    {
      "type": "Feature",
      "properties": {
        "@id": "way/1180600771",
        "landuse": "greenhouse_horticulture",
        "@geometry": "center"
      },
      "geometry": {
        "type": "Point",
        "coordinates": [
          11.2899261,
          43.3287127
        ]
      },
      "id": "way/1180600771"
    },
    {
      "type": "Feature",
      "properties": {
        "@id": "way/1181032608",
        "landuse": "greenhouse_horticulture",
        "@geometry": "center"
      },
      "geometry": {
        "type": "Point",
        "coordinates": [
          11.2851552,
          43.3252509
        ]
      },
      "id": "way/1181032608"
    },
    {
      "type": "Feature",
      "properties": {
        "@id": "way/1186449500",
        "landuse": "greenhouse_horticulture",
        "@geometry": "center"
      },
      "geometry": {
        "type": "Point",
        "coordinates": [
          11.3006643,
          43.3150199
        ]
      },
      "id": "way/1186449500"
    },
    {
      "type": "Feature",
      "properties": {
        "@id": "way/1217155745",
        "building": "greenhouse",
        "building:levels": "1",
        "landuse": "greenhouse_horticulture",
        "@geometry": "center"
      },
      "geometry": {
        "type": "Point",
        "coordinates": [
          10.8944408,
          43.9169972
        ]
      },
      "id": "way/1217155745"
    },
    {
      "type": "Feature",
      "properties": {
        "@id": "way/1217155746",
        "building": "greenhouse",
        "building:levels": "1",
        "landuse": "greenhouse_horticulture",
        "@geometry": "center"
      },
      "geometry": {
        "type": "Point",
        "coordinates": [
          10.8945552,
          43.9170019
        ]
      },
      "id": "way/1217155746"
    },
    {
      "type": "Feature",
      "properties": {
        "@id": "way/1217155747",
        "building": "greenhouse",
        "building:levels": "1",
        "landuse": "greenhouse_horticulture",
        "@geometry": "center"
      },
      "geometry": {
        "type": "Point",
        "coordinates": [
          10.8932495,
          43.9170487
        ]
      },
      "id": "way/1217155747"
    },
    {
      "type": "Feature",
      "properties": {
        "@id": "way/1217166022",
        "landuse": "plant_nursery",
        "@geometry": "center"
      },
      "geometry": {
        "type": "Point",
        "coordinates": [
          10.8906613,
          43.9174233
        ]
      },
      "id": "way/1217166022"
    },
    {
      "type": "Feature",
      "properties": {
        "@id": "way/1228824712",
        "building": "greenhouse",
        "building:levels": "1",
        "landuse": "greenhouse_horticulture",
        "@geometry": "center"
      },
      "geometry": {
        "type": "Point",
        "coordinates": [
          10.8997565,
          43.9264207
        ]
      },
      "id": "way/1228824712"
    },
    {
      "type": "Feature",
      "properties": {
        "@id": "way/1234733099",
        "landuse": "greenhouse_horticulture",
        "@geometry": "center"
      },
      "geometry": {
        "type": "Point",
        "coordinates": [
          11.8092346,
          43.6985499
        ]
      },
      "id": "way/1234733099"
    },
    {
      "type": "Feature",
      "properties": {
        "@id": "way/1236663297",
        "landuse": "greenhouse_horticulture",
        "@geometry": "center"
      },
      "geometry": {
        "type": "Point",
        "coordinates": [
          11.9133956,
          43.4528916
        ]
      },
      "id": "way/1236663297"
    },
    {
      "type": "Feature",
      "properties": {
        "@id": "way/1236663298",
        "landuse": "greenhouse_horticulture",
        "@geometry": "center"
      },
      "geometry": {
        "type": "Point",
        "coordinates": [
          11.9131118,
          43.4524497
        ]
      },
      "id": "way/1236663298"
    },
    {
      "type": "Feature",
      "properties": {
        "@id": "way/1236663299",
        "landuse": "greenhouse_horticulture",
        "@geometry": "center"
      },
      "geometry": {
        "type": "Point",
        "coordinates": [
          11.9147975,
          43.4397899
        ]
      },
      "id": "way/1236663299"
    },
    {
      "type": "Feature",
      "properties": {
        "@id": "way/1238661103",
        "landuse": "greenhouse_horticulture",
        "@geometry": "center"
      },
      "geometry": {
        "type": "Point",
        "coordinates": [
          10.4709739,
          43.7879454
        ]
      },
      "id": "way/1238661103"
    },
    {
      "type": "Feature",
      "properties": {
        "@id": "way/1241881650",
        "landuse": "plant_nursery",
        "@geometry": "center"
      },
      "geometry": {
        "type": "Point",
        "coordinates": [
          11.3757874,
          43.3053557
        ]
      },
      "id": "way/1241881650"
    },
    {
      "type": "Feature",
      "properties": {
        "@id": "way/1248077419",
        "building": "greenhouse",
        "building:levels": "1",
        "landuse": "greenhouse_horticulture",
        "@geometry": "center"
      },
      "geometry": {
        "type": "Point",
        "coordinates": [
          10.9111103,
          43.9092109
        ]
      },
      "id": "way/1248077419"
    },
    {
      "type": "Feature",
      "properties": {
        "@id": "way/1248077420",
        "building": "greenhouse",
        "building:levels": "1",
        "landuse": "greenhouse_horticulture",
        "@geometry": "center"
      },
      "geometry": {
        "type": "Point",
        "coordinates": [
          10.9110246,
          43.9089713
        ]
      },
      "id": "way/1248077420"
    },
    {
      "type": "Feature",
      "properties": {
        "@id": "way/1252271373",
        "landuse": "greenhouse_horticulture",
        "source": "microsoft/BuildingFootprints",
        "@geometry": "center"
      },
      "geometry": {
        "type": "Point",
        "coordinates": [
          11.3534571,
          43.7709902
        ]
      },
      "id": "way/1252271373"
    },
    {
      "type": "Feature",
      "properties": {
        "@id": "way/1272699962",
        "landuse": "greenhouse_horticulture",
        "@geometry": "center"
      },
      "geometry": {
        "type": "Point",
        "coordinates": [
          11.8349754,
          43.7618475
        ]
      },
      "id": "way/1272699962"
    },
    {
      "type": "Feature",
      "properties": {
        "@id": "way/1274072474",
        "landuse": "plant_nursery",
        "@geometry": "center"
      },
      "geometry": {
        "type": "Point",
        "coordinates": [
          10.9123784,
          43.9255663
        ]
      },
      "id": "way/1274072474"
    },
    {
      "type": "Feature",
      "properties": {
        "@id": "way/1274952364",
        "landuse": "plant_nursery",
        "leaf_cycle": "mixed",
        "leaf_type": "mixed",
        "name": "Vivaio di Gamberaia",
        "operator": "Daniele Paolini",
        "shop": "garden_centre",
        "wheelchair": "yes",
        "@geometry": "center"
      },
      "geometry": {
        "type": "Point",
        "coordinates": [
          11.392476,
          43.8280574
        ]
      },
      "id": "way/1274952364"
    },
    {
      "type": "Feature",
      "properties": {
        "@id": "way/1275419385",
        "landuse": "plant_nursery",
        "@geometry": "center"
      },
      "geometry": {
        "type": "Point",
        "coordinates": [
          10.8984119,
          43.945228
        ]
      },
      "id": "way/1275419385"
    },
    {
      "type": "Feature",
      "properties": {
        "@id": "way/1280036308",
        "building": "greenhouse",
        "building:levels": "1",
        "landuse": "greenhouse_horticulture",
        "@geometry": "center"
      },
      "geometry": {
        "type": "Point",
        "coordinates": [
          10.8859589,
          43.9123747
        ]
      },
      "id": "way/1280036308"
    },
    {
      "type": "Feature",
      "properties": {
        "@id": "way/1280561310",
        "building": "industrial",
        "name": "Agricoltura e Giardino",
        "shop": "garden_centre",
        "@geometry": "center"
      },
      "geometry": {
        "type": "Point",
        "coordinates": [
          11.1322259,
          43.3839354
        ]
      },
      "id": "way/1280561310"
    },
    {
      "type": "Feature",
      "properties": {
        "@id": "way/1280721319",
        "building": "greenhouse",
        "building:levels": "1",
        "landuse": "greenhouse_horticulture",
        "@geometry": "center"
      },
      "geometry": {
        "type": "Point",
        "coordinates": [
          10.9003564,
          43.9535016
        ]
      },
      "id": "way/1280721319"
    },
    {
      "type": "Feature",
      "properties": {
        "@id": "way/1282049254",
        "landuse": "plant_nursery",
        "@geometry": "center"
      },
      "geometry": {
        "type": "Point",
        "coordinates": [
          11.2547744,
          42.5554413
        ]
      },
      "id": "way/1282049254"
    },
    {
      "type": "Feature",
      "properties": {
        "@id": "way/1282049261",
        "landuse": "plant_nursery",
        "@geometry": "center"
      },
      "geometry": {
        "type": "Point",
        "coordinates": [
          11.2373601,
          42.553595
        ]
      },
      "id": "way/1282049261"
    },
    {
      "type": "Feature",
      "properties": {
        "@id": "way/1283447701",
        "addr:city": "Grosseto",
        "addr:country": "IT",
        "addr:place": "Località Mustiaio",
        "addr:postcode": "58100",
        "email": "e.lucherini@vivaioterrantica.it",
        "landuse": "plant_nursery",
        "name": "Vivaio Terrantica",
        "opening_hours": "Mo-Sa 07:30-17:30; Su,PH off",
        "website": "https://vivaioterrantica.it/",
        "@geometry": "center"
      },
      "geometry": {
        "type": "Point",
        "coordinates": [
          11.1207819,
          42.8389974
        ]
      },
      "id": "way/1283447701"
    },
    {
      "type": "Feature",
      "properties": {
        "@id": "way/1292479982",
        "landuse": "plant_nursery",
        "@geometry": "center"
      },
      "geometry": {
        "type": "Point",
        "coordinates": [
          10.8805325,
          43.9090441
        ]
      },
      "id": "way/1292479982"
    },
    {
      "type": "Feature",
      "properties": {
        "@id": "way/1292479983",
        "landuse": "plant_nursery",
        "@geometry": "center"
      },
      "geometry": {
        "type": "Point",
        "coordinates": [
          10.8785797,
          43.9101504
        ]
      },
      "id": "way/1292479983"
    },
    {
      "type": "Feature",
      "properties": {
        "@id": "way/1292479984",
        "landuse": "plant_nursery",
        "@geometry": "center"
      },
      "geometry": {
        "type": "Point",
        "coordinates": [
          10.8695796,
          43.9112296
        ]
      },
      "id": "way/1292479984"
    },
    {
      "type": "Feature",
      "properties": {
        "@id": "way/1309010766",
        "landuse": "plant_nursery",
        "@geometry": "center"
      },
      "geometry": {
        "type": "Point",
        "coordinates": [
          11.3028552,
          43.1746634
        ]
      },
      "id": "way/1309010766"
    },
    {
      "type": "Feature",
      "properties": {
        "@id": "way/1314260290",
        "landuse": "greenhouse_horticulture",
        "name": "Vivaio Forestale",
        "@geometry": "center"
      },
      "geometry": {
        "type": "Point",
        "coordinates": [
          11.6637878,
          43.0278812
        ]
      },
      "id": "way/1314260290"
    },
    {
      "type": "Feature",
      "properties": {
        "@id": "way/1323865057",
        "landuse": "plant_nursery",
        "name": "Vivai Piante Francesconi",
        "@geometry": "center"
      },
      "geometry": {
        "type": "Point",
        "coordinates": [
          10.4950216,
          43.8590598
        ]
      },
      "id": "way/1323865057"
    },
    {
      "type": "Feature",
      "properties": {
        "@id": "way/1329968775",
        "landuse": "plant_nursery",
        "@geometry": "center"
      },
      "geometry": {
        "type": "Point",
        "coordinates": [
          10.9447246,
          43.918735
        ]
      },
      "id": "way/1329968775"
    },
    {
      "type": "Feature",
      "properties": {
        "@id": "way/1342447071",
        "building": "greenhouse",
        "name": "Mascia Maria",
        "shop": "garden_centre",
        "@geometry": "center"
      },
      "geometry": {
        "type": "Point",
        "coordinates": [
          10.5575204,
          43.6705248
        ]
      },
      "id": "way/1342447071"
    },
    {
      "type": "Feature",
      "properties": {
        "@id": "way/1344845965",
        "addr:city": "Buonconvento",
        "addr:postcode": "53022",
        "addr:street": "Via dei Macelli",
        "landuse": "plant_nursery",
        "name": "L’orto del mi’ Zi’ Ardino",
        "phone": "+39 0577 806302",
        "plant": "flowers",
        "shop": "flower",
        "website": "https://www.lortodelmiziardino.com/",
        "@geometry": "center"
      },
      "geometry": {
        "type": "Point",
        "coordinates": [
          11.4870763,
          43.1417669
        ]
      },
      "id": "way/1344845965"
    },
    {
      "type": "Feature",
      "properties": {
        "@id": "way/1379089004",
        "landuse": "plant_nursery",
        "operator": "Vivai Rolando Innocenti & Figli",
        "website": "https://www.innocentirolando.com/",
        "@geometry": "center"
      },
      "geometry": {
        "type": "Point",
        "coordinates": [
          10.9857728,
          43.9130762
        ]
      },
      "id": "way/1379089004"
    },
    {
      "type": "Feature",
      "properties": {
        "@id": "way/1379099968",
        "addr:city": "Agliana",
        "addr:housenumber": "4",
        "addr:postcode": "51031",
        "addr:street": "Via Mazzanti",
        "email": "info@fabbripiante.com",
        "landuse": "plant_nursery",
        "name": "Vivai Fabbri Mauro e Moreno s.s",
        "operator": "Soc. Agricola Fabbri Mauro e Moreno s.s",
        "ref:vatin": "IT01134830478",
        "website": "https://www.fabbripiante.com/",
        "@geometry": "center"
      },
      "geometry": {
        "type": "Point",
        "coordinates": [
          10.9917625,
          43.9103449
        ]
      },
      "id": "way/1379099968"
    },
    {
      "type": "Feature",
      "properties": {
        "@id": "way/1379147752",
        "building": "yes",
        "landuse": "greenhouse_horticulture",
        "@geometry": "center"
      },
      "geometry": {
        "type": "Point",
        "coordinates": [
          10.5887909,
          43.5626138
        ]
      },
      "id": "way/1379147752"
    },
    {
      "type": "Feature",
      "properties": {
        "@id": "way/1379147753",
        "building": "yes",
        "landuse": "greenhouse_horticulture",
        "@geometry": "center"
      },
      "geometry": {
        "type": "Point",
        "coordinates": [
          10.5896884,
          43.562881
        ]
      },
      "id": "way/1379147753"
    },
    {
      "type": "Feature",
      "properties": {
        "@id": "way/1379147754",
        "building": "yes",
        "landuse": "greenhouse_horticulture",
        "@geometry": "center"
      },
      "geometry": {
        "type": "Point",
        "coordinates": [
          10.5904474,
          43.5629601
        ]
      },
      "id": "way/1379147754"
    },
    {
      "type": "Feature",
      "properties": {
        "@id": "way/1379176243",
        "landuse": "plant_nursery",
        "@geometry": "center"
      },
      "geometry": {
        "type": "Point",
        "coordinates": [
          10.9377034,
          43.9357095
        ]
      },
      "id": "way/1379176243"
    },
    {
      "type": "Feature",
      "properties": {
        "@id": "way/1380802283",
        "landuse": "plant_nursery",
        "@geometry": "center"
      },
      "geometry": {
        "type": "Point",
        "coordinates": [
          10.9980508,
          43.9095882
        ]
      },
      "id": "way/1380802283"
    },
    {
      "type": "Feature",
      "properties": {
        "@id": "way/1380802284",
        "landuse": "plant_nursery",
        "@geometry": "center"
      },
      "geometry": {
        "type": "Point",
        "coordinates": [
          10.9986267,
          43.9112822
        ]
      },
      "id": "way/1380802284"
    },
    {
      "type": "Feature",
      "properties": {
        "@id": "way/1380866419",
        "landuse": "plant_nursery",
        "@geometry": "center"
      },
      "geometry": {
        "type": "Point",
        "coordinates": [
          11.0118104,
          43.908668
        ]
      },
      "id": "way/1380866419"
    },
    {
      "type": "Feature",
      "properties": {
        "@id": "way/1380906275",
        "landuse": "plant_nursery",
        "@geometry": "center"
      },
      "geometry": {
        "type": "Point",
        "coordinates": [
          10.9925215,
          43.9049126
        ]
      },
      "id": "way/1380906275"
    },
    {
      "type": "Feature",
      "properties": {
        "@id": "way/1380906290",
        "landuse": "plant_nursery",
        "@geometry": "center"
      },
      "geometry": {
        "type": "Point",
        "coordinates": [
          10.9896137,
          43.9010111
        ]
      },
      "id": "way/1380906290"
    },
    {
      "type": "Feature",
      "properties": {
        "@id": "way/1380906292",
        "landuse": "plant_nursery",
        "@geometry": "center"
      },
      "geometry": {
        "type": "Point",
        "coordinates": [
          10.9895871,
          43.9058024
        ]
      },
      "id": "way/1380906292"
    },
    {
      "type": "Feature",
      "properties": {
        "@id": "way/1380918605",
        "landuse": "plant_nursery",
        "@geometry": "center"
      },
      "geometry": {
        "type": "Point",
        "coordinates": [
          10.9953051,
          43.9128304
        ]
      },
      "id": "way/1380918605"
    },
    {
      "type": "Feature",
      "properties": {
        "@id": "way/1380981775",
        "landuse": "plant_nursery",
        "@geometry": "center"
      },
      "geometry": {
        "type": "Point",
        "coordinates": [
          11.0030168,
          43.9126629
        ]
      },
      "id": "way/1380981775"
    },
    {
      "type": "Feature",
      "properties": {
        "@id": "way/1381073008",
        "landuse": "plant_nursery",
        "@geometry": "center"
      },
      "geometry": {
        "type": "Point",
        "coordinates": [
          11.0189303,
          43.9278831
        ]
      },
      "id": "way/1381073008"
    },
    {
      "type": "Feature",
      "properties": {
        "@id": "way/1381076173",
        "landuse": "plant_nursery",
        "@geometry": "center"
      },
      "geometry": {
        "type": "Point",
        "coordinates": [
          11.0150803,
          43.9257061
        ]
      },
      "id": "way/1381076173"
    },
    {
      "type": "Feature",
      "properties": {
        "@id": "way/1381076178",
        "landuse": "plant_nursery",
        "@geometry": "center"
      },
      "geometry": {
        "type": "Point",
        "coordinates": [
          11.0119176,
          43.927533
        ]
      },
      "id": "way/1381076178"
    },
    {
      "type": "Feature",
      "properties": {
        "@id": "way/1381181162",
        "building": "no",
        "landuse": "plant_nursery",
        "@geometry": "center"
      },
      "geometry": {
        "type": "Point",
        "coordinates": [
          10.956601,
          43.9169777
        ]
      },
      "id": "way/1381181162"
    },
    {
      "type": "Feature",
      "properties": {
        "@id": "way/1381181163",
        "landuse": "plant_nursery",
        "@geometry": "center"
      },
      "geometry": {
        "type": "Point",
        "coordinates": [
          10.9569929,
          43.9169421
        ]
      },
      "id": "way/1381181163"
    },
    {
      "type": "Feature",
      "properties": {
        "@id": "way/1381181165",
        "landuse": "plant_nursery",
        "@geometry": "center"
      },
      "geometry": {
        "type": "Point",
        "coordinates": [
          10.9555923,
          43.9171505
        ]
      },
      "id": "way/1381181165"
    },
    {
      "type": "Feature",
      "properties": {
        "@id": "way/1381181167",
        "building": "no",
        "landuse": "plant_nursery",
        "@geometry": "center"
      },
      "geometry": {
        "type": "Point",
        "coordinates": [
          10.9607152,
          43.9117201
        ]
      },
      "id": "way/1381181167"
    },
    {
      "type": "Feature",
      "properties": {
        "@id": "way/1381189755",
        "landuse": "plant_nursery",
        "@geometry": "center"
      },
      "geometry": {
        "type": "Point",
        "coordinates": [
          10.9622725,
          43.9119281
        ]
      },
      "id": "way/1381189755"
    },
    {
      "type": "Feature",
      "properties": {
        "@id": "way/1381189757",
        "landuse": "plant_nursery",
        "@geometry": "center"
      },
      "geometry": {
        "type": "Point",
        "coordinates": [
          10.9613247,
          43.913798
        ]
      },
      "id": "way/1381189757"
    },
    {
      "type": "Feature",
      "properties": {
        "@id": "way/1381189760",
        "landuse": "plant_nursery",
        "@geometry": "center"
      },
      "geometry": {
        "type": "Point",
        "coordinates": [
          10.9568478,
          43.9116851
        ]
      },
      "id": "way/1381189760"
    },
    {
      "type": "Feature",
      "properties": {
        "@id": "way/1381189761",
        "landuse": "plant_nursery",
        "@geometry": "center"
      },
      "geometry": {
        "type": "Point",
        "coordinates": [
          10.9532518,
          43.9161062
        ]
      },
      "id": "way/1381189761"
    },
    {
      "type": "Feature",
      "properties": {
        "@id": "way/1381189762",
        "landuse": "plant_nursery",
        "@geometry": "center"
      },
      "geometry": {
        "type": "Point",
        "coordinates": [
          10.9526926,
          43.9147518
        ]
      },
      "id": "way/1381189762"
    },
    {
      "type": "Feature",
      "properties": {
        "@id": "way/1381189765",
        "landuse": "plant_nursery",
        "@geometry": "center"
      },
      "geometry": {
        "type": "Point",
        "coordinates": [
          10.9538936,
          43.9166064
        ]
      },
      "id": "way/1381189765"
    },
    {
      "type": "Feature",
      "properties": {
        "@id": "way/1381216593",
        "landuse": "plant_nursery",
        "@geometry": "center"
      },
      "geometry": {
        "type": "Point",
        "coordinates": [
          10.9514366,
          43.9170306
        ]
      },
      "id": "way/1381216593"
    },
    {
      "type": "Feature",
      "properties": {
        "@id": "way/1381216606",
        "landuse": "plant_nursery",
        "@geometry": "center"
      },
      "geometry": {
        "type": "Point",
        "coordinates": [
          10.9770862,
          43.917125
        ]
      },
      "id": "way/1381216606"
    },
    {
      "type": "Feature",
      "properties": {
        "@id": "way/1381216607",
        "landuse": "plant_nursery",
        "plant": "palm",
        "@geometry": "center"
      },
      "geometry": {
        "type": "Point",
        "coordinates": [
          10.977529,
          43.9161654
        ]
      },
      "id": "way/1381216607"
    },
    {
      "type": "Feature",
      "properties": {
        "@id": "way/1381216613",
        "landuse": "plant_nursery",
        "@geometry": "center"
      },
      "geometry": {
        "type": "Point",
        "coordinates": [
          10.9758501,
          43.9171492
        ]
      },
      "id": "way/1381216613"
    },
    {
      "type": "Feature",
      "properties": {
        "@id": "way/1381216619",
        "landuse": "plant_nursery",
        "@geometry": "center"
      },
      "geometry": {
        "type": "Point",
        "coordinates": [
          10.9748063,
          43.9171651
        ]
      },
      "id": "way/1381216619"
    },
    {
      "type": "Feature",
      "properties": {
        "@id": "way/1381216628",
        "landuse": "plant_nursery",
        "@geometry": "center"
      },
      "geometry": {
        "type": "Point",
        "coordinates": [
          10.9698719,
          43.9177002
        ]
      },
      "id": "way/1381216628"
    },
    {
      "type": "Feature",
      "properties": {
        "@id": "way/1381216637",
        "landuse": "plant_nursery",
        "@geometry": "center"
      },
      "geometry": {
        "type": "Point",
        "coordinates": [
          10.9734035,
          43.9169401
        ]
      },
      "id": "way/1381216637"
    },
    {
      "type": "Feature",
      "properties": {
        "@id": "way/1381228288",
        "landuse": "plant_nursery",
        "@geometry": "center"
      },
      "geometry": {
        "type": "Point",
        "coordinates": [
          10.9718446,
          43.9169562
        ]
      },
      "id": "way/1381228288"
    },
    {
      "type": "Feature",
      "properties": {
        "@id": "way/1381232343",
        "landuse": "plant_nursery",
        "@geometry": "center"
      },
      "geometry": {
        "type": "Point",
        "coordinates": [
          10.9773036,
          43.9081478
        ]
      },
      "id": "way/1381232343"
    },
    {
      "type": "Feature",
      "properties": {
        "@id": "way/1381248163",
        "landuse": "plant_nursery",
        "@geometry": "center"
      },
      "geometry": {
        "type": "Point",
        "coordinates": [
          10.9754587,
          43.9087963
        ]
      },
      "id": "way/1381248163"
    },
    {
      "type": "Feature",
      "properties": {
        "@id": "way/1381248166",
        "landuse": "plant_nursery",
        "@geometry": "center"
      },
      "geometry": {
        "type": "Point",
        "coordinates": [
          10.9754303,
          43.9078324
        ]
      },
      "id": "way/1381248166"
    },
    {
      "type": "Feature",
      "properties": {
        "@id": "way/1381336681",
        "landuse": "plant_nursery",
        "@geometry": "center"
      },
      "geometry": {
        "type": "Point",
        "coordinates": [
          11.0044193,
          43.8937994
        ]
      },
      "id": "way/1381336681"
    },
    {
      "type": "Feature",
      "properties": {
        "@id": "way/1381526603",
        "landuse": "plant_nursery",
        "@geometry": "center"
      },
      "geometry": {
        "type": "Point",
        "coordinates": [
          10.9996613,
          43.8970968
        ]
      },
      "id": "way/1381526603"
    },
    {
      "type": "Feature",
      "properties": {
        "@id": "way/1382738358",
        "landuse": "plant_nursery",
        "@geometry": "center"
      },
      "geometry": {
        "type": "Point",
        "coordinates": [
          10.9892363,
          43.9189796
        ]
      },
      "id": "way/1382738358"
    },
    {
      "type": "Feature",
      "properties": {
        "@id": "way/1382742217",
        "landuse": "plant_nursery",
        "@geometry": "center"
      },
      "geometry": {
        "type": "Point",
        "coordinates": [
          10.9831654,
          43.9158757
        ]
      },
      "id": "way/1382742217"
    },
    {
      "type": "Feature",
      "properties": {
        "@id": "way/1382742220",
        "landuse": "plant_nursery",
        "@geometry": "center"
      },
      "geometry": {
        "type": "Point",
        "coordinates": [
          10.988895,
          43.9159834
        ]
      },
      "id": "way/1382742220"
    },
    {
      "type": "Feature",
      "properties": {
        "@id": "way/1382744424",
        "landuse": "plant_nursery",
        "@geometry": "center"
      },
      "geometry": {
        "type": "Point",
        "coordinates": [
          10.9850438,
          43.9206138
        ]
      },
      "id": "way/1382744424"
    },
    {
      "type": "Feature",
      "properties": {
        "@id": "way/1382749359",
        "landuse": "plant_nursery",
        "@geometry": "center"
      },
      "geometry": {
        "type": "Point",
        "coordinates": [
          10.9849875,
          43.9200034
        ]
      },
      "id": "way/1382749359"
    },
    {
      "type": "Feature",
      "properties": {
        "@id": "way/1382749361",
        "landuse": "plant_nursery",
        "@geometry": "center"
      },
      "geometry": {
        "type": "Point",
        "coordinates": [
          10.9839171,
          43.9192658
        ]
      },
      "id": "way/1382749361"
    },
    {
      "type": "Feature",
      "properties": {
        "@id": "way/1382749364",
        "landuse": "plant_nursery",
        "@geometry": "center"
      },
      "geometry": {
        "type": "Point",
        "coordinates": [
          10.9841682,
          43.9191808
        ]
      },
      "id": "way/1382749364"
    },
    {
      "type": "Feature",
      "properties": {
        "@id": "way/1382749365",
        "landuse": "plant_nursery",
        "@geometry": "center"
      },
      "geometry": {
        "type": "Point",
        "coordinates": [
          10.9838373,
          43.9183765
        ]
      },
      "id": "way/1382749365"
    },
    {
      "type": "Feature",
      "properties": {
        "@id": "way/1382757995",
        "landuse": "plant_nursery",
        "@geometry": "center"
      },
      "geometry": {
        "type": "Point",
        "coordinates": [
          10.9370879,
          43.9338486
        ]
      },
      "id": "way/1382757995"
    },
    {
      "type": "Feature",
      "properties": {
        "@id": "way/1387635962",
        "landuse": "plant_nursery",
        "@geometry": "center"
      },
      "geometry": {
        "type": "Point",
        "coordinates": [
          11.018167,
          43.8872179
        ]
      },
      "id": "way/1387635962"
    },
    {
      "type": "Feature",
      "properties": {
        "@id": "way/1388501289",
        "landuse": "plant_nursery",
        "@geometry": "center"
      },
      "geometry": {
        "type": "Point",
        "coordinates": [
          10.8943548,
          43.9353071
        ]
      },
      "id": "way/1388501289"
    },
    {
      "type": "Feature",
      "properties": {
        "@id": "way/1388501290",
        "landuse": "plant_nursery",
        "@geometry": "center"
      },
      "geometry": {
        "type": "Point",
        "coordinates": [
          10.8959025,
          43.9336411
        ]
      },
      "id": "way/1388501290"
    },
    {
      "type": "Feature",
      "properties": {
        "@id": "way/1390821076",
        "landuse": "plant_nursery",
        "@geometry": "center"
      },
      "geometry": {
        "type": "Point",
        "coordinates": [
          10.9263915,
          43.920299
        ]
      },
      "id": "way/1390821076"
    },
    {
      "type": "Feature",
      "properties": {
        "@id": "way/1394023624",
        "landuse": "plant_nursery",
        "@geometry": "center"
      },
      "geometry": {
        "type": "Point",
        "coordinates": [
          10.9467312,
          43.9277268
        ]
      },
      "id": "way/1394023624"
    },
    {
      "type": "Feature",
      "properties": {
        "@id": "way/1411620937",
        "addr:city": "Pistoia",
        "addr:housenumber": "38",
        "addr:postcode": "51100",
        "addr:street": "Via del Malallevo",
        "building": "no",
        "email": "info@righettipiante.it",
        "name": "Righetti Piante",
        "phone": "+39 0573 544073",
        "shop": "garden_centre",
        "website": "https://www.righettipiante.com/",
        "@geometry": "center"
      },
      "geometry": {
        "type": "Point",
        "coordinates": [
          10.9557289,
          43.8985147
        ]
      },
      "id": "way/1411620937"
    },
    {
      "type": "Feature",
      "properties": {
        "@id": "way/1411620941",
        "building": "no",
        "shop": "garden_centre",
        "@geometry": "center"
      },
      "geometry": {
        "type": "Point",
        "coordinates": [
          10.9658973,
          43.8800883
        ]
      },
      "id": "way/1411620941"
    },
    {
      "type": "Feature",
      "properties": {
        "@id": "way/1422928997",
        "landuse": "plant_nursery",
        "@geometry": "center"
      },
      "geometry": {
        "type": "Point",
        "coordinates": [
          11.018978,
          43.8903088
        ]
      },
      "id": "way/1422928997"
    },
    {
      "type": "Feature",
      "properties": {
        "@id": "way/1423003962",
        "landuse": "plant_nursery",
        "@geometry": "center"
      },
      "geometry": {
        "type": "Point",
        "coordinates": [
          11.0131495,
          43.8979562
        ]
      },
      "id": "way/1423003962"
    },
    {
      "type": "Feature",
      "properties": {
        "@id": "way/1423054602",
        "landuse": "plant_nursery",
        "@geometry": "center"
      },
      "geometry": {
        "type": "Point",
        "coordinates": [
          11.0235205,
          43.9155834
        ]
      },
      "id": "way/1423054602"
    },
    {
      "type": "Feature",
      "properties": {
        "@id": "way/1424821908",
        "landuse": "plant_nursery",
        "@geometry": "center"
      },
      "geometry": {
        "type": "Point",
        "coordinates": [
          10.9584102,
          43.918969
        ]
      },
      "id": "way/1424821908"
    },
    {
      "type": "Feature",
      "properties": {
        "@id": "way/1424821909",
        "landuse": "plant_nursery",
        "@geometry": "center"
      },
      "geometry": {
        "type": "Point",
        "coordinates": [
          10.957298,
          43.9188287
        ]
      },
      "id": "way/1424821909"
    },
    {
      "type": "Feature",
      "properties": {
        "@id": "way/1424821911",
        "landuse": "plant_nursery",
        "@geometry": "center"
      },
      "geometry": {
        "type": "Point",
        "coordinates": [
          10.9639456,
          43.918322
        ]
      },
      "id": "way/1424821911"
    },
    {
      "type": "Feature",
      "properties": {
        "@id": "way/1431580040",
        "landuse": "greenhouse_horticulture",
        "@geometry": "center"
      },
      "geometry": {
        "type": "Point",
        "coordinates": [
          11.9199715,
          43.3264264
        ]
      },
      "id": "way/1431580040"
    },
    {
      "type": "Feature",
      "properties": {
        "@id": "way/1431580041",
        "landuse": "greenhouse_horticulture",
        "@geometry": "center"
      },
      "geometry": {
        "type": "Point",
        "coordinates": [
          11.9200821,
          43.3264643
        ]
      },
      "id": "way/1431580041"
    },
    {
      "type": "Feature",
      "properties": {
        "@id": "way/1435163660",
        "landuse": "plant_nursery",
        "@geometry": "center"
      },
      "geometry": {
        "type": "Point",
        "coordinates": [
          10.9796358,
          43.8846093
        ]
      },
      "id": "way/1435163660"
    },
    {
      "type": "Feature",
      "properties": {
        "@id": "way/1435163662",
        "landuse": "plant_nursery",
        "@geometry": "center"
      },
      "geometry": {
        "type": "Point",
        "coordinates": [
          10.9839038,
          43.8853219
        ]
      },
      "id": "way/1435163662"
    },
    {
      "type": "Feature",
      "properties": {
        "@id": "way/1435163665",
        "landuse": "plant_nursery",
        "@geometry": "center"
      },
      "geometry": {
        "type": "Point",
        "coordinates": [
          10.9830837,
          43.8867652
        ]
      },
      "id": "way/1435163665"
    },
    {
      "type": "Feature",
      "properties": {
        "@id": "way/1435163668",
        "landuse": "plant_nursery",
        "@geometry": "center"
      },
      "geometry": {
        "type": "Point",
        "coordinates": [
          10.9810688,
          43.8827771
        ]
      },
      "id": "way/1435163668"
    },
    {
      "type": "Feature",
      "properties": {
        "@id": "way/1435163674",
        "landuse": "plant_nursery",
        "@geometry": "center"
      },
      "geometry": {
        "type": "Point",
        "coordinates": [
          10.9827359,
          43.8791598
        ]
      },
      "id": "way/1435163674"
    },
    {
      "type": "Feature",
      "properties": {
        "@id": "way/1435163689",
        "landuse": "plant_nursery",
        "@geometry": "center"
      },
      "geometry": {
        "type": "Point",
        "coordinates": [
          10.9674828,
          43.8790047
        ]
      },
      "id": "way/1435163689"
    },
    {
      "type": "Feature",
      "properties": {
        "@id": "way/1435163691",
        "landuse": "plant_nursery",
        "@geometry": "center"
      },
      "geometry": {
        "type": "Point",
        "coordinates": [
          10.9725978,
          43.8772522
        ]
      },
      "id": "way/1435163691"
    },
    {
      "type": "Feature",
      "properties": {
        "@id": "way/1435171066",
        "landuse": "plant_nursery",
        "@geometry": "center"
      },
      "geometry": {
        "type": "Point",
        "coordinates": [
          10.9753789,
          43.8759333
        ]
      },
      "id": "way/1435171066"
    },
    {
      "type": "Feature",
      "properties": {
        "@id": "way/1435188734",
        "landuse": "plant_nursery",
        "@geometry": "center"
      },
      "geometry": {
        "type": "Point",
        "coordinates": [
          10.975375,
          43.8772206
        ]
      },
      "id": "way/1435188734"
    },
    {
      "type": "Feature",
      "properties": {
        "@id": "way/1435192076",
        "landuse": "plant_nursery",
        "@geometry": "center"
      },
      "geometry": {
        "type": "Point",
        "coordinates": [
          10.999942,
          43.8798385
        ]
      },
      "id": "way/1435192076"
    },
    {
      "type": "Feature",
      "properties": {
        "@id": "way/1435194084",
        "landuse": "plant_nursery",
        "@geometry": "center"
      },
      "geometry": {
        "type": "Point",
        "coordinates": [
          10.9524563,
          43.9119838
        ]
      },
      "id": "way/1435194084"
    },
    {
      "type": "Feature",
      "properties": {
        "@id": "way/1435194085",
        "landuse": "plant_nursery",
        "@geometry": "center"
      },
      "geometry": {
        "type": "Point",
        "coordinates": [
          10.9528354,
          43.9123551
        ]
      },
      "id": "way/1435194085"
    },
    {
      "type": "Feature",
      "properties": {
        "@id": "way/1435194086",
        "landuse": "plant_nursery",
        "@geometry": "center"
      },
      "geometry": {
        "type": "Point",
        "coordinates": [
          10.9532004,
          43.9123034
        ]
      },
      "id": "way/1435194086"
    },
    {
      "type": "Feature",
      "properties": {
        "@id": "way/1435533354",
        "landuse": "plant_nursery",
        "@geometry": "center"
      },
      "geometry": {
        "type": "Point",
        "coordinates": [
          10.9620799,
          43.9104053
        ]
      },
      "id": "way/1435533354"
    },
    {
      "type": "Feature",
      "properties": {
        "@id": "way/1435533359",
        "landuse": "plant_nursery",
        "@geometry": "center"
      },
      "geometry": {
        "type": "Point",
        "coordinates": [
          10.9604759,
          43.9104615
        ]
      },
      "id": "way/1435533359"
    },
    {
      "type": "Feature",
      "properties": {
        "@id": "way/1435659569",
        "landuse": "plant_nursery",
        "@geometry": "center"
      },
      "geometry": {
        "type": "Point",
        "coordinates": [
          10.9926928,
          43.8614338
        ]
      },
      "id": "way/1435659569"
    },
    {
      "type": "Feature",
      "properties": {
        "@id": "way/1435659572",
        "landuse": "plant_nursery",
        "@geometry": "center"
      },
      "geometry": {
        "type": "Point",
        "coordinates": [
          10.9948699,
          43.8618441
        ]
      },
      "id": "way/1435659572"
    },
    {
      "type": "Feature",
      "properties": {
        "@id": "way/1443471339",
        "landuse": "greenhouse_horticulture",
        "@geometry": "center"
      },
      "geometry": {
        "type": "Point",
        "coordinates": [
          11.0001692,
          42.9523254
        ]
      },
      "id": "way/1443471339"
    },
    {
      "type": "Feature",
      "properties": {
        "@id": "way/1443471340",
        "landuse": "greenhouse_horticulture",
        "@geometry": "center"
      },
      "geometry": {
        "type": "Point",
        "coordinates": [
          11.0004196,
          42.9525058
        ]
      },
      "id": "way/1443471340"
    },
    {
      "type": "Feature",
      "properties": {
        "@id": "way/1453886582",
        "landuse": "plant_nursery",
        "@geometry": "center"
      },
      "geometry": {
        "type": "Point",
        "coordinates": [
          10.9909656,
          43.8910388
        ]
      },
      "id": "way/1453886582"
    },
    {
      "type": "Feature",
      "properties": {
        "@id": "way/1453886590",
        "landuse": "plant_nursery",
        "@geometry": "center"
      },
      "geometry": {
        "type": "Point",
        "coordinates": [
          10.990128,
          43.892336
        ]
      },
      "id": "way/1453886590"
    },
    {
      "type": "Feature",
      "properties": {
        "@id": "way/1453886591",
        "landuse": "plant_nursery",
        "@geometry": "center"
      },
      "geometry": {
        "type": "Point",
        "coordinates": [
          10.9904379,
          43.8916356
        ]
      },
      "id": "way/1453886591"
    },
    {
      "type": "Feature",
      "properties": {
        "@id": "way/1453955268",
        "landuse": "plant_nursery",
        "@geometry": "center"
      },
      "geometry": {
        "type": "Point",
        "coordinates": [
          11.0134007,
          43.8759377
        ]
      },
      "id": "way/1453955268"
    },
    {
      "type": "Feature",
      "properties": {
        "@id": "node/1545686169",
        "addr:city": "Prato",
        "addr:housenumber": "50",
        "addr:postcode": "59100",
        "addr:street": "Via Galileo Ferraris",
        "name": "Agri Tasselli",
        "shop": "garden_centre"
      },
      "geometry": {
        "type": "Point",
        "coordinates": [
          11.0993623,
          43.8602021
        ]
      },
      "id": "node/1545686169"
    },
    {
      "type": "Feature",
      "properties": {
        "@id": "node/1583930835",
        "name": "Micromega",
        "shop": "garden_centre"
      },
      "geometry": {
        "type": "Point",
        "coordinates": [
          10.849211,
          44.0527875
        ]
      },
      "id": "node/1583930835"
    },
    {
      "type": "Feature",
      "properties": {
        "@id": "node/1686029243",
        "name": "Mariottini Garden",
        "shop": "garden_centre"
      },
      "geometry": {
        "type": "Point",
        "coordinates": [
          12.1499016,
          43.5662449
        ]
      },
      "id": "node/1686029243"
    },
    {
      "type": "Feature",
      "properties": {
        "@id": "node/1920767825",
        "name": "Ivano Gardening",
        "shop": "garden_centre"
      },
      "geometry": {
        "type": "Point",
        "coordinates": [
          10.3232345,
          43.8786733
        ]
      },
      "id": "node/1920767825"
    },
    {
      "type": "Feature",
      "properties": {
        "@id": "node/1931312799",
        "shop": "garden_centre"
      },
      "geometry": {
        "type": "Point",
        "coordinates": [
          11.8667803,
          43.4515363
        ]
      },
      "id": "node/1931312799"
    },
    {
      "type": "Feature",
      "properties": {
        "@id": "node/1938471756",
        "shop": "garden_centre"
      },
      "geometry": {
        "type": "Point",
        "coordinates": [
          11.4061153,
          43.781799
        ]
      },
      "id": "node/1938471756"
    },
    {
      "type": "Feature",
      "properties": {
        "@id": "node/1985566548",
        "name": "Sargentini & Figli",
        "shop": "garden_centre"
      },
      "geometry": {
        "type": "Point",
        "coordinates": [
          10.3539947,
          43.8559378
        ]
      },
      "id": "node/1985566548"
    },
    {
      "type": "Feature",
      "properties": {
        "@id": "node/1986184037",
        "name": "Agraria",
        "shop": "garden_centre"
      },
      "geometry": {
        "type": "Point",
        "coordinates": [
          10.362402,
          43.8512877
        ]
      },
      "id": "node/1986184037"
    },
    {
      "type": "Feature",
      "properties": {
        "@id": "node/1986639172",
        "name": "Agraria Albiani",
        "shop": "garden_centre"
      },
      "geometry": {
        "type": "Point",
        "coordinates": [
          10.319215,
          43.8811882
        ]
      },
      "id": "node/1986639172"
    },
    {
      "type": "Feature",
      "properties": {
        "@id": "node/1997884013",
        "name": "Agraria Ferramenta",
        "shop": "garden_centre"
      },
      "geometry": {
        "type": "Point",
        "coordinates": [
          10.3180955,
          43.8983975
        ]
      },
      "id": "node/1997884013"
    },
    {
      "type": "Feature",
      "properties": {
        "@id": "node/2006205779",
        "addr:city": "Prato",
        "addr:housenumber": "23",
        "addr:postcode": "59100",
        "addr:street": "Via Don Giuseppe Arcangeli",
        "name": "Agraria Pratese",
        "shop": "garden_centre"
      },
      "geometry": {
        "type": "Point",
        "coordinates": [
          11.0952712,
          43.8745927
        ]
      },
      "id": "node/2006205779"
    },
    {
      "type": "Feature",
      "properties": {
        "@id": "node/2025242267",
        "name": "Agraria Cortopassi s.a.s.",
        "shop": "garden_centre"
      },
      "geometry": {
        "type": "Point",
        "coordinates": [
          10.2921004,
          43.8935997
        ]
      },
      "id": "node/2025242267"
    },
    {
      "type": "Feature",
      "properties": {
        "@id": "node/2036261061",
        "name": "Agraria Pardini",
        "shop": "garden_centre"
      },
      "geometry": {
        "type": "Point",
        "coordinates": [
          10.2748265,
          43.9091317
        ]
      },
      "id": "node/2036261061"
    },
    {
      "type": "Feature",
      "properties": {
        "@id": "node/2090312932",
        "addr:city": "Massa e Cozzile",
        "addr:postcode": "51010",
        "name": "Garden Pedicino",
        "shop": "garden_centre",
        "wheelchair": "yes"
      },
      "geometry": {
        "type": "Point",
        "coordinates": [
          10.764303,
          43.8595173
        ]
      },
      "id": "node/2090312932"
    },
    {
      "type": "Feature",
      "properties": {
        "@id": "node/2187900772",
        "addr:housenumber": "579",
        "addr:street": "Via di Salviano",
        "contact:phone": "+39 0586 850317",
        "name": "Agraria Prisma",
        "ref:vatin": "IT00960660496",
        "shop": "garden_centre"
      },
      "geometry": {
        "type": "Point",
        "coordinates": [
          10.3425951,
          43.5326728
        ]
      },
      "id": "node/2187900772"
    },
    {
      "type": "Feature",
      "properties": {
        "@id": "node/2236866194",
        "name": "Idee Verdi",
        "opening_hours": "Mo-Sa 09:00-12:00,15:30-19:00",
        "shop": "garden_centre"
      },
      "geometry": {
        "type": "Point",
        "coordinates": [
          10.1909195,
          42.7981049
        ]
      },
      "id": "node/2236866194"
    },
    {
      "type": "Feature",
      "properties": {
        "@id": "node/2241549125",
        "shop": "garden_centre"
      },
      "geometry": {
        "type": "Point",
        "coordinates": [
          11.4838092,
          43.6264786
        ]
      },
      "id": "node/2241549125"
    },
    {
      "type": "Feature",
      "properties": {
        "@id": "node/2249417443",
        "name": "Il Pruno",
        "phone:mobile": "+39 335 6555327",
        "shop": "garden_centre",
        "website": "https://ilpruno.net/"
      },
      "geometry": {
        "type": "Point",
        "coordinates": [
          10.4290988,
          43.7703233
        ]
      },
      "id": "node/2249417443"
    },
    {
      "type": "Feature",
      "properties": {
        "@id": "node/2427377048",
        "shop": "garden_centre"
      },
      "geometry": {
        "type": "Point",
        "coordinates": [
          12.0794182,
          43.5509365
        ]
      },
      "id": "node/2427377048"
    },
    {
      "type": "Feature",
      "properties": {
        "@id": "node/2650351269",
        "addr:street": "Via Dogaia",
        "name": "Vannucci Piante",
        "shop": "garden_centre",
        "website": "https://www.vannuccipiante.it/"
      },
      "geometry": {
        "type": "Point",
        "coordinates": [
          10.9464208,
          43.8783612
        ]
      },
      "id": "node/2650351269"
    },
    {
      "type": "Feature",
      "properties": {
        "@id": "node/2727435266",
        "name": "Luigi Mati Piante",
        "shop": "garden_centre"
      },
      "geometry": {
        "type": "Point",
        "coordinates": [
          10.8963765,
          43.9021947
        ]
      },
      "id": "node/2727435266"
    },
    {
      "type": "Feature",
      "properties": {
        "@id": "node/2727435271",
        "name": "Vivai Cappellini Rossano",
        "shop": "garden_centre",
        "website": "https://www.vivaicappellini.com/"
      },
      "geometry": {
        "type": "Point",
        "coordinates": [
          10.9021515,
          43.9111541
        ]
      },
      "id": "node/2727435271"
    },
    {
      "type": "Feature",
      "properties": {
        "@id": "node/2727435275",
        "name": "Galardi Vivai Piante",
        "shop": "garden_centre",
        "website": "http://www.galardipiante.it/index.html"
      },
      "geometry": {
        "type": "Point",
        "coordinates": [
          10.9006299,
          43.9096997
        ]
      },
      "id": "node/2727435275"
    },
    {
      "type": "Feature",
      "properties": {
        "@id": "node/2731463912",
        "name": "Esse Piante",
        "shop": "garden_centre",
        "website": "http://www.carobbipiante.it/"
      },
      "geometry": {
        "type": "Point",
        "coordinates": [
          10.9034132,
          43.9143641
        ]
      },
      "id": "node/2731463912"
    },
    {
      "type": "Feature",
      "properties": {
        "@id": "node/2733281731",
        "name": "Baldacci Vivai",
        "shop": "garden_centre",
        "website": "https://www.baldaccivivai.it/"
      },
      "geometry": {
        "type": "Point",
        "coordinates": [
          10.9072141,
          43.9026638
        ]
      },
      "id": "node/2733281731"
    },
    {
      "type": "Feature",
      "properties": {
        "@id": "node/2733281737",
        "addr:housenumber": "41",
        "addr:street": "Via dei Pardi",
        "name": "Giacomelli Piante",
        "shop": "garden_centre",
        "website": "https://giacomellipiante.it/"
      },
      "geometry": {
        "type": "Point",
        "coordinates": [
          10.9106092,
          43.9105481
        ]
      },
      "id": "node/2733281737"
    },
    {
      "type": "Feature",
      "properties": {
        "@id": "node/2734356259",
        "addr:housenumber": "4",
        "addr:street": "Via Traversa del Pillone",
        "email": "pointimport@pointvert.ch",
        "name": "Point Import",
        "shop": "garden_centre",
        "website": "https://www.pointvert.ch/"
      },
      "geometry": {
        "type": "Point",
        "coordinates": [
          10.8962338,
          43.9044372
        ]
      },
      "id": "node/2734356259"
    },
    {
      "type": "Feature",
      "properties": {
        "@id": "node/2734409280",
        "name": "Vivai Breschi Franco",
        "shop": "garden_centre",
        "website": "https://breschivivai.it/home.php?lingua=it&id_menu=272"
      },
      "geometry": {
        "type": "Point",
        "coordinates": [
          10.9082367,
          43.8997939
        ]
      },
      "id": "node/2734409280"
    },
    {
      "type": "Feature",
      "properties": {
        "@id": "node/2739267540",
        "name": "Giardini Toscani",
        "shop": "garden_centre"
      },
      "geometry": {
        "type": "Point",
        "coordinates": [
          10.6024543,
          43.633615
        ]
      },
      "id": "node/2739267540"
    },
    {
      "type": "Feature",
      "properties": {
        "@id": "node/2773325276",
        "contact:website": "http://www.biogardening.it/",
        "name": "MCK Biogardening",
        "shop": "garden_centre"
      },
      "geometry": {
        "type": "Point",
        "coordinates": [
          10.3381416,
          43.5632457
        ]
      },
      "id": "node/2773325276"
    },
    {
      "type": "Feature",
      "properties": {
        "@id": "node/2784453967",
        "name": "Niccolini",
        "shop": "garden_centre"
      },
      "geometry": {
        "type": "Point",
        "coordinates": [
          10.8910878,
          43.8983598
        ]
      },
      "id": "node/2784453967"
    },
    {
      "type": "Feature",
      "properties": {
        "@id": "node/2898055147",
        "addr:city": "Follonica",
        "addr:country": "IT",
        "addr:postcode": "58022",
        "addr:street": "Via Giacomo Leopardi",
        "name": "Vivaio Il Tulipano",
        "shop": "garden_centre"
      },
      "geometry": {
        "type": "Point",
        "coordinates": [
          10.7619283,
          42.9323608
        ]
      },
      "id": "node/2898055147"
    },
    {
      "type": "Feature",
      "properties": {
        "@id": "node/2975938958",
        "name": "L'Agraria",
        "shop": "garden_centre"
      },
      "geometry": {
        "type": "Point",
        "coordinates": [
          10.4549798,
          44.0601471
        ]
      },
      "id": "node/2975938958"
    },
    {
      "type": "Feature",
      "properties": {
        "@id": "node/3051665201",
        "name": "Piante Poli Roberto",
        "shop": "garden_centre"
      },
      "geometry": {
        "type": "Point",
        "coordinates": [
          10.9060546,
          43.9126685
        ]
      },
      "id": "node/3051665201"
    },
    {
      "type": "Feature",
      "properties": {
        "@id": "node/3051901517",
        "name": "Vivai Innocenti",
        "shop": "garden_centre"
      },
      "geometry": {
        "type": "Point",
        "coordinates": [
          10.8962164,
          43.9166808
        ]
      },
      "id": "node/3051901517"
    },
    {
      "type": "Feature",
      "properties": {
        "@id": "node/3051901518",
        "addr:housenumber": "35",
        "addr:street": "Via San Pantaleo",
        "name": "Luchetti Piante",
        "shop": "garden_centre",
        "website": "http://www.luchettipiante.it/index.php"
      },
      "geometry": {
        "type": "Point",
        "coordinates": [
          10.8984906,
          43.9158787
        ]
      },
      "id": "node/3051901518"
    },
    {
      "type": "Feature",
      "properties": {
        "@id": "node/3051904259",
        "addr:housenumber": "9",
        "addr:street": "Via San Pantaleo",
        "name": "Gori Franco Vivaio Piante",
        "shop": "garden_centre"
      },
      "geometry": {
        "type": "Point",
        "coordinates": [
          10.8941339,
          43.91847
        ]
      },
      "id": "node/3051904259"
    },
    {
      "type": "Feature",
      "properties": {
        "@id": "node/3052643479",
        "name": "Fusciani",
        "shop": "garden_centre"
      },
      "geometry": {
        "type": "Point",
        "coordinates": [
          10.8967006,
          43.9158587
        ]
      },
      "id": "node/3052643479"
    },
    {
      "type": "Feature",
      "properties": {
        "@id": "node/3052664630",
        "addr:housenumber": "154",
        "addr:street": "Via di Bargi",
        "name": "Scarpellini",
        "shop": "garden_centre"
      },
      "geometry": {
        "type": "Point",
        "coordinates": [
          10.8880831,
          43.9115367
        ]
      },
      "id": "node/3052664630"
    },
    {
      "type": "Feature",
      "properties": {
        "@id": "node/3058130886",
        "addr:housenumber": "68",
        "addr:street": "Via Bonellina",
        "name": "Piante Mati",
        "shop": "garden_centre",
        "website": "http://www.piantemati.it/"
      },
      "geometry": {
        "type": "Point",
        "coordinates": [
          10.9185676,
          43.9204918
        ]
      },
      "id": "node/3058130886"
    },
    {
      "type": "Feature",
      "properties": {
        "@id": "node/3071927985",
        "name": "Gori Anna",
        "shop": "garden_centre"
      },
      "geometry": {
        "type": "Point",
        "coordinates": [
          10.8987019,
          43.9042858
        ]
      },
      "id": "node/3071927985"
    },
    {
      "type": "Feature",
      "properties": {
        "@id": "node/3071928356",
        "name": "Azienda agricola Arcangeli Gino di Genovesi Giovanni",
        "shop": "garden_centre"
      },
      "geometry": {
        "type": "Point",
        "coordinates": [
          10.9003288,
          43.9044682
        ]
      },
      "id": "node/3071928356"
    },
    {
      "type": "Feature",
      "properties": {
        "@id": "node/3071928357",
        "name": "Vivai piante fratelli Pagliai",
        "shop": "garden_centre"
      },
      "geometry": {
        "type": "Point",
        "coordinates": [
          10.9009684,
          43.9079113
        ]
      },
      "id": "node/3071928357"
    },
    {
      "type": "Feature",
      "properties": {
        "@id": "node/3071928358",
        "name": "Cappellini Graziano vivai e piante",
        "shop": "garden_centre"
      },
      "geometry": {
        "type": "Point",
        "coordinates": [
          10.901197,
          43.9074659
        ]
      },
      "id": "node/3071928358"
    },
    {
      "type": "Feature",
      "properties": {
        "@id": "node/3074038378",
        "name": "Vivaio Agostini Stefano",
        "shop": "garden_centre"
      },
      "geometry": {
        "type": "Point",
        "coordinates": [
          10.9016539,
          43.9095591
        ]
      },
      "id": "node/3074038378"
    },
    {
      "type": "Feature",
      "properties": {
        "@id": "node/3074051794",
        "name": "Silvano Piante",
        "shop": "garden_centre"
      },
      "geometry": {
        "type": "Point",
        "coordinates": [
          10.908063,
          43.9121376
        ]
      },
      "id": "node/3074051794"
    },
    {
      "type": "Feature",
      "properties": {
        "@id": "node/3107513294",
        "name": "L'Orto Amico",
        "shop": "garden_centre",
        "wheelchair": "yes"
      },
      "geometry": {
        "type": "Point",
        "coordinates": [
          10.5049009,
          44.0316224
        ]
      },
      "id": "node/3107513294"
    },
    {
      "type": "Feature",
      "properties": {
        "@id": "node/3139716147",
        "shop": "garden_centre"
      },
      "geometry": {
        "type": "Point",
        "coordinates": [
          10.9177663,
          43.8870749
        ]
      },
      "id": "node/3139716147"
    },
    {
      "type": "Feature",
      "properties": {
        "@id": "node/3142691151",
        "name": "Vivai Piante Trinci Ivan",
        "shop": "garden_centre",
        "website": "http://www.trincivivai.com/"
      },
      "geometry": {
        "type": "Point",
        "coordinates": [
          10.9042734,
          43.9043775
        ]
      },
      "id": "node/3142691151"
    },
    {
      "type": "Feature",
      "properties": {
        "@id": "node/3620095347",
        "addr:housenumber": "16",
        "addr:street": "Via Pantano",
        "name": "Cappellini Carlo",
        "shop": "garden_centre"
      },
      "geometry": {
        "type": "Point",
        "coordinates": [
          10.9075029,
          43.8896923
        ]
      },
      "id": "node/3620095347"
    },
    {
      "type": "Feature",
      "properties": {
        "@id": "node/3677359832",
        "addr:housenumber": "64",
        "addr:street": "Via dello Scannerino",
        "name": "Vivai Piante Ghelli Mario",
        "shop": "garden_centre",
        "website": "http://www.vivaighelli.it/"
      },
      "geometry": {
        "type": "Point",
        "coordinates": [
          10.9129318,
          43.9130834
        ]
      },
      "id": "node/3677359832"
    },
    {
      "type": "Feature",
      "properties": {
        "@id": "node/3993464461",
        "addr:city": "Ponte Buggianese",
        "addr:housenumber": "38",
        "addr:postcode": "51019",
        "addr:street": "Via del Popolo",
        "name": "Agraria Il Ponte",
        "shop": "garden_centre"
      },
      "geometry": {
        "type": "Point",
        "coordinates": [
          10.7481851,
          43.8384142
        ]
      },
      "id": "node/3993464461"
    },
    {
      "type": "Feature",
      "properties": {
        "@id": "node/4069714231",
        "name": "Vivai Panconi",
        "shop": "garden_centre",
        "website": "https://www.vivaipanconi.it/"
      },
      "geometry": {
        "type": "Point",
        "coordinates": [
          10.9109405,
          43.9134453
        ]
      },
      "id": "node/4069714231"
    },
    {
      "type": "Feature",
      "properties": {
        "@id": "node/4125439227",
        "name": "Rose Barni",
        "shop": "garden_centre"
      },
      "geometry": {
        "type": "Point",
        "coordinates": [
          10.9278374,
          43.9130414
        ]
      },
      "id": "node/4125439227"
    },
    {
      "type": "Feature",
      "properties": {
        "@id": "node/4285293179",
        "name": "Graziotti",
        "shop": "garden_centre"
      },
      "geometry": {
        "type": "Point",
        "coordinates": [
          12.0773259,
          43.5184449
        ]
      },
      "id": "node/4285293179"
    },
    {
      "type": "Feature",
      "properties": {
        "@id": "node/4313408701",
        "addr:city": "Anghiari",
        "addr:housenumber": "29",
        "addr:postcode": "52031",
        "addr:street": "Corso Giacomo Matteotti",
        "name": "Tutto - agricola",
        "shop": "garden_centre"
      },
      "geometry": {
        "type": "Point",
        "coordinates": [
          12.0529644,
          43.5405391
        ]
      },
      "id": "node/4313408701"
    },
    {
      "type": "Feature",
      "properties": {
        "@id": "node/4563497543",
        "addr:housenumber": "49",
        "addr:street": "Via Guglielmo Oberdan",
        "name": "Agricola Natali",
        "phone": "+39 0583 953638",
        "shop": "garden_centre",
        "trade": "agricultural_supplies",
        "website": "https://www.agricolanatali.com/"
      },
      "geometry": {
        "type": "Point",
        "coordinates": [
          10.5151185,
          43.8399524
        ]
      },
      "id": "node/4563497543"
    },
    {
      "type": "Feature",
      "properties": {
        "@id": "node/4608085669",
        "shop": "garden_centre"
      },
      "geometry": {
        "type": "Point",
        "coordinates": [
          10.9130918,
          43.9367347
        ]
      },
      "id": "node/4608085669"
    },
    {
      "type": "Feature",
      "properties": {
        "@id": "node/5096717796",
        "brand": "TuttoGiardino",
        "name": "Consorzio Agrario",
        "shop": "garden_centre"
      },
      "geometry": {
        "type": "Point",
        "coordinates": [
          11.2513009,
          42.7985359
        ]
      },
      "id": "node/5096717796"
    },
    {
      "type": "Feature",
      "properties": {
        "@id": "node/5110717929",
        "addr:city": "Pistoia",
        "addr:postcode": "51100",
        "addr:street": "Via Bonellina",
        "email": "info@mangonivivai.com",
        "name": "Società Agricola Mangoni Angelo e Alberto S.S.",
        "operator": "Società Agricola Mangoni Angelo e Alberto S.S.",
        "phone": "+39 0573 381645",
        "shop": "garden_centre",
        "website": "https://mangonivivai.com/"
      },
      "geometry": {
        "type": "Point",
        "coordinates": [
          10.9229168,
          43.9165776
        ]
      },
      "id": "node/5110717929"
    },
    {
      "type": "Feature",
      "properties": {
        "@id": "node/5118450921",
        "name": "Agrimarket",
        "shop": "garden_centre"
      },
      "geometry": {
        "type": "Point",
        "coordinates": [
          11.3634326,
          42.7906513
        ]
      },
      "id": "node/5118450921"
    },
    {
      "type": "Feature",
      "properties": {
        "@id": "node/5718191105",
        "name": "Consorzio Agrario",
        "opening_hours": "Mo,Tu,Th 08:30-12:30,14:30-17:30",
        "shop": "garden_centre"
      },
      "geometry": {
        "type": "Point",
        "coordinates": [
          11.1763405,
          43.5622993
        ]
      },
      "id": "node/5718191105"
    },
    {
      "type": "Feature",
      "properties": {
        "@id": "node/5870533274",
        "contact:phone": "+39 050 37397",
        "name": "I giardini di Filippi",
        "shop": "garden_centre",
        "website": "http://www.igiardinifilippi.it"
      },
      "geometry": {
        "type": "Point",
        "coordinates": [
          10.3047397,
          43.6346728
        ]
      },
      "id": "node/5870533274"
    },
    {
      "type": "Feature",
      "properties": {
        "@id": "node/6417431571",
        "shop": "garden_centre"
      },
      "geometry": {
        "type": "Point",
        "coordinates": [
          11.6017205,
          43.5603161
        ]
      },
      "id": "node/6417431571"
    },
    {
      "type": "Feature",
      "properties": {
        "@id": "node/6437366770",
        "name": "Giromagi",
        "shop": "garden_centre"
      },
      "geometry": {
        "type": "Point",
        "coordinates": [
          12.0136605,
          43.1919873
        ]
      },
      "id": "node/6437366770"
    },
    {
      "type": "Feature",
      "properties": {
        "@id": "node/6841962719",
        "addr:housenumber": "14",
        "addr:street": "Via di Badia",
        "name": "Giorgio Tesi Group",
        "shop": "garden_centre"
      },
      "geometry": {
        "type": "Point",
        "coordinates": [
          10.9548919,
          43.9098988
        ]
      },
      "id": "node/6841962719"
    },
    {
      "type": "Feature",
      "properties": {
        "@id": "node/7056584221",
        "addr:housenumber": "289",
        "addr:street": "Via Provinciale Vicarese",
        "name": "Falorni Ortoflorovivaistica",
        "phone": "+39 050 870021",
        "shop": "garden_centre"
      },
      "geometry": {
        "type": "Point",
        "coordinates": [
          10.45899,
          43.7265692
        ]
      },
      "id": "node/7056584221"
    },
    {
      "type": "Feature",
      "properties": {
        "@id": "node/7264865881",
        "name": "TuttoGiardino",
        "shop": "garden_centre"
      },
      "geometry": {
        "type": "Point",
        "coordinates": [
          10.5982593,
          43.0313456
        ]
      },
      "id": "node/7264865881"
    },
    {
      "type": "Feature",
      "properties": {
        "@id": "node/7293291850",
        "name": "Arteverde Garden",
        "shop": "garden_centre"
      },
      "geometry": {
        "type": "Point",
        "coordinates": [
          11.2873819,
          43.8318647
        ]
      },
      "id": "node/7293291850"
    },
    {
      "type": "Feature",
      "properties": {
        "@id": "node/7344374883",
        "name": "Vivaio Baldi Franco",
        "shop": "garden_centre"
      },
      "geometry": {
        "type": "Point",
        "coordinates": [
          10.9045027,
          43.8656105
        ]
      },
      "id": "node/7344374883"
    },
    {
      "type": "Feature",
      "properties": {
        "@id": "node/7576371721",
        "name": "tuttogiardino",
        "opening_hours": "Mo-Fr 08:00-12:30,15:00-19:00; Sa 08:00-12:30; Su off",
        "shop": "garden_centre"
      },
      "geometry": {
        "type": "Point",
        "coordinates": [
          10.9789335,
          42.8885695
        ]
      },
      "id": "node/7576371721"
    },
    {
      "type": "Feature",
      "properties": {
        "@id": "node/7654785293",
        "name": "Emporio SebGroup",
        "shop": "garden_centre"
      },
      "geometry": {
        "type": "Point",
        "coordinates": [
          10.063474,
          44.0438029
        ]
      },
      "id": "node/7654785293"
    },
    {
      "type": "Feature",
      "properties": {
        "@id": "node/8203882030",
        "name": "Agraria Cosimini Antonio",
        "shop": "garden_centre"
      },
      "geometry": {
        "type": "Point",
        "coordinates": [
          10.4116165,
          44.1079556
        ]
      },
      "id": "node/8203882030"
    },
    {
      "type": "Feature",
      "properties": {
        "@id": "node/8240313380",
        "description:it": "sede provvisoria del negozio",
        "level": "0",
        "name": "Ghiomelli",
        "shop": "garden_centre"
      },
      "geometry": {
        "type": "Point",
        "coordinates": [
          10.3401786,
          43.5572024
        ]
      },
      "id": "node/8240313380"
    },
    {
      "type": "Feature",
      "properties": {
        "@id": "node/8317057389",
        "name": "tuttoGiardino",
        "shop": "garden_centre"
      },
      "geometry": {
        "type": "Point",
        "coordinates": [
          10.7865545,
          42.9368892
        ]
      },
      "id": "node/8317057389"
    },
    {
      "type": "Feature",
      "properties": {
        "@id": "node/8317057390",
        "addr:city": "Follonica",
        "addr:housenumber": "611",
        "addr:postcode": "58022",
        "addr:street": "Via del Fonditore",
        "name": "Sementi Meozzi & Bazzechi",
        "shop": "garden_centre"
      },
      "geometry": {
        "type": "Point",
        "coordinates": [
          10.7857869,
          42.9362625
        ]
      },
      "id": "node/8317057390"
    },
    {
      "type": "Feature",
      "properties": {
        "@id": "node/8432083252",
        "addr:housenumber": "146",
        "addr:street": "Via Villamagna",
        "name": "Centro Agricolo Toscano",
        "opening_hours": "Mo-Sa 07:30-19:30",
        "phone": "+39 055 6530330",
        "shop": "garden_centre"
      },
      "geometry": {
        "type": "Point",
        "coordinates": [
          11.3013916,
          43.762291
        ]
      },
      "id": "node/8432083252"
    },
    {
      "type": "Feature",
      "properties": {
        "@id": "node/8747989175",
        "alt_name": "tuttoGiardino",
        "name": "tutto Giardino",
        "shop": "garden_centre"
      },
      "geometry": {
        "type": "Point",
        "coordinates": [
          10.6681718,
          42.9680691
        ]
      },
      "id": "node/8747989175"
    },
    {
      "type": "Feature",
      "properties": {
        "@id": "node/9569140223",
        "addr:city": "Pisa",
        "addr:housenumber": "218a",
        "addr:postcode": "56121",
        "addr:street": "Via Fiorentina",
        "name": "Verderame",
        "shop": "garden_centre",
        "website": "http://www.verderamesrl.com/"
      },
      "geometry": {
        "type": "Point",
        "coordinates": [
          10.4221716,
          43.7005849
        ]
      },
      "id": "node/9569140223"
    },
    {
      "type": "Feature",
      "properties": {
        "@id": "node/9718552466",
        "name": "Floricoltura Tempera",
        "shop": "garden_centre"
      },
      "geometry": {
        "type": "Point",
        "coordinates": [
          10.4436742,
          43.7141687
        ]
      },
      "id": "node/9718552466"
    },
    {
      "type": "Feature",
      "properties": {
        "@id": "node/9815339150",
        "name": "raggio di sole",
        "operator": "Cooperativa Agricola Pomonte",
        "shop": "garden_centre"
      },
      "geometry": {
        "type": "Point",
        "coordinates": [
          11.3332933,
          42.6868717
        ]
      },
      "id": "node/9815339150"
    },
    {
      "type": "Feature",
      "properties": {
        "@id": "node/10609176985",
        "name": "Oasi del Verde",
        "shop": "garden_centre"
      },
      "geometry": {
        "type": "Point",
        "coordinates": [
          10.525106,
          43.6079404
        ]
      },
      "id": "node/10609176985"
    },
    {
      "type": "Feature",
      "properties": {
        "@id": "node/10766660634",
        "name": "Azienda Agricola Freschi",
        "shop": "garden_centre"
      },
      "geometry": {
        "type": "Point",
        "coordinates": [
          10.4012798,
          43.7812208
        ]
      },
      "id": "node/10766660634"
    },
    {
      "type": "Feature",
      "properties": {
        "@id": "node/10809360796",
        "addr:city": "Marina di Grosseto",
        "addr:country": "IT",
        "addr:housenumber": "345",
        "addr:postcode": "58100",
        "addr:street": "Strada di Quercesecca",
        "name": "Garden Center",
        "operator": "Bischeri e Pastorelli",
        "shop": "garden_centre"
      },
      "geometry": {
        "type": "Point",
        "coordinates": [
          11.0167471,
          42.7227565
        ]
      },
      "id": "node/10809360796"
    },
    {
      "type": "Feature",
      "properties": {
        "@id": "node/10890037982",
        "opening_hours": "Mo-Sa 08:00-19:45; Su,PH 08:30-13:00,15:30-19:30",
        "shop": "garden_centre"
      },
      "geometry": {
        "type": "Point",
        "coordinates": [
          11.8344046,
          43.4268522
        ]
      },
      "id": "node/10890037982"
    },
    {
      "type": "Feature",
      "properties": {
        "@id": "node/10897715837",
        "shop": "garden_centre"
      },
      "geometry": {
        "type": "Point",
        "coordinates": [
          10.6823198,
          42.9789884
        ]
      },
      "id": "node/10897715837"
    },
    {
      "type": "Feature",
      "properties": {
        "@id": "node/11048252482",
        "name": "Consorzio Agrario",
        "shop": "garden_centre"
      },
      "geometry": {
        "type": "Point",
        "coordinates": [
          11.4638364,
          43.6288398
        ]
      },
      "id": "node/11048252482"
    },
    {
      "type": "Feature",
      "properties": {
        "@id": "node/11194827361",
        "addr:housenumber": "121",
        "addr:street": "Via Camilla Ravera",
        "name": "Il Giardino",
        "shop": "garden_centre"
      },
      "geometry": {
        "type": "Point",
        "coordinates": [
          10.4894391,
          43.6950302
        ]
      },
      "id": "node/11194827361"
    },
    {
      "type": "Feature",
      "properties": {
        "@id": "node/11359849616",
        "addr:city": "Siena",
        "addr:housenumber": "27",
        "addr:postcode": "53100",
        "addr:street": "Via delle Arti",
        "name": "Brico & Garden",
        "shop": "garden_centre",
        "website": "https://www.bricook.it/punto-vendita.php?pv=garden-ok-siena"
      },
      "geometry": {
        "type": "Point",
        "coordinates": [
          11.3591645,
          43.310613
        ]
      },
      "id": "node/11359849616"
    },
    {
      "type": "Feature",
      "properties": {
        "@id": "node/11506489802",
        "name": "Impronta Verde",
        "shop": "garden_centre"
      },
      "geometry": {
        "type": "Point",
        "coordinates": [
          10.4710246,
          43.7879075
        ]
      },
      "id": "node/11506489802"
    },
    {
      "type": "Feature",
      "properties": {
        "@id": "node/12262691928",
        "addr:city": "Pistoia",
        "addr:postcode": "51100",
        "addr:street": "Via del Nespolo",
        "name": "Biagioni Piante",
        "phone": "3338981813",
        "shop": "garden_centre"
      },
      "geometry": {
        "type": "Point",
        "coordinates": [
          10.9458422,
          43.914747
        ]
      },
      "id": "node/12262691928"
    },
    {
      "type": "Feature",
      "properties": {
        "@id": "node/12344572647",
        "name": "Mondo Rose",
        "shop": "garden_centre"
      },
      "geometry": {
        "type": "Point",
        "coordinates": [
          11.3830746,
          43.7897624
        ]
      },
      "id": "node/12344572647"
    },
    {
      "type": "Feature",
      "properties": {
        "@id": "node/12394897523",
        "shop": "garden_centre"
      },
      "geometry": {
        "type": "Point",
        "coordinates": [
          11.2403426,
          43.7978359
        ]
      },
      "id": "node/12394897523"
    },
    {
      "type": "Feature",
      "properties": {
        "@id": "node/12705943714",
        "name": "Zoo Mania",
        "shop": "garden_centre"
      },
      "geometry": {
        "type": "Point",
        "coordinates": [
          10.2821092,
          43.8250591
        ]
      },
      "id": "node/12705943714"
    },
    {
      "type": "Feature",
      "properties": {
        "@id": "node/12840297022",
        "addr:country": "IT",
        "addr:housenumber": "8",
        "addr:postcode": "54011",
        "addr:street": "SS63",
        "contact:facebook": "https://www.facebook.com/109560537213434",
        "garden_centre": "plants;seeds;flowers;tools;gifts;fertiliser",
        "name": "Iperfrutta Aullese",
        "phone": "+390187421582",
        "shop": "garden_centre"
      },
      "geometry": {
        "type": "Point",
        "coordinates": [
          9.9893102,
          44.2018059
        ]
      },
      "id": "node/12840297022"
    },
    {
      "type": "Feature",
      "properties": {
        "@id": "node/12987456895",
        "name": "Piante Angeli",
        "shop": "garden_centre"
      },
      "geometry": {
        "type": "Point",
        "coordinates": [
          10.1952332,
          43.9577256
        ]
      },
      "id": "node/12987456895"
    },
    {
      "type": "Feature",
      "properties": {
        "@id": "node/13063554853",
        "shop": "garden_centre"
      },
      "geometry": {
        "type": "Point",
        "coordinates": [
          11.3229396,
          43.3042325
        ]
      },
      "id": "node/13063554853"
    },
    {
      "type": "Feature",
      "properties": {
        "@id": "node/13136989428",
        "name": "Vivaio Il Giardiniere",
        "shop": "garden_centre"
      },
      "geometry": {
        "type": "Point",
        "coordinates": [
          11.2651154,
          43.7881436
        ]
      },
      "id": "node/13136989428"
    },
    {
      "type": "Feature",
      "properties": {
        "@id": "node/13321427678",
        "name": "Agraria",
        "shop": "garden_centre"
      },
      "geometry": {
        "type": "Point",
        "coordinates": [
          10.4754833,
          43.5934596
        ]
      },
      "id": "node/13321427678"
    }
  ]
}